number,value,params_lambda_prior,params_ucb_alpha,params_window_size,user_attrs_bandit_consulted_ratio_overall,user_attrs_constraints_values,user_attrs_cv_finite_objective,user_attrs_cv_min_symbol_trades,user_attrs_decision_point_ratio_overall,user_attrs_dro_alpha,user_attrs_dro_minimax_max,user_attrs_dro_minimax_mean,user_attrs_dro_minimax_median,user_attrs_dro_minimax_min,user_attrs_dro_minimax_std,user_attrs_dro_pure_min_mean,user_attrs_dro_pure_min_median,user_attrs_dro_pure_min_std,user_attrs_forced_singleton_ratio_overall,user_attrs_full_mean_aggregate_median,user_attrs_h1_mean_aggregate_median,user_attrs_h2_mean_aggregate_median,user_attrs_mean_holding_bars_overall,user_attrs_median_holding_bars_overall,user_attrs_median_max_drawdown_abs,user_attrs_median_min_symbol_trades,user_attrs_median_profit_factor,user_attrs_median_time_between_entries_overall,user_attrs_median_total_trades,user_attrs_memory_horizon_bars,user_attrs_n_seeds,user_attrs_objective_metric_name,user_attrs_objective_score,user_attrs_observed_dro_minimax_median,user_attrs_observed_dro_pure_min_median,user_attrs_observed_median_max_drawdown_abs,user_attrs_observed_median_min_symbol_trades,user_attrs_observed_median_profit_factor,user_attrs_observed_median_total_trades,user_attrs_p25_holding_bars_overall,user_attrs_p75_holding_bars_overall,user_attrs_pending_update_queued_ratio_overall,user_attrs_seeds_used,user_attrs_share_trades_closed_after_horizon_overall,user_attrs_share_trades_closed_before_horizon_overall,user_attrs_valid,state
0,-4.29650281762491,1.0,0.1,325,0.6745,"[-102.0, 0.0]",0.0,-102.0,0.6745,0.5,-4.29650281762491,-4.29650281762491,-4.29650281762491,-4.29650281762491,0.0,-5.583395602615575,-5.583395602615575,0.0,0.3255,-6.022379762334033,-0.43582446265291913,-5.583395602615575,6.631578947368421,4.0,10.217098523029255,152.0,0.7104841890035424,8.0,528.0,325.0,1,dro_minimax_median,-4.29650281762491,-4.29650281762491,-5.583395602615575,10.217098523029255,152.0,0.7104841890035424,528.0,4.0,5.0,0.673,3142,0.1513157894736842,0.8486842105263158,True,COMPLETE
1,-4.670547522398673,10.849298953354761,0.04743552925961268,275,0.6765,"[-105.0, 0.0]",0.0,-105.0,0.6765,0.5,-4.670547522398673,-4.670547522398673,-4.670547522398673,-4.670547522398673,0.0,-5.473573836281086,-5.473573836281086,0.0,0.3235,-7.599081717401901,-2.261468580751432,-5.473573836281086,6.548387096774194,4.0,11.74627440587278,155.0,0.6218169017062083,8.0,481.0,275.0,1,dro_minimax_median,-4.670547522398673,-4.670547522398673,-5.473573836281086,11.74627440587278,155.0,0.6218169017062083,481.0,4.0,6.0,0.6735,3142,0.14285714285714285,0.8571428571428571,True,COMPLETE
2,-3.850686692495146,1.391787756481205,0.005020523174778083,350,0.6585,"[-82.0, 0.0]",0.0,-82.0,0.6585,0.5,-3.850686692495146,-3.850686692495146,-3.850686692495146,-3.850686692495146,0.0,-4.722259676122472,-4.722259676122472,0.0,0.3415,-5.816777078945926,-1.235967741613168,-4.722259676122472,5.9,4.0,11.123585338307551,132.0,0.6604935477306917,7.0,484.0,350.0,1,dro_minimax_median,-3.850686692495146,-3.850686692495146,-4.722259676122472,11.123585338307551,132.0,0.6604935477306917,484.0,4.0,4.0,0.655,3142,0.1,0.9,True,COMPLETE
3,-3.4015410357564746,6.117025522674068,0.011290461803700183,250,0.7205,"[-88.0, 0.0]",0.0,-88.0,0.7205,0.5,-3.4015410357564746,-3.4015410357564746,-3.4015410357564746,-3.4015410357564746,0.0,-4.187434332243856,-4.187434332243856,0.0,0.27949999999999997,-5.181641346057238,-1.04386114629433,-4.187434332243856,7.571428571428571,4.0,9.36571718667808,138.0,0.697623788646421,10.0,417.0,250.0,1,dro_minimax_median,-3.4015410357564746,-3.4015410357564746,-4.187434332243856,9.36571718667808,138.0,0.697623788646421,417.0,4.0,7.0,0.7175,3142,0.19285714285714287,0.8071428571428572,True,COMPLETE
4,-3.5592237622290233,2.825279658780465,0.005577587269233879,450,0.672,"[-89.0, 0.0]",0.0,-89.0,0.672,0.5,-3.5592237622290233,-3.5592237622290233,-3.5592237622290233,-3.5592237622290233,0.0,-4.466514797714933,-4.466514797714933,0.0,0.32799999999999996,-5.254413387865649,-0.8373506557712925,-4.466514797714933,6.012195121951219,4.0,8.993604352959272,139.0,0.7263433758222322,9.0,471.0,450.0,1,dro_minimax_median,-3.5592237622290233,-3.5592237622290233,-4.466514797714933,8.993604352959272,139.0,0.7263433758222322,471.0,4.0,5.0,0.669,3142,0.12195121951219512,0.8780487804878049,True,COMPLETE
5,-6.239443060695626,2.068236356427619,0.04988514469775409,225,0.6475,"[-121.0, 0.0]",0.0,-121.0,0.6475,0.5,-6.239443060695626,-6.239443060695626,-6.239443060695626,-6.239443060695626,0.0,-7.045927290380246,-7.045927290380246,0.0,0.35250000000000004,-10.62712506708281,-3.8199903716417682,-7.045927290380246,5.920454545454546,4.0,14.464653998686094,171.0,0.6017612025928762,7.0,529.0,225.0,1,dro_minimax_median,-6.239443060695626,-6.239443060695626,-7.045927290380246,14.464653998686094,171.0,0.6017612025928762,529.0,4.0,5.0,0.6455,3142,0.1043956043956044,0.8956043956043956,True,COMPLETE
6,-6.1145243735814425,2.1146024497025016,0.006235003999783108,400,0.616,"[-114.0, 0.0]",0.0,-114.0,0.616,0.5,-6.1145243735814425,-6.1145243735814425,-6.1145243735814425,-6.1145243735814425,0.0,-7.48860299492812,-7.48860299492812,0.0,0.384,-9.317397873715157,-1.9922885095414102,-7.48860299492812,5.0256410256410255,4.0,11.512357752235058,164.0,0.6795377193779187,7.0,551.0,400.0,1,dro_minimax_median,-6.1145243735814425,-6.1145243735814425,-7.48860299492812,11.512357752235058,164.0,0.6795377193779187,551.0,4.0,4.0,0.611,3142,0.05641025641025641,0.9435897435897436,True,COMPLETE
7,-3.2750543631262787,10.570638336996952,0.02372545702135237,350,0.681,"[-95.0, 0.0]",0.0,-95.0,0.681,0.5,-3.2750543631262787,-3.2750543631262787,-3.2750543631262787,-3.2750543631262787,0.0,-3.537086027557198,-3.537086027557198,0.0,0.31899999999999995,-5.923259278757101,-3.537086027557198,-2.488959369833521,6.490566037735849,4.0,9.284419519341814,145.0,0.763677236051391,8.0,468.0,350.0,1,dro_minimax_median,-3.2750543631262787,-3.2750543631262787,-3.537086027557198,9.284419519341814,145.0,0.763677236051391,468.0,4.0,5.0,0.679,3142,0.11949685534591195,0.8805031446540881,True,COMPLETE
8,-3.806679283315473,4.95612888468418,0.021074635636296444,200,0.6605,"[-112.0, 0.0]",0.0,-112.0,0.6605,0.5,-3.806679283315473,-3.806679283315473,-3.806679283315473,-3.806679283315473,0.0,-3.8473070351270273,-3.8473070351270273,0.0,0.3395,-7.392663610204075,-3.6847960278808096,-3.8473070351270273,5.958579881656805,4.0,9.103834449270398,162.0,0.6826454710161841,7.0,511.0,200.0,1,dro_minimax_median,-3.806679283315473,-3.806679283315473,-3.8473070351270273,9.103834449270398,162.0,0.6826454710161841,511.0,4.0,5.0,0.659,3142,0.1242603550295858,0.8757396449704142,True,COMPLETE
9,-4.718247918938589,4.967208533643981,0.018175600264839935,325,0.6225,"[-113.0, 0.0]",0.0,-113.0,0.6225,0.5,-4.718247918938589,-4.718247918938589,-4.718247918938589,-4.718247918938589,0.0,-5.4043818772258945,-5.4043818772258945,0.0,0.37749999999999995,-7.849487527685249,-2.659846044076671,-5.4043818772258945,5.420512820512821,4.0,8.522506169856614,163.0,0.7502626100234459,8.0,547.0,325.0,1,dro_minimax_median,-4.718247918938589,-4.718247918938589,-5.4043818772258945,8.522506169856614,163.0,0.7502626100234459,547.0,4.0,5.0,0.6195,3142,0.08465608465608465,0.9153439153439153,True,COMPLETE
10,-4.234928554444327,8.959279011624766,0.0378322889888874,450,0.685,"[-91.0, 0.0]",0.0,-91.0,0.685,0.5,-4.234928554444327,-4.234928554444327,-4.234928554444327,-4.234928554444327,0.0,-5.45750694905115,-5.45750694905115,0.0,0.31499999999999995,-5.97484333223715,-0.5671933706238567,-5.45750694905115,6.057324840764331,4.0,10.009814115251903,141.0,0.7391763646746684,8.0,502.0,450.0,1,dro_minimax_median,-4.234928554444327,-4.234928554444327,-5.45750694905115,10.009814115251903,141.0,0.7391763646746684,502.0,4.0,6.0,0.683,3142,0.12101910828025478,0.8789808917197452,True,COMPLETE
11,-4.598884323743059,20.76354274517108,0.006921630229851086,275,0.712,"[-81.0, 0.0]",0.0,-81.0,0.712,0.5,-4.598884323743059,-4.598884323743059,-4.598884323743059,-4.598884323743059,0.0,-5.842738139923724,-5.842738139923724,0.0,0.28800000000000003,-6.682549855136255,-0.8673228752010634,-5.842738139923724,7.020833333333333,4.0,10.541606586818041,131.0,0.6686309011281693,8.0,436.0,275.0,1,dro_minimax_median,-4.598884323743059,-4.598884323743059,-5.842738139923724,10.541606586818041,131.0,0.6686309011281693,436.0,4.0,5.25,0.7095,3142,0.16666666666666666,0.8333333333333334,True,COMPLETE
12,-7.06565999469713,3.863314672655633,0.007725624295114384,200,0.6805,"[-107.0, 0.0]",0.0,-107.0,0.6805,0.5,-7.06565999469713,-7.06565999469713,-7.06565999469713,-7.06565999469713,0.0,-8.308181335952618,-8.308181335952618,0.0,0.3195,-11.34799350235996,-3.3380959709306652,-8.308181335952618,6.515923566878981,4.0,14.697547768285046,157.0,0.5652716935679035,7.0,496.0,200.0,1,dro_minimax_median,-7.06565999469713,-7.06565999469713,-8.308181335952618,14.697547768285046,157.0,0.5652716935679035,496.0,4.0,5.0,0.6775,3142,0.11666666666666667,0.8833333333333333,True,COMPLETE
13,-3.4254279650304404,23.53536651648136,0.03340586980430662,325,0.6945,"[-90.0, 0.0]",0.0,-90.0,0.6945,0.5,-3.4254279650304404,-3.4254279650304404,-3.4254279650304404,-3.4254279650304404,0.0,-4.1293662161545175,-4.1293662161545175,0.0,0.3055,-5.3750423269800836,-1.3136132116582082,-4.1293662161545175,7.322368421052632,4.0,9.700126715582213,140.0,0.7229494053762905,8.0,451.0,325.0,1,dro_minimax_median,-3.4254279650304404,-3.4254279650304404,-4.1293662161545175,9.700126715582213,140.0,0.7229494053762905,451.0,4.0,6.5,0.6915,3142,0.15789473684210525,0.8421052631578947,True,COMPLETE
14,-5.431549522516873,0.5281347613615647,0.010616500750646189,175,0.68,"[-109.0, 0.0]",0.0,-109.0,0.68,0.5,-5.431549522516873,-5.431549522516873,-5.431549522516873,-5.431549522516873,0.0,-6.69565240349338,-6.69565240349338,0.0,0.31999999999999995,-8.198307035116715,-1.6392408795873523,-6.69565240349338,6.28125,4.0,10.250288205960578,159.0,0.686516100240907,8.0,496.0,175.0,1,dro_minimax_median,-5.431549522516873,-5.431549522516873,-6.69565240349338,10.250288205960578,159.0,0.686516100240907,496.0,4.0,5.0,0.677,3142,0.13125,0.86875,True,COMPLETE
15,-3.971208058259255,5.2291982868235065,0.06573733891120247,350,0.6445,"[-98.0, 0.0]",0.0,-98.0,0.6445,0.5,-3.971208058259255,-3.971208058259255,-3.971208058259255,-3.971208058259255,0.0,-5.043987857361676,-5.043987857361676,0.0,0.35550000000000004,-5.7285927584417635,-0.7528686609519922,-5.043987857361676,5.629213483146067,4.0,10.881885422850468,148.0,0.6800140618544223,7.0,525.0,350.0,1,dro_minimax_median,-3.971208058259255,-3.971208058259255,-5.043987857361676,10.881885422850468,148.0,0.6800140618544223,525.0,4.0,4.0,0.642,3142,0.09550561797752809,0.9044943820224719,True,COMPLETE
16,-3.6370710791192984,8.746587992646228,0.005355711898402417,350,0.6505,"[-99.0, 0.0]",0.0,-99.0,0.6505,0.5,-3.6370710791192984,-3.6370710791192984,-3.6370710791192984,-3.6370710791192984,0.0,-4.416843437077426,-4.416843437077426,0.0,0.34950000000000003,-5.628909259424446,-1.2977540052449148,-4.416843437077426,5.473118279569892,4.0,8.667875747046761,149.0,0.7196329196272955,7.0,510.0,350.0,1,dro_minimax_median,-3.6370710791192984,-3.6370710791192984,-4.416843437077426,8.667875747046761,149.0,0.7196329196272955,510.0,4.0,5.0,0.649,3142,0.08571428571428572,0.9142857142857143,True,COMPLETE
17,-4.174404946557569,29.57323699119278,0.012708948669477183,175,0.7465,"[-58.0, 0.0]",0.0,-58.0,0.7465,0.5,-4.174404946557569,-4.174404946557569,-4.174404946557569,-4.174404946557569,0.0,-4.778275744187591,-4.778275744187591,0.0,0.25349999999999995,-7.00157953880673,-2.362792553667503,-4.778275744187591,7.984251968503937,4.0,8.94103538971306,108.0,0.6888309029293841,11.0,369.0,175.0,1,dro_minimax_median,-4.174404946557569,-4.174404946557569,-4.778275744187591,8.94103538971306,108.0,0.6888309029293841,369.0,4.0,8.0,0.7435,3142,0.2204724409448819,0.7795275590551181,True,COMPLETE
18,-4.319506029476332,1.1372454488917456,0.03254687396040987,450,0.6405,"[-110.0, 0.0]",0.0,-110.0,0.6405,0.5,-4.319506029476332,-4.319506029476332,-4.319506029476332,-4.319506029476332,0.0,-5.563919756587779,-5.563919756587779,0.0,0.35950000000000004,-6.10132919305602,-0.5862648481419893,-5.563919756587779,5.932960893854749,4.0,9.914948593975737,160.0,0.7700194752778022,7.0,544.0,450.0,1,dro_minimax_median,-4.319506029476332,-4.319506029476332,-5.563919756587779,9.914948593975737,160.0,0.7700194752778022,544.0,4.0,5.0,0.639,3142,0.0893854748603352,0.9106145251396648,True,COMPLETE
19,-4.156303196158322,17.07751727952311,0.006720451520221936,450,0.668,"[-84.0, 0.0]",0.0,-84.0,0.668,0.5,-4.156303196158322,-4.156303196158322,-4.156303196158322,-4.156303196158322,0.0,-5.086745212480836,-5.086745212480836,0.0,0.33199999999999996,-6.358411433911793,-1.3649771471907786,-5.086745212480836,5.525714285714286,4.0,9.967210881017285,134.0,0.6480345735073728,7.0,475.0,450.0,1,dro_minimax_median,-4.156303196158322,-4.156303196158322,-5.086745212480836,9.967210881017285,134.0,0.6480345735073728,475.0,4.0,5.0,0.663,3142,0.09036144578313253,0.9096385542168675,True,COMPLETE
20,-4.648751855859129,15.818863224915587,0.15008569556321325,350,0.609,"[-103.0, 0.0]",0.0,-103.0,0.609,0.5,-4.648751855859129,-4.648751855859129,-4.648751855859129,-4.648751855859129,0.0,-5.921596865494153,-5.921596865494153,0.0,0.391,-6.6913916500153094,-0.8302168269540592,-5.921596865494153,5.589743589743589,4.0,7.251306261767166,153.0,0.7284780118908271,7.0,549.0,350.0,1,dro_minimax_median,-4.648751855859129,-4.648751855859129,-5.921596865494153,7.251306261767166,153.0,0.7284780118908271,549.0,4.0,5.0,0.607,3142,0.09230769230769231,0.9076923076923077,True,COMPLETE
21,-4.290354312101668,29.24961121467284,0.022827501971548862,325,0.7245,"[-81.0, 0.0]",0.0,-81.0,0.7245,0.5,-4.290354312101668,-4.290354312101668,-4.290354312101668,-4.290354312101668,0.0,-5.617202312328281,-5.617202312328281,0.0,0.27549999999999997,-5.940854395920965,-0.3098103114218283,-5.617202312328281,7.877862595419847,4.0,9.171869161649127,131.0,0.6930146618491448,10.0,418.0,325.0,1,dro_minimax_median,-4.290354312101668,-4.290354312101668,-5.617202312328281,9.171869161649127,131.0,0.6930146618491448,418.0,4.0,7.0,0.7215,3142,0.1897810218978102,0.8102189781021898,True,COMPLETE
22,-3.4795177742861982,22.801667323540656,0.04653880178508754,325,0.692,"[-76.0, 0.0]",0.0,-76.0,0.692,0.5,-3.4795177742861982,-3.4795177742861982,-3.4795177742861982,-3.4795177742861982,0.0,-4.94436031856699,-4.94436031856699,0.0,0.30800000000000005,-4.074798923376,0.915009858556178,-4.94436031856699,6.822784810126582,4.0,7.9584155384763715,126.0,0.7288101690118666,9.0,438.0,325.0,1,dro_minimax_median,-3.4795177742861982,-3.4795177742861982,-4.94436031856699,7.9584155384763715,126.0,0.7288101690118666,438.0,4.0,6.0,0.6895,3142,0.14285714285714285,0.8571428571428571,True,COMPLETE
23,-4.353073355641005,21.42805881344105,0.03436679317664071,400,0.699,"[-82.0, 0.0]",0.0,-82.0,0.699,0.5,-4.353073355641005,-4.353073355641005,-4.353073355641005,-4.353073355641005,0.0,-5.454998871792597,-5.454998871792597,0.0,0.30100000000000005,-6.366522373442507,-1.0472968071862265,-5.454998871792597,6.56,4.0,7.658340641491357,132.0,0.8186734830468969,8.0,468.0,400.0,1,dro_minimax_median,-4.353073355641005,-4.353073355641005,-5.454998871792597,7.658340641491357,132.0,0.8186734830468969,468.0,4.0,5.0,0.695,3142,0.14666666666666667,0.8533333333333334,True,COMPLETE
24,-4.202562524701902,12.75100465683098,0.02085875763361365,375,0.684,"[-95.0, 0.0]",0.0,-95.0,0.684,0.5,-4.202562524701902,-4.202562524701902,-4.202562524701902,-4.202562524701902,0.0,-5.008624055075642,-5.008624055075642,0.0,0.31599999999999995,-6.68472035061269,-1.7843779335806793,-5.008624055075642,6.120253164556962,4.0,9.707448912678618,145.0,0.6353893061886322,8.0,476.0,375.0,1,dro_minimax_median,-4.202562524701902,-4.202562524701902,-5.008624055075642,9.707448912678618,145.0,0.6353893061886322,476.0,4.0,5.75,0.68,3142,0.13793103448275862,0.8620689655172413,True,COMPLETE
25,-4.62516206433691,8.083254146934374,0.010067910591979316,275,0.7065,"[-89.0, 0.0]",0.0,-89.0,0.7065,0.5,-4.62516206433691,-4.62516206433691,-4.62516206433691,-4.62516206433691,0.0,-5.68859979155264,-5.68859979155264,0.0,0.2935,-7.1063077414342635,-1.4348488826897172,-5.68859979155264,7.410071942446043,4.0,10.362024831173333,139.0,0.6351399815954761,8.5,443.0,275.0,1,dro_minimax_median,-4.62516206433691,-4.62516206433691,-5.68859979155264,10.362024831173333,139.0,0.6351399815954761,443.0,4.0,6.0,0.7035,3142,0.1917808219178082,0.8082191780821918,True,COMPLETE
26,-3.5790722398860346,16.069020245862035,0.021405627398147473,250,0.668,"[-86.0, 0.0]",0.0,-86.0,0.668,0.5,-3.5790722398860346,-3.5790722398860346,-3.5790722398860346,-3.5790722398860346,0.0,-4.078589288644248,-4.078589288644248,0.0,0.33199999999999996,-6.082658527945221,-2.0805210936113947,-4.078589288644248,6.22289156626506,4.0,10.659073164309907,136.0,0.650125736481233,8.0,470.0,250.0,1,dro_minimax_median,-3.5790722398860346,-3.5790722398860346,-4.078589288644248,10.659073164309907,136.0,0.650125736481233,470.0,4.0,5.0,0.6655,3142,0.14285714285714285,0.8571428571428571,True,COMPLETE
27,-4.717435173743712,13.410734860713932,0.12074011428428347,175,0.676,"[-67.0, 0.0]",0.0,-67.0,0.676,0.5,-4.717435173743712,-4.717435173743712,-4.717435173743712,-4.717435173743712,0.0,-5.5727501345715424,-5.5727501345715424,0.0,0.32399999999999995,-7.567556820772477,-2.15149029126022,-5.5727501345715424,6.506172839506172,4.0,12.34508136989919,117.0,0.6909624726487406,8.0,454.0,175.0,1,dro_minimax_median,-4.717435173743712,-4.717435173743712,-5.5727501345715424,12.34508136989919,117.0,0.6909624726487406,454.0,4.0,6.0,0.6745,3142,0.17901234567901234,0.8209876543209876,True,COMPLETE
28,-2.7836380115429478,7.670810302357611,0.019996670930735004,300,0.6785,"[-98.0, 0.0]",0.0,-98.0,0.6785,0.5,-2.7836380115429478,-2.7836380115429478,-2.7836380115429478,-2.7836380115429478,0.0,-3.518769716312176,-3.518769716312176,0.0,0.3215,-4.107363919297701,-0.578242897235263,-3.518769716312176,6.4,4.0,8.068946448000258,148.0,0.7782145959069884,8.0,475.0,300.0,1,dro_minimax_median,-2.7836380115429478,-2.7836380115429478,-3.518769716312176,8.068946448000258,148.0,0.7782145959069884,475.0,4.0,5.0,0.677,3142,0.125,0.875,True,COMPLETE
29,-4.21791406481654,2.065836362803835,0.015669982883678216,300,0.6505,"[-109.0, 0.0]",0.0,-109.0,0.6505,0.5,-4.21791406481654,-4.21791406481654,-4.21791406481654,-4.21791406481654,0.0,-4.916918896062302,-4.916918896062302,0.0,0.34950000000000003,-6.937337128161814,-2.120899571079256,-4.916918896062302,5.962264150943396,4.0,10.168895004433832,159.0,0.7019622380846722,8.0,511.0,300.0,1,dro_minimax_median,-4.21791406481654,-4.21791406481654,-4.916918896062302,10.168895004433832,159.0,0.7019622380846722,511.0,4.0,5.0,0.649,3142,0.1069182389937107,0.8930817610062893,True,COMPLETE
30,-4.966947441345804,4.605260805417043,0.01640323601735286,400,0.6525,"[-96.0, 0.0]",0.0,-96.0,0.6525,0.5,-4.966947441345804,-4.966947441345804,-4.966947441345804,-4.966947441345804,0.0,-6.469711645604051,-6.469711645604051,0.0,0.34750000000000003,-6.874716865900919,-0.458654828571059,-6.469711645604051,5.528735632183908,4.0,10.345478970761668,146.0,0.6949355950691036,7.0,512.0,400.0,1,dro_minimax_median,-4.966947441345804,-4.966947441345804,-6.469711645604051,10.345478970761668,146.0,0.6949355950691036,512.0,4.0,5.0,0.6475,3142,0.10919540229885058,0.8908045977011494,True,COMPLETE
31,-3.122093598388159,8.252745261251428,0.02653166927782362,300,0.7005,"[-94.0, 0.0]",0.0,-94.0,0.7005,0.5,-3.122093598388159,-3.122093598388159,-3.122093598388159,-3.122093598388159,0.0,-3.736383281363731,-3.736383281363731,0.0,0.2995,-4.9862412900375075,-1.279224549461444,-3.736383281363731,6.587096774193548,4.0,9.463677870799048,144.0,0.7545198487802198,8.0,449.0,300.0,1,dro_minimax_median,-3.122093598388159,-3.122093598388159,-3.736383281363731,9.463677870799048,144.0,0.7545198487802198,449.0,4.0,6.0,0.697,3142,0.14666666666666667,0.8533333333333334,True,COMPLETE
32,-3.80496898408051,6.478163306795915,0.020859442318532203,300,0.682,"[-98.0, 0.0]",0.0,-98.0,0.682,0.5,-3.80496898408051,-3.80496898408051,-3.80496898408051,-3.80496898408051,0.0,-5.310460490333365,-5.310460490333365,0.0,0.31799999999999995,-4.616961254072586,0.7115055346780549,-5.310460490333365,6.422360248447205,4.0,10.098999386325836,148.0,0.7773455495426465,8.5,468.0,300.0,1,dro_minimax_median,-3.80496898408051,-3.80496898408051,-5.310460490333365,10.098999386325836,148.0,0.7773455495426465,468.0,4.0,6.0,0.6795,3142,0.13043478260869565,0.8695652173913043,True,COMPLETE
33,-3.563536909287623,1.8438679325562353,0.15713700722581825,425,0.6305,"[-120.0, 0.0]",0.0,-120.0,0.6305,0.5,-3.563536909287623,-3.563536909287623,-3.563536909287623,-3.563536909287623,0.0,-4.289850999885821,-4.289850999885821,0.0,0.36950000000000005,-5.5917183557875,-1.3845946374930307,-4.289850999885821,5.592391304347826,4.0,6.620437594972617,170.0,0.8046829110578868,7.0,563.0,425.0,1,dro_minimax_median,-3.563536909287623,-3.563536909287623,-4.289850999885821,6.620437594972617,170.0,0.8046829110578868,563.0,4.0,4.0,0.629,3142,0.09411764705882353,0.9058823529411765,True,COMPLETE
34,-3.1668335213338343,5.746696818631744,0.036162091207945946,300,0.6865,"[-93.0, 0.0]",0.0,-93.0,0.6865,0.5,-3.1668335213338343,-3.1668335213338343,-3.1668335213338343,-3.1668335213338343,0.0,-3.6331392929926634,-3.6331392929926634,0.0,0.3135,-5.345526652314326,-1.7679162063573486,-3.6331392929926634,6.229299363057325,4.0,7.793790365962739,143.0,0.7061787205032349,8.0,479.0,300.0,1,dro_minimax_median,-3.1668335213338343,-3.1668335213338343,-3.6331392929926634,7.793790365962739,143.0,0.7061787205032349,479.0,4.0,6.0,0.684,3142,0.13966480446927373,0.8603351955307262,True,COMPLETE
35,-4.624408304353261,5.261538787110491,0.05053476221727903,275,0.65,"[-111.0, 0.0]",0.0,-111.0,0.65,0.5,-4.624408304353261,-4.624408304353261,-4.624408304353261,-4.624408304353261,0.0,-5.723333983303166,-5.723333983303166,0.0,0.35,-6.952553262045799,-1.3276312675035447,-5.723333983303166,5.926966292134831,4.0,11.157046936476966,161.0,0.6693018308535165,7.0,514.0,275.0,1,dro_minimax_median,-4.624408304353261,-4.624408304353261,-5.723333983303166,11.157046936476966,161.0,0.6693018308535165,514.0,4.0,5.0,0.6475,3142,0.12921348314606743,0.8707865168539326,True,COMPLETE
36,-4.3194034391226825,4.080031384705151,0.034454454483559584,350,0.6295,"[-109.0, 0.0]",0.0,-109.0,0.6295,0.5,-4.3194034391226825,-4.3194034391226825,-4.3194034391226825,-4.3194034391226825,0.0,-5.326509850524745,-5.326509850524745,0.0,0.37050000000000005,-6.528092691202883,-1.2980842049164945,-5.326509850524745,5.221621621621622,4.0,8.887784067282833,159.0,0.7765322599017437,7.0,550.0,350.0,1,dro_minimax_median,-4.3194034391226825,-4.3194034391226825,-5.326509850524745,8.887784067282833,159.0,0.7765322599017437,550.0,4.0,4.0,0.625,3142,0.0918918918918919,0.9081081081081082,True,COMPLETE
37,-3.5836930574884165,8.77885797861586,0.026321855500989574,300,0.6925,"[-88.0, 0.0]",0.0,-88.0,0.6925,0.5,-3.5836930574884165,-3.5836930574884165,-3.5836930574884165,-3.5836930574884165,0.0,-4.68677378706455,-4.68677378706455,0.0,0.3075,-4.96424879911865,-0.27445086876001595,-4.68677378706455,6.37012987012987,4.0,8.108217938078898,138.0,0.7453701388647551,8.0,458.0,300.0,1,dro_minimax_median,-3.5836930574884165,-3.5836930574884165,-4.68677378706455,8.108217938078898,138.0,0.7453701388647551,458.0,4.0,6.0,0.689,3142,0.13636363636363635,0.8636363636363636,True,COMPLETE
38,-3.270931308560825,8.086319451086647,0.030311534550920744,325,0.6745,"[-106.0, 0.0]",0.0,-106.0,0.6745,0.5,-3.270931308560825,-3.270931308560825,-3.270931308560825,-3.270931308560825,0.0,-4.169098649437616,-4.169098649437616,0.0,0.3255,-4.698065702066516,-0.576429285930454,-4.169098649437616,6.481481481481482,4.0,9.476507095960251,156.0,0.6997288438209097,8.0,485.0,325.0,1,dro_minimax_median,-3.270931308560825,-3.270931308560825,-4.169098649437616,9.476507095960251,156.0,0.6997288438209097,485.0,4.0,5.0,0.673,3142,0.1346153846153846,0.8653846153846154,True,COMPLETE
39,-4.294172941086786,9.448908385993185,0.054167291112627323,275,0.702,"[-92.0, 0.0]",0.0,-92.0,0.702,0.5,-4.294172941086786,-4.294172941086786,-4.294172941086786,-4.294172941086786,0.0,-5.354150968787304,-5.354150968787304,0.0,0.29800000000000004,-6.398777191629516,-1.1142388579852318,-5.354150968787304,6.738255033557047,4.0,9.084582267507512,142.0,0.741568491697382,8.0,467.0,275.0,1,dro_minimax_median,-4.294172941086786,-4.294172941086786,-5.354150968787304,9.084582267507512,142.0,0.741568491697382,467.0,4.0,6.0,0.6995,3142,0.14204545454545456,0.8579545454545454,True,COMPLETE
40,-4.606287327565376,0.5943075074391344,0.13785591954760007,300,0.6345,"[-110.0, 0.0]",0.0,-110.0,0.6345,0.5,-4.606287327565376,-4.606287327565376,-4.606287327565376,-4.606287327565376,0.0,-5.625467933702048,-5.625467933702048,0.0,0.36550000000000005,-7.071724625607508,-1.5487455091553617,-5.625467933702048,5.708791208791209,4.0,8.231696927815591,160.0,0.7318125003786375,7.0,551.0,300.0,1,dro_minimax_median,-4.606287327565376,-4.606287327565376,-5.625467933702048,8.231696927815591,160.0,0.7318125003786375,551.0,4.0,5.0,0.6315,3142,0.11538461538461539,0.8846153846153846,True,COMPLETE
41,-4.695481987031954,6.983058878137671,0.03560854274599744,350,0.666,"[-98.0, 0.0]",0.0,-98.0,0.666,0.5,-4.695481987031954,-4.695481987031954,-4.695481987031954,-4.695481987031954,0.0,-5.612836597174083,-5.612836597174083,0.0,0.33399999999999996,-7.427266076982709,-1.943418156605566,-5.612836597174083,6.544910179640719,4.0,11.010915098935337,148.0,0.6603930097601588,7.0,490.0,350.0,1,dro_minimax_median,-4.695481987031954,-4.695481987031954,-5.612836597174083,11.010915098935337,148.0,0.6603930097601588,490.0,4.0,5.0,0.664,3142,0.1437125748502994,0.8562874251497006,True,COMPLETE
42,-5.105505556500999,5.1136854177725475,0.03312539630397489,275,0.6865,"[-86.0, 0.0]",0.0,-86.0,0.6865,0.5,-5.105505556500999,-5.105505556500999,-5.105505556500999,-5.105505556500999,0.0,-6.4106539016915205,-6.4106539016915205,0.0,0.3135,-7.490574920530172,-1.190060520929433,-6.4106539016915205,6.904458598726115,4.0,12.174809315662504,136.0,0.6206858010228166,9.0,462.0,275.0,1,dro_minimax_median,-5.105505556500999,-5.105505556500999,-6.4106539016915205,12.174809315662504,136.0,0.6206858010228166,462.0,4.0,6.0,0.685,3142,0.1337579617834395,0.8662420382165605,True,COMPLETE
43,-3.4990321277994036,8.237377412811307,0.013690900215742556,325,0.686,"[-83.0, 0.0]",0.0,-83.0,0.686,0.5,-3.4990321277994036,-3.4990321277994036,-3.4990321277994036,-3.4990321277994036,0.0,-4.536584399154601,-4.536584399154601,0.0,0.31399999999999995,-4.908772739371063,-0.38637531373381107,-4.536584399154601,6.271084337349397,4.0,8.411574487659657,133.0,0.752298451404492,8.0,456.0,325.0,1,dro_minimax_median,-3.4990321277994036,-3.4990321277994036,-4.536584399154601,8.411574487659657,133.0,0.752298451404492,456.0,4.0,5.0,0.6835,3142,0.12738853503184713,0.8726114649681529,True,COMPLETE
44,-5.191929967300094,9.459528904328518,0.03223277869280439,325,0.6865,"[-81.0, 0.0]",0.0,-81.0,0.6865,0.5,-5.191929967300094,-5.191929967300094,-5.191929967300094,-5.191929967300094,0.0,-6.227322622151211,-6.227322622151211,0.0,0.3135,-8.122220313886222,-2.0857520027467435,-6.227322622151211,6.506410256410256,4.0,13.088702398752583,131.0,0.5891028670613271,8.0,476.0,325.0,1,dro_minimax_median,-5.191929967300094,-5.191929967300094,-6.227322622151211,13.088702398752583,131.0,0.5891028670613271,476.0,4.0,5.0,0.685,3142,0.1346153846153846,0.8653846153846154,True,COMPLETE
45,-4.853799142027175,8.047798347087834,0.02466480297687772,275,0.68,"[-109.0, 0.0]",0.0,-109.0,0.68,0.5,-4.853799142027175,-4.853799142027175,-4.853799142027175,-4.853799142027175,0.0,-6.0595022000589625,-6.0595022000589625,0.0,0.31999999999999995,-7.187480092995898,-1.2366899679318146,-6.0595022000589625,6.51875,4.0,10.537552139186634,159.0,0.7535158366933827,8.0,539.0,275.0,1,dro_minimax_median,-4.853799142027175,-4.853799142027175,-6.0595022000589625,10.537552139186634,159.0,0.7535158366933827,539.0,4.0,5.0,0.6775,3142,0.1375,0.8625,True,COMPLETE
46,-1.8359701391497931,9.428544973468002,0.022711902902489478,325,0.6765,"[-95.0, 0.0]",0.0,-95.0,0.6765,0.5,-1.8359701391497931,-1.8359701391497931,-1.8359701391497931,-1.8359701391497931,0.0,-2.2701897771845836,-2.2701897771845836,0.0,0.3235,-2.7819790570499436,-0.5333112250454223,-2.2701897771845836,6.571428571428571,4.0,5.771629377985398,145.0,0.8575701839760264,8.0,486.0,325.0,1,dro_minimax_median,-1.8359701391497931,-1.8359701391497931,-2.2701897771845836,5.771629377985398,145.0,0.8575701839760264,486.0,4.0,5.0,0.675,3142,0.12422360248447205,0.8757763975155279,True,COMPLETE
47,-3.981596075002519,4.971729384116604,0.022093830618194785,325,0.6825,"[-103.0, 0.0]",0.0,-103.0,0.6825,0.5,-3.981596075002519,-3.981596075002519,-3.981596075002519,-3.981596075002519,0.0,-4.909167490528195,-4.909167490528195,0.0,0.3175,-6.044074465468896,-1.198881828425491,-4.909167490528195,6.723270440251572,4.0,8.780257478282849,153.0,0.7286437804155729,7.0,514.0,325.0,1,dro_minimax_median,-3.981596075002519,-3.981596075002519,-4.909167490528195,8.780257478282849,153.0,0.7286437804155729,514.0,4.0,5.0,0.6795,3142,0.13836477987421383,0.8616352201257862,True,COMPLETE
48,-3.888296656303482,7.5411672328823105,0.024400638109060242,325,0.686,"[-81.0, 0.0]",0.0,-81.0,0.686,0.5,-3.888296656303482,-3.888296656303482,-3.888296656303482,-3.888296656303482,0.0,-4.817811121544673,-4.817811121544673,0.0,0.31399999999999995,-5.867372242935865,-1.0997532605799092,-4.817811121544673,6.585987261146497,4.0,8.989367829684724,131.0,0.7575059511155809,8.0,448.0,325.0,1,dro_minimax_median,-3.888296656303482,-3.888296656303482,-4.817811121544673,8.989367829684724,131.0,0.7575059511155809,448.0,4.0,5.25,0.6835,3142,0.15286624203821655,0.8471337579617835,True,COMPLETE
49,-5.055993693652132,9.198954637667232,0.05225586954376485,325,0.648,"[-91.0, 0.0]",0.0,-91.0,0.648,0.5,-5.055993693652132,-5.055993693652132,-5.055993693652132,-5.055993693652132,0.0,-6.778869727299093,-6.778869727299093,0.0,0.352,-6.673128513847925,0.11263440728875122,-6.778869727299093,5.721590909090909,4.0,9.19922209971521,141.0,0.775952945967095,8.0,512.0,325.0,1,dro_minimax_median,-5.055993693652132,-5.055993693652132,-6.778869727299093,9.19922209971521,141.0,0.775952945967095,512.0,4.0,5.0,0.6455,3142,0.09659090909090909,0.9034090909090909,True,COMPLETE
