number,value,params_lambda_prior,params_ucb_alpha,params_window_size,user_attrs_all_symbols_active_share,user_attrs_all_symbols_have_long_share,user_attrs_calmar_drawdown_floor_abs,user_attrs_calmar_drawdown_floor_applied,user_attrs_calmar_like,user_attrs_constraint_drawdown_ok,user_attrs_constraint_finite_objective_return_ok,user_attrs_constraint_max_trades_ok,user_attrs_constraint_min_trades_ok,user_attrs_constraint_profit_factor_ok,user_attrs_constraint_symbols_active_ok,user_attrs_constraint_symbols_have_long_ok,user_attrs_constraint_value_all_symbols_active,user_attrs_constraint_value_all_symbols_have_long,user_attrs_constraint_value_drawdown,user_attrs_constraint_value_finite_objective_return,user_attrs_constraint_value_max_trades,user_attrs_constraint_value_min_trades,user_attrs_constraint_value_profit_factor,user_attrs_constraints_values,user_attrs_diagnostic_mean_of_seed_mean_return_pct,user_attrs_diagnostic_median_mean_turnover,user_attrs_effective_drawdown_abs_for_calmar,user_attrs_invalid_score,user_attrs_max_drawdown_abs,user_attrs_max_seed_median_return_pct,user_attrs_max_total_trades,user_attrs_mean_of_seed_mean_return_pct,user_attrs_mean_of_seed_median_return_pct,user_attrs_mean_seed_half_return_gap_pct,user_attrs_mean_seed_max_half_median_return_pct,user_attrs_mean_seed_min_half_median_return_pct,user_attrs_mean_seed_second_minus_first_half_median_return_pct,user_attrs_mean_seed_val_first_max_drawdown_abs,user_attrs_mean_seed_val_first_mean_constraint_applied_ratio,user_attrs_mean_seed_val_first_mean_executed_action_1_ratio,user_attrs_mean_seed_val_first_mean_return_pct,user_attrs_mean_seed_val_first_mean_threshold_applied_ratio,user_attrs_mean_seed_val_first_mean_turnover,user_attrs_mean_seed_val_first_median_profit_factor,user_attrs_mean_seed_val_first_median_return_pct,user_attrs_mean_seed_val_first_positive_return_symbols,user_attrs_mean_seed_val_first_total_trade_events,user_attrs_mean_seed_val_first_total_trades,user_attrs_mean_seed_val_second_max_drawdown_abs,user_attrs_mean_seed_val_second_mean_constraint_applied_ratio,user_attrs_mean_seed_val_second_mean_executed_action_1_ratio,user_attrs_mean_seed_val_second_mean_return_pct,user_attrs_mean_seed_val_second_mean_threshold_applied_ratio,user_attrs_mean_seed_val_second_mean_turnover,user_attrs_mean_seed_val_second_median_profit_factor,user_attrs_mean_seed_val_second_median_return_pct,user_attrs_mean_seed_val_second_positive_return_symbols,user_attrs_mean_seed_val_second_total_trade_events,user_attrs_mean_seed_val_second_total_trades,user_attrs_median_active_symbols,user_attrs_median_long_action_symbols,user_attrs_median_max_drawdown_abs,user_attrs_median_mean_turnover,user_attrs_median_of_seed_mean_return_pct,user_attrs_median_of_seed_median_return_pct,user_attrs_median_positive_return_symbols,user_attrs_median_profit_factor,user_attrs_median_seed_half_return_gap_pct,user_attrs_median_seed_max_half_median_return_pct,user_attrs_median_seed_min_half_median_return_pct,user_attrs_median_seed_second_minus_first_half_median_return_pct,user_attrs_median_seed_val_first_max_drawdown_abs,user_attrs_median_seed_val_first_mean_constraint_applied_ratio,user_attrs_median_seed_val_first_mean_executed_action_1_ratio,user_attrs_median_seed_val_first_mean_return_pct,user_attrs_median_seed_val_first_mean_threshold_applied_ratio,user_attrs_median_seed_val_first_mean_turnover,user_attrs_median_seed_val_first_median_profit_factor,user_attrs_median_seed_val_first_median_return_pct,user_attrs_median_seed_val_first_positive_return_symbols,user_attrs_median_seed_val_first_total_trade_events,user_attrs_median_seed_val_first_total_trades,user_attrs_median_seed_val_second_max_drawdown_abs,user_attrs_median_seed_val_second_mean_constraint_applied_ratio,user_attrs_median_seed_val_second_mean_executed_action_1_ratio,user_attrs_median_seed_val_second_mean_return_pct,user_attrs_median_seed_val_second_mean_threshold_applied_ratio,user_attrs_median_seed_val_second_mean_turnover,user_attrs_median_seed_val_second_median_profit_factor,user_attrs_median_seed_val_second_median_return_pct,user_attrs_median_seed_val_second_positive_return_symbols,user_attrs_median_seed_val_second_total_trade_events,user_attrs_median_seed_val_second_total_trades,user_attrs_median_total_trade_events,user_attrs_median_total_trades,user_attrs_memory_horizon,user_attrs_memory_horizon_bars,user_attrs_min_profit_factor,user_attrs_min_seed_median_return_pct,user_attrs_min_total_trades,user_attrs_n_seeds,user_attrs_objective_metric_name,user_attrs_objective_score,user_attrs_observed_all_symbols_active_share,user_attrs_observed_all_symbols_have_long_share,user_attrs_observed_mean_of_seed_mean_return_pct,user_attrs_observed_median_max_drawdown_abs,user_attrs_observed_median_of_seed_median_return_pct,user_attrs_observed_median_profit_factor,user_attrs_observed_median_total_trades,user_attrs_optuna_constraints_convention,user_attrs_required_all_symbols_active_share,user_attrs_required_all_symbols_have_long_share,user_attrs_seeds_used,user_attrs_std_of_seed_median_return_pct,user_attrs_valid,state
0,0.515848096010485,1.0,0.1,325,1.0,1.0,1.0,False,0.05656282409761592,True,True,True,True,True,True,True,0.0,0.0,-5.880085917912512,0.0,-186.0,-364.0,-0.15828848748801472,"[-5.880085917912512, -0.15828848748801472, -364.0, -186.0, 0.0, 0.0, 0.0]",0.8098096527007772,0.0933,9.119914082087488,-1000000.0,15.0,0.515848096010485,650.0,0.8098096527007772,0.515848096010485,3.5544123939643346,1.7111838966738846,-1.84322849729045,-3.5544123939643346,4.810962557334742,0.0862,0.4686,2.3577013774815425,0.05399999999999999,0.0858,1.241904087651199,1.7111838966738846,3.0,429.0,213.0,8.23256402502236,0.09880000000000001,0.45439999999999997,-1.5448388799015,0.0558,0.1008,0.873827070685946,-1.84322849729045,2.0,504.0,251.0,5.0,5.0,9.119914082087488,0.0933,0.8098096527007772,0.515848096010485,3.0,1.0082884874880147,3.5544123939643346,1.7111838966738846,-1.84322849729045,-3.5544123939643346,4.810962557334742,0.0862,0.4686,2.3577013774815425,0.05399999999999999,0.0858,1.241904087651199,1.7111838966738846,3.0,429.0,213.0,8.23256402502236,0.09880000000000001,0.45439999999999997,-1.5448388799015,0.0558,0.1008,0.873827070685946,-1.84322849729045,2.0,504.0,251.0,933.0,464.0,325.0,325.0,0.85,0.515848096010485,100.0,1,median_of_seed_median_return_pct,0.515848096010485,1.0,1.0,0.8098096527007772,9.119914082087488,0.515848096010485,1.0082884874880147,464.0,feasible_if_all_values_le_0,1.0,1.0,3142,0.0,True,COMPLETE
1,-0.8197656391945474,0.612230135615808,0.1841021691579566,375,1.0,1.0,1.0,False,-0.08673307769333655,True,True,True,True,True,True,True,0.0,0.0,-5.548408277485493,0.0,-166.0,-384.0,-0.031518891645580305,"[-5.548408277485493, -0.031518891645580305, -384.0, -166.0, 0.0, 0.0, 0.0]",1.603574647993129,0.0973,9.451591722514507,-1000000.0,15.0,-0.8197656391945474,650.0,1.603574647993129,-0.8197656391945474,2.499271339609266,0.2734873917227709,-2.225783947886495,-2.499271339609266,4.605130839705729,0.0692,0.5058,3.4991396828236554,0.0844,0.08299999999999999,0.9706071159327144,0.2734873917227709,4.0,415.0,206.0,8.052585840826943,0.12179999999999999,0.4896,-1.7934864800958228,0.06,0.11159999999999999,0.7470266334802791,-2.225783947886495,1.0,558.0,278.0,5.0,5.0,9.451591722514507,0.0973,1.603574647993129,-0.8197656391945474,2.0,0.8815188916455803,2.499271339609266,0.2734873917227709,-2.225783947886495,-2.499271339609266,4.605130839705729,0.0692,0.5058,3.4991396828236554,0.0844,0.08299999999999999,0.9706071159327144,0.2734873917227709,4.0,415.0,206.0,8.052585840826943,0.12179999999999999,0.4896,-1.7934864800958228,0.06,0.11159999999999999,0.7470266334802791,-2.225783947886495,1.0,558.0,278.0,973.0,484.0,375.0,375.0,0.85,-0.8197656391945474,100.0,1,median_of_seed_median_return_pct,-0.8197656391945474,1.0,1.0,1.603574647993129,9.451591722514507,-0.8197656391945474,0.8815188916455803,484.0,feasible_if_all_values_le_0,1.0,1.0,3142,0.0,True,COMPLETE
2,-7.759367072721856,0.5005067708426926,0.1932585081149179,250,1.0,1.0,1.0,False,-0.530886527867478,True,True,True,True,False,True,True,0.0,0.0,-0.3841326433908314,0.0,-135.0,-415.0,0.204165289853927,"[-0.3841326433908314, 0.204165289853927, -415.0, -135.0, 0.0, 0.0, 0.0]",-3.8749657265401938,0.1035,14.615867356609169,-1000000.0,15.0,-7.759367072721856,650.0,-3.8749657265401938,-7.759367072721856,4.921359915827717,1.2849581086808337,-3.636401807146883,-4.921359915827717,6.294152930723385,0.093,0.5156000000000001,2.2970340814082335,0.059399999999999994,0.10200000000000001,1.126794943583391,1.2849581086808337,4.0,510.0,254.0,12.476972095992622,0.1024,0.5094000000000001,-6.055901837595458,0.053000000000000005,0.10500000000000001,0.5517277119704318,-3.636401807146883,0.0,525.0,261.0,5.0,5.0,14.615867356609169,0.1035,-3.8749657265401938,-7.759367072721856,1.0,0.645834710146073,4.921359915827717,1.2849581086808337,-3.636401807146883,-4.921359915827717,6.294152930723385,0.093,0.5156000000000001,2.2970340814082335,0.059399999999999994,0.10200000000000001,1.126794943583391,1.2849581086808337,4.0,510.0,254.0,12.476972095992622,0.1024,0.5094000000000001,-6.055901837595458,0.053000000000000005,0.10500000000000001,0.5517277119704318,-3.636401807146883,0.0,525.0,261.0,1035.0,515.0,250.0,250.0,0.85,-7.759367072721856,100.0,1,median_of_seed_median_return_pct,-7.759367072721856,1.0,1.0,-3.8749657265401938,14.615867356609169,-7.759367072721856,0.645834710146073,515.0,feasible_if_all_values_le_0,1.0,1.0,3142,0.0,False,COMPLETE
3,-3.308801609784806,6.8819115006635805,0.20959886624134833,350,1.0,1.0,1.0,False,-0.25813597514409586,True,True,True,True,False,True,True,0.0,0.0,-2.181943129245054,0.0,-121.0,-429.0,0.08164184709520161,"[-2.181943129245054, 0.08164184709520161, -429.0, -121.0, 0.0, 0.0, 0.0]",-0.41729430050925237,0.10629999999999999,12.818056870754946,-1000000.0,15.0,-3.308801609784806,650.0,-0.41729430050925237,-3.308801609784806,4.5005156982915295,0.6454689053134066,-3.855046792978123,-4.5005156982915295,7.710324900230736,0.0696,0.492,3.1140171001236827,0.09759999999999999,0.0906,1.006070899002119,0.6454689053134066,4.0,453.0,225.0,12.276404783929529,0.1306,0.48840000000000006,-3.544326988573951,0.067,0.122,0.6460225268440459,-3.855046792978123,1.0,610.0,304.0,5.0,5.0,12.818056870754946,0.10629999999999999,-0.41729430050925237,-3.308801609784806,2.0,0.7683581529047984,4.5005156982915295,0.6454689053134066,-3.855046792978123,-4.5005156982915295,7.710324900230736,0.0696,0.492,3.1140171001236827,0.09759999999999999,0.0906,1.006070899002119,0.6454689053134066,4.0,453.0,225.0,12.276404783929529,0.1306,0.48840000000000006,-3.544326988573951,0.067,0.122,0.6460225268440459,-3.855046792978123,1.0,610.0,304.0,1063.0,529.0,350.0,350.0,0.85,-3.308801609784806,100.0,1,median_of_seed_median_return_pct,-3.308801609784806,1.0,1.0,-0.41729430050925237,12.818056870754946,-3.308801609784806,0.7683581529047984,529.0,feasible_if_all_values_le_0,1.0,1.0,3142,0.0,False,COMPLETE
4,-2.818689689416831,0.5554454482640988,0.07204374128168337,400,1.0,1.0,1.0,False,-0.253896116511425,True,True,True,True,False,True,True,0.0,0.0,-3.898255994829311,0.0,-201.0,-349.0,0.015279170149045562,"[-3.898255994829311, 0.015279170149045562, -349.0, -201.0, 0.0, 0.0, 0.0]",0.3243002792428083,0.0903,11.101744005170689,-1000000.0,15.0,-2.818689689416831,650.0,0.3243002792428083,-2.818689689416831,4.543853190485613,1.55437705722421,-2.989476133261404,-4.543853190485613,4.877303497577657,0.058800000000000005,0.45920000000000005,3.9333243393641055,0.06420000000000001,0.073,1.0420288894688219,1.55437705722421,3.0,365.0,181.0,9.25699524233562,0.11400000000000002,0.4412,-3.5129267335642234,0.05399999999999999,0.10759999999999999,0.7001123675593356,-2.989476133261404,1.0,538.0,268.0,5.0,5.0,11.101744005170689,0.0903,0.3243002792428083,-2.818689689416831,2.0,0.8347208298509544,4.543853190485613,1.55437705722421,-2.989476133261404,-4.543853190485613,4.877303497577657,0.058800000000000005,0.45920000000000005,3.9333243393641055,0.06420000000000001,0.073,1.0420288894688219,1.55437705722421,3.0,365.0,181.0,9.25699524233562,0.11400000000000002,0.4412,-3.5129267335642234,0.05399999999999999,0.10759999999999999,0.7001123675593356,-2.989476133261404,1.0,538.0,268.0,903.0,449.0,400.0,400.0,0.85,-2.818689689416831,100.0,1,median_of_seed_median_return_pct,-2.818689689416831,1.0,1.0,0.3243002792428083,11.101744005170689,-2.818689689416831,0.8347208298509544,449.0,feasible_if_all_values_le_0,1.0,1.0,3142,0.0,False,COMPLETE
5,-2.1878945013055873,1.405328682990182,0.2815279783149154,400,1.0,1.0,1.0,False,-0.2373053289022144,True,True,True,True,False,True,True,0.0,0.0,-5.7802554985727035,0.0,-130.0,-420.0,0.023667390097713792,"[-5.7802554985727035, 0.023667390097713792, -420.0, -130.0, 0.0, 0.0, 0.0]",-0.7882469102658483,0.1045,9.219744501427297,-1000000.0,15.0,-2.1878945013055873,650.0,-0.7882469102658483,-2.1878945013055873,3.9004015599227837,0.47856463379616354,-3.42183692612662,-3.9004015599227837,5.570678565750098,0.07100000000000001,0.521,2.3030539218045143,0.09359999999999999,0.0902,0.9820683587605038,0.47856463379616354,4.0,451.0,224.0,8.86486842501839,0.1286,0.4992,-3.063733574985874,0.0678,0.11880000000000002,0.7710684882737009,-3.42183692612662,1.0,594.0,296.0,5.0,5.0,9.219744501427297,0.1045,-0.7882469102658483,-2.1878945013055873,1.0,0.8263326099022862,3.9004015599227837,0.47856463379616354,-3.42183692612662,-3.9004015599227837,5.570678565750098,0.07100000000000001,0.521,2.3030539218045143,0.09359999999999999,0.0902,0.9820683587605038,0.47856463379616354,4.0,451.0,224.0,8.86486842501839,0.1286,0.4992,-3.063733574985874,0.0678,0.11880000000000002,0.7710684882737009,-3.42183692612662,1.0,594.0,296.0,1045.0,520.0,400.0,400.0,0.85,-2.1878945013055873,100.0,1,median_of_seed_median_return_pct,-2.1878945013055873,1.0,1.0,-0.7882469102658483,9.219744501427297,-2.1878945013055873,0.8263326099022862,520.0,feasible_if_all_values_le_0,1.0,1.0,3142,0.0,False,COMPLETE
6,0.4370520179606485,2.5760984682298647,0.23782429760837678,375,1.0,1.0,1.0,False,0.03971755802113158,True,True,True,True,True,True,True,0.0,0.0,-3.99599976090885,0.0,-133.0,-417.0,-0.131828179580592,"[-3.99599976090885, -0.131828179580592, -417.0, -133.0, 0.0, 0.0, 0.0]",2.5950184520632584,0.10389999999999999,11.00400023909115,-1000000.0,15.0,0.4370520179606485,650.0,2.5950184520632584,0.4370520179606485,1.0833519778980172,1.378998925233299,0.29564694733528185,-1.0833519778980172,4.195797587727479,0.0764,0.5054000000000001,5.168279526960751,0.09,0.0902,1.2770968635700386,1.378998925233299,3.0,451.0,225.0,9.629417804872908,0.12580000000000002,0.49799999999999994,-2.491218534760258,0.0692,0.1176,1.01101029562904,0.29564694733528185,3.0,588.0,292.0,5.0,5.0,11.00400023909115,0.10389999999999999,2.5950184520632584,0.4370520179606485,3.0,0.981828179580592,1.0833519778980172,1.378998925233299,0.29564694733528185,-1.0833519778980172,4.195797587727479,0.0764,0.5054000000000001,5.168279526960751,0.09,0.0902,1.2770968635700386,1.378998925233299,3.0,451.0,225.0,9.629417804872908,0.12580000000000002,0.49799999999999994,-2.491218534760258,0.0692,0.1176,1.01101029562904,0.29564694733528185,3.0,588.0,292.0,1039.0,517.0,375.0,375.0,0.85,0.4370520179606485,100.0,1,median_of_seed_median_return_pct,0.4370520179606485,1.0,1.0,2.5950184520632584,11.00400023909115,0.4370520179606485,0.981828179580592,517.0,feasible_if_all_values_le_0,1.0,1.0,3142,0.0,True,COMPLETE
7,-2.623856756896359,0.79317899451327,0.15352522514476788,300,1.0,1.0,1.0,False,-0.24265953491150685,True,True,True,True,True,True,True,0.0,0.0,-4.187085692498226,0.0,-129.0,-421.0,-0.016225071103585065,"[-4.187085692498226, -0.016225071103585065, -421.0, -129.0, 0.0, 0.0, 0.0]",-1.0668495778392597,0.10469999999999999,10.812914307501774,-1000000.0,15.0,-2.623856756896359,650.0,-1.0668495778392597,-2.623856756896359,4.452108747188932,0.3611925283213191,-4.090916218867613,-4.452108747188932,5.038845501114753,0.09440000000000001,0.48040000000000005,3.3557544039230143,0.06520000000000001,0.1014,1.034598132422941,0.3611925283213191,3.0,507.0,252.0,10.027585164785357,0.11739999999999999,0.48200000000000004,-4.2633935423729845,0.0546,0.10799999999999998,0.6201559932184885,-4.090916218867613,0.0,540.0,269.0,5.0,5.0,10.812914307501774,0.10469999999999999,-1.0668495778392597,-2.623856756896359,1.0,0.866225071103585,4.452108747188932,0.3611925283213191,-4.090916218867613,-4.452108747188932,5.038845501114753,0.09440000000000001,0.48040000000000005,3.3557544039230143,0.06520000000000001,0.1014,1.034598132422941,0.3611925283213191,3.0,507.0,252.0,10.027585164785357,0.11739999999999999,0.48200000000000004,-4.2633935423729845,0.0546,0.10799999999999998,0.6201559932184885,-4.090916218867613,0.0,540.0,269.0,1047.0,521.0,300.0,300.0,0.85,-2.623856756896359,100.0,1,median_of_seed_median_return_pct,-2.623856756896359,1.0,1.0,-1.0668495778392597,10.812914307501774,-2.623856756896359,0.866225071103585,521.0,feasible_if_all_values_le_0,1.0,1.0,3142,0.0,True,COMPLETE
8,-0.29959327791417856,3.4614584571772786,0.03540412798638139,300,1.0,1.0,1.0,False,-0.027379192465368244,True,True,True,True,True,True,True,0.0,0.0,-4.057629135953075,0.0,-150.0,-400.0,-0.10527221777491214,"[-4.057629135953075, -0.10527221777491214, -400.0, -150.0, 0.0, 0.0, 0.0]",-0.5184224131407401,0.10049999999999999,10.942370864046925,-1000000.0,15.0,-0.29959327791417856,650.0,-0.5184224131407401,-0.29959327791417856,1.875744829473136,0.1252395965669173,-1.7505052329062187,-1.875744829473136,5.524075201085066,0.09179999999999999,0.46740000000000004,2.0479730629261605,0.06960000000000001,0.09759999999999999,0.9860884144534913,0.1252395965669173,3.0,488.0,243.0,9.7437096689442,0.10640000000000001,0.42699999999999994,-2.596822940380037,0.0512,0.1034,0.8567670435421436,-1.7505052329062187,2.0,517.0,257.0,5.0,5.0,10.942370864046925,0.10049999999999999,-0.5184224131407401,-0.29959327791417856,2.0,0.9552722177749121,1.875744829473136,0.1252395965669173,-1.7505052329062187,-1.875744829473136,5.524075201085066,0.09179999999999999,0.46740000000000004,2.0479730629261605,0.06960000000000001,0.09759999999999999,0.9860884144534913,0.1252395965669173,3.0,488.0,243.0,9.7437096689442,0.10640000000000001,0.42699999999999994,-2.596822940380037,0.0512,0.1034,0.8567670435421436,-1.7505052329062187,2.0,517.0,257.0,1005.0,500.0,300.0,300.0,0.85,-0.29959327791417856,100.0,1,median_of_seed_median_return_pct,-0.29959327791417856,1.0,1.0,-0.5184224131407401,10.942370864046925,-0.29959327791417856,0.9552722177749121,500.0,feasible_if_all_values_le_0,1.0,1.0,3142,0.0,True,COMPLETE
9,-0.9127353712441111,1.5878414490220365,0.1368026505584583,275,1.0,1.0,1.0,False,-0.08988643765179632,True,True,True,True,True,True,True,0.0,0.0,-4.845683118738318,0.0,-120.0,-430.0,-0.07469774969575649,"[-4.845683118738318, -0.07469774969575649, -430.0, -120.0, 0.0, 0.0, 0.0]",-0.9183702836711014,0.1065,10.154316881261682,-1000000.0,15.0,-0.9127353712441111,650.0,-0.9183702836711014,-0.9127353712441111,2.37141498882536,0.06339543106328449,-2.3080195577620755,-2.37141498882536,5.833217493133668,0.096,0.5024,1.9879924969753393,0.0644,0.0974,0.9235692044472623,0.06339543106328449,3.0,487.0,243.0,8.284145133839704,0.1232,0.4830000000000001,-2.867568107480396,0.057999999999999996,0.1156,0.804205984828406,-2.3080195577620755,0.0,578.0,287.0,5.0,5.0,10.154316881261682,0.1065,-0.9183702836711014,-0.9127353712441111,2.0,0.9246977496957565,2.37141498882536,0.06339543106328449,-2.3080195577620755,-2.37141498882536,5.833217493133668,0.096,0.5024,1.9879924969753393,0.0644,0.0974,0.9235692044472623,0.06339543106328449,3.0,487.0,243.0,8.284145133839704,0.1232,0.4830000000000001,-2.867568107480396,0.057999999999999996,0.1156,0.804205984828406,-2.3080195577620755,0.0,578.0,287.0,1065.0,530.0,275.0,275.0,0.85,-0.9127353712441111,100.0,1,median_of_seed_median_return_pct,-0.9127353712441111,1.0,1.0,-0.9183702836711014,10.154316881261682,-0.9127353712441111,0.9246977496957565,530.0,feasible_if_all_values_le_0,1.0,1.0,3142,0.0,True,COMPLETE
10,-0.6423135517365397,0.5309224525595473,0.04074018593750444,325,1.0,1.0,1.0,False,-0.07823880967285748,True,True,True,True,True,True,True,0.0,0.0,-6.790346064539241,0.0,-219.0,-331.0,-0.09193984105752118,"[-6.790346064539241, -0.09193984105752118, -331.0, -219.0, 0.0, 0.0, 0.0]",-0.3473535576618737,0.0867,8.209653935460759,-1000000.0,15.0,-0.6423135517365397,650.0,-0.3473535576618737,-0.6423135517365397,2.595974883335883,0.3726809811643417,-2.2232939021715414,-2.595974883335883,5.093270177014142,0.0634,0.4466,2.4866800174368704,0.05739999999999999,0.07620000000000002,1.0400674197759578,0.3726809811643417,3.0,381.0,189.0,7.453823157258565,0.09359999999999999,0.437,-2.696075174526724,0.04820000000000001,0.09720000000000001,0.8724629606569458,-2.2232939021715414,0.0,486.0,242.0,5.0,5.0,8.209653935460759,0.0867,-0.3473535576618737,-0.6423135517365397,2.0,0.9419398410575212,2.595974883335883,0.3726809811643417,-2.2232939021715414,-2.595974883335883,5.093270177014142,0.0634,0.4466,2.4866800174368704,0.05739999999999999,0.07620000000000002,1.0400674197759578,0.3726809811643417,3.0,381.0,189.0,7.453823157258565,0.09359999999999999,0.437,-2.696075174526724,0.04820000000000001,0.09720000000000001,0.8724629606569458,-2.2232939021715414,0.0,486.0,242.0,867.0,431.0,325.0,325.0,0.85,-0.6423135517365397,100.0,1,median_of_seed_median_return_pct,-0.6423135517365397,1.0,1.0,-0.3473535576618737,8.209653935460759,-0.6423135517365397,0.9419398410575212,431.0,feasible_if_all_values_le_0,1.0,1.0,3142,0.0,True,COMPLETE
11,-0.796151556513014,2.5632732938270206,0.10381647020200621,350,1.0,1.0,1.0,False,-0.05812565407047839,True,True,True,True,True,True,True,0.0,0.0,-1.3029230510220842,0.0,-172.0,-378.0,-0.08814479633941386,"[-1.3029230510220842, -0.08814479633941386, -378.0, -172.0, 0.0, 0.0, 0.0]",1.9486057744429286,0.09609999999999999,13.697076948977916,-1000000.0,15.0,-0.796151556513014,650.0,1.9486057744429286,-0.796151556513014,2.3955104890817203,1.1677957214682122,-1.227714767613508,-2.3955104890817203,4.866846157378657,0.0608,0.4758,4.124545684494472,0.08180000000000001,0.08120000000000001,1.1658767593180472,1.1677957214682122,3.0,406.0,202.0,12.662710512050923,0.12220000000000002,0.46699999999999997,-2.2652726920831334,0.059,0.11099999999999999,0.8286742399417844,-1.227714767613508,2.0,555.0,276.0,5.0,5.0,13.697076948977916,0.09609999999999999,1.9486057744429286,-0.796151556513014,2.0,0.9381447963394138,2.3955104890817203,1.1677957214682122,-1.227714767613508,-2.3955104890817203,4.866846157378657,0.0608,0.4758,4.124545684494472,0.08180000000000001,0.08120000000000001,1.1658767593180472,1.1677957214682122,3.0,406.0,202.0,12.662710512050923,0.12220000000000002,0.46699999999999997,-2.2652726920831334,0.059,0.11099999999999999,0.8286742399417844,-1.227714767613508,2.0,555.0,276.0,961.0,478.0,350.0,350.0,0.85,-0.796151556513014,100.0,1,median_of_seed_median_return_pct,-0.796151556513014,1.0,1.0,1.9486057744429286,13.697076948977916,-0.796151556513014,0.9381447963394138,478.0,feasible_if_all_values_le_0,1.0,1.0,3142,0.0,True,COMPLETE
12,2.7582713290911665,1.9996812600265013,0.07652959111414268,400,1.0,1.0,1.0,False,0.28347397669871216,True,True,True,True,True,True,True,0.0,0.0,-5.26975470124804,0.0,-180.0,-370.0,-0.20937363451067037,"[-5.26975470124804, -0.20937363451067037, -370.0, -180.0, 0.0, 0.0, 0.0]",3.1834250173501877,0.0945,9.73024529875196,-1000000.0,15.0,2.7582713290911665,650.0,3.1834250173501877,2.7582713290911665,6.0738136106152645,4.042629490256222,-2.031184120359042,-6.0738136106152645,4.8734829516577705,0.06939999999999999,0.48260000000000003,5.535193270645694,0.0846,0.082,1.4380644699847778,4.042629490256222,4.0,410.0,204.0,9.24080392053106,0.11240000000000001,0.4492,-2.290255959170606,0.0636,0.10700000000000001,0.7890220733277828,-2.031184120359042,2.0,535.0,266.0,5.0,5.0,9.73024529875196,0.0945,3.1834250173501877,2.7582713290911665,3.0,1.0593736345106703,6.0738136106152645,4.042629490256222,-2.031184120359042,-6.0738136106152645,4.8734829516577705,0.06939999999999999,0.48260000000000003,5.535193270645694,0.0846,0.082,1.4380644699847778,4.042629490256222,4.0,410.0,204.0,9.24080392053106,0.11240000000000001,0.4492,-2.290255959170606,0.0636,0.10700000000000001,0.7890220733277828,-2.031184120359042,2.0,535.0,266.0,945.0,470.0,400.0,400.0,0.85,2.7582713290911665,100.0,1,median_of_seed_median_return_pct,2.7582713290911665,1.0,1.0,3.1834250173501877,9.73024529875196,2.7582713290911665,1.0593736345106703,470.0,feasible_if_all_values_le_0,1.0,1.0,3142,0.0,True,COMPLETE
13,-2.8883078986794097,1.8437234885651022,0.023905555144307138,400,1.0,1.0,1.0,False,-0.30249851795471744,True,True,True,True,False,True,True,0.0,0.0,-5.4518279355280175,0.0,-218.0,-332.0,0.08985774655560586,"[-5.4518279355280175, 0.08985774655560586, -332.0, -218.0, 0.0, 0.0, 0.0]",0.3704344500980447,0.0869,9.548172064471983,-1000000.0,15.0,-2.8883078986794097,650.0,0.3704344500980447,-2.8883078986794097,3.9165693112121924,1.3759611746058331,-2.5406081366063593,-3.9165693112121924,7.243270182376493,0.06459999999999999,0.4636,3.7568266170765257,0.0622,0.078,1.239751709047602,1.3759611746058331,3.0,390.0,194.0,8.849474402898617,0.0934,0.41479999999999995,-3.326525841272494,0.0506,0.0958,0.7204552039542945,-2.5406081366063593,1.0,479.0,238.0,5.0,5.0,9.548172064471983,0.0869,0.3704344500980447,-2.8883078986794097,2.0,0.7601422534443941,3.9165693112121924,1.3759611746058331,-2.5406081366063593,-3.9165693112121924,7.243270182376493,0.06459999999999999,0.4636,3.7568266170765257,0.0622,0.078,1.239751709047602,1.3759611746058331,3.0,390.0,194.0,8.849474402898617,0.0934,0.41479999999999995,-3.326525841272494,0.0506,0.0958,0.7204552039542945,-2.5406081366063593,1.0,479.0,238.0,869.0,432.0,400.0,400.0,0.85,-2.8883078986794097,100.0,1,median_of_seed_median_return_pct,-2.8883078986794097,1.0,1.0,0.3704344500980447,9.548172064471983,-2.8883078986794097,0.7601422534443941,432.0,feasible_if_all_values_le_0,1.0,1.0,3142,0.0,False,COMPLETE
14,-0.08165841372586025,1.9086579092120761,0.06642262592193403,375,1.0,1.0,1.0,False,-0.0073807263087349775,True,True,True,True,True,True,True,0.0,0.0,-3.936263138599415,0.0,-176.0,-374.0,-0.10106092717296422,"[-3.936263138599415, -0.10106092717296422, -374.0, -176.0, 0.0, 0.0, 0.0]",3.214191045788586,0.0953,11.063736861400585,-1000000.0,15.0,-0.08165841372586025,650.0,3.214191045788586,-0.08165841372586025,3.053982806490929,2.6557274939855935,-0.39825531250533563,-3.053982806490929,8.999899319078875,0.0774,0.4784,6.488760258358113,0.0758,0.08199999999999999,1.2971757074215464,2.6557274939855935,5.0,410.0,204.0,10.59913146141932,0.11140000000000001,0.44539999999999996,-3.105978589250829,0.059,0.10859999999999999,0.9275452628599092,-0.39825531250533563,2.0,543.0,270.0,5.0,5.0,11.063736861400585,0.0953,3.214191045788586,-0.08165841372586025,2.0,0.9510609271729642,3.053982806490929,2.6557274939855935,-0.39825531250533563,-3.053982806490929,8.999899319078875,0.0774,0.4784,6.488760258358113,0.0758,0.08199999999999999,1.2971757074215464,2.6557274939855935,5.0,410.0,204.0,10.59913146141932,0.11140000000000001,0.44539999999999996,-3.105978589250829,0.059,0.10859999999999999,0.9275452628599092,-0.39825531250533563,2.0,543.0,270.0,953.0,474.0,375.0,375.0,0.85,-0.08165841372586025,100.0,1,median_of_seed_median_return_pct,-0.08165841372586025,1.0,1.0,3.214191045788586,11.063736861400585,-0.08165841372586025,0.9510609271729642,474.0,feasible_if_all_values_le_0,1.0,1.0,3142,0.0,True,COMPLETE
15,1.0941416048000585,4.583390911997225,0.06717851739705093,400,1.0,1.0,1.0,False,0.16542545142574247,True,True,True,True,True,True,True,0.0,0.0,-8.385893190134617,0.0,-192.0,-358.0,-0.18125962955065444,"[-8.385893190134617, -0.18125962955065444, -358.0, -192.0, 0.0, 0.0, 0.0]",3.167369710273127,0.09209999999999999,6.614106809865383,-1000000.0,15.0,1.0941416048000585,650.0,3.167369710273127,1.0941416048000585,4.116204542574408,2.533564545868061,-1.5826399967063476,-4.116204542574408,5.370846236535831,0.058199999999999995,0.4948,5.314371515310241,0.09060000000000001,0.0786,1.3140795008561026,2.533564545868061,5.0,393.0,195.0,6.216856232943724,0.1032,0.4346,-2.0040232581534645,0.067,0.1056,0.822260191610253,-1.5826399967063476,1.0,528.0,263.0,5.0,5.0,6.614106809865383,0.09209999999999999,3.167369710273127,1.0941416048000585,4.0,1.0312596295506544,4.116204542574408,2.533564545868061,-1.5826399967063476,-4.116204542574408,5.370846236535831,0.058199999999999995,0.4948,5.314371515310241,0.09060000000000001,0.0786,1.3140795008561026,2.533564545868061,5.0,393.0,195.0,6.216856232943724,0.1032,0.4346,-2.0040232581534645,0.067,0.1056,0.822260191610253,-1.5826399967063476,1.0,528.0,263.0,921.0,458.0,400.0,400.0,0.85,1.0941416048000585,100.0,1,median_of_seed_median_return_pct,1.0941416048000585,1.0,1.0,3.167369710273127,6.614106809865383,1.0941416048000585,1.0312596295506544,458.0,feasible_if_all_values_le_0,1.0,1.0,3142,0.0,True,COMPLETE
16,2.926434739683681,5.452696741480571,0.08952281796020753,400,1.0,1.0,1.0,False,0.4233620476328288,True,True,True,True,True,True,True,0.0,0.0,-8.087630891700279,0.0,-211.0,-339.0,-0.26809258561106375,"[-8.087630891700279, -0.26809258561106375, -339.0, -211.0, 0.0, 0.0, 0.0]",3.919396601018319,0.08829999999999999,6.912369108299721,-1000000.0,15.0,2.926434739683681,650.0,3.919396601018319,2.926434739683681,5.163584096038864,3.923039978846443,-1.2405441171924214,-5.163584096038864,5.316425358466715,0.039,0.497,5.812568146693049,0.0808,0.06920000000000001,1.4766094196505664,3.923039978846443,4.0,346.0,172.0,6.912369108299721,0.1096,0.44580000000000003,-1.8208540493406324,0.0668,0.10739999999999998,0.9101321096497773,-1.2405441171924214,1.0,537.0,267.0,5.0,5.0,6.912369108299721,0.08829999999999999,3.919396601018319,2.926434739683681,3.0,1.1180925856110637,5.163584096038864,3.923039978846443,-1.2405441171924214,-5.163584096038864,5.316425358466715,0.039,0.497,5.812568146693049,0.0808,0.06920000000000001,1.4766094196505664,3.923039978846443,4.0,346.0,172.0,6.912369108299721,0.1096,0.44580000000000003,-1.8208540493406324,0.0668,0.10739999999999998,0.9101321096497773,-1.2405441171924214,1.0,537.0,267.0,883.0,439.0,400.0,400.0,0.85,2.926434739683681,100.0,1,median_of_seed_median_return_pct,2.926434739683681,1.0,1.0,3.919396601018319,6.912369108299721,2.926434739683681,1.1180925856110637,439.0,feasible_if_all_values_le_0,1.0,1.0,3142,0.0,True,COMPLETE
17,0.9900550733183078,5.981985922884897,0.061615505426509246,350,1.0,1.0,1.0,False,0.08724214729101333,True,True,True,True,True,True,True,0.0,0.0,-3.651642536768559,0.0,-157.0,-393.0,-0.2161266876718292,"[-3.651642536768559, -0.2161266876718292, -393.0, -157.0, 0.0, 0.0, 0.0]",1.5708049042787287,0.0991,11.34835746323144,-1000000.0,15.0,0.9900550733183078,650.0,1.5708049042787287,0.9900550733183078,1.1782948050428899,0.10598852768859413,-1.0723062773542957,-1.1782948050428899,5.430274174704741,0.072,0.4848,3.2808073151330435,0.0916,0.0868,0.9898771838244455,0.10598852768859413,4.0,434.0,216.0,9.688262104319179,0.11240000000000001,0.442,-1.7268114193786446,0.0688,0.11139999999999999,0.848857458757888,-1.0723062773542957,2.0,557.0,277.0,5.0,5.0,11.34835746323144,0.0991,1.5708049042787287,0.9900550733183078,3.0,1.0661266876718292,1.1782948050428899,0.10598852768859413,-1.0723062773542957,-1.1782948050428899,5.430274174704741,0.072,0.4848,3.2808073151330435,0.0916,0.0868,0.9898771838244455,0.10598852768859413,4.0,434.0,216.0,9.688262104319179,0.11240000000000001,0.442,-1.7268114193786446,0.0688,0.11139999999999999,0.848857458757888,-1.0723062773542957,2.0,557.0,277.0,991.0,493.0,350.0,350.0,0.85,0.9900550733183078,100.0,1,median_of_seed_median_return_pct,0.9900550733183078,1.0,1.0,1.5708049042787287,11.34835746323144,0.9900550733183078,1.0661266876718292,493.0,feasible_if_all_values_le_0,1.0,1.0,3142,0.0,True,COMPLETE
18,-0.04911736300680092,7.789237647655465,0.11416217591912552,400,1.0,1.0,1.0,False,-0.005579703028040088,True,True,True,True,True,True,True,0.0,0.0,-6.197136700650939,0.0,-205.0,-345.0,-0.09811999491457135,"[-6.197136700650939, -0.09811999491457135, -345.0, -205.0, 0.0, 0.0, 0.0]",1.4563139079269183,0.0895,8.802863299349061,-1000000.0,15.0,-0.04911736300680092,650.0,1.4563139079269183,-0.04911736300680092,5.063655553598667,1.8582453458508619,-3.2054102077478053,-5.063655553598667,4.813043140079188,0.0508,0.5067999999999999,4.4129183882896195,0.1008,0.07999999999999999,1.2230178323928027,1.8582453458508619,4.0,400.0,199.0,8.802863299349061,0.09340000000000001,0.4526,-2.840266019654554,0.0706,0.099,0.6659932532731226,-3.2054102077478053,1.0,495.0,246.0,5.0,5.0,8.802863299349061,0.0895,1.4563139079269183,-0.04911736300680092,2.0,0.9481199949145713,5.063655553598667,1.8582453458508619,-3.2054102077478053,-5.063655553598667,4.813043140079188,0.0508,0.5067999999999999,4.4129183882896195,0.1008,0.07999999999999999,1.2230178323928027,1.8582453458508619,4.0,400.0,199.0,8.802863299349061,0.09340000000000001,0.4526,-2.840266019654554,0.0706,0.099,0.6659932532731226,-3.2054102077478053,1.0,495.0,246.0,895.0,445.0,400.0,400.0,0.85,-0.04911736300680092,100.0,1,median_of_seed_median_return_pct,-0.04911736300680092,1.0,1.0,1.4563139079269183,8.802863299349061,-0.04911736300680092,0.9481199949145713,445.0,feasible_if_all_values_le_0,1.0,1.0,3142,0.0,True,COMPLETE
19,0.9267319576193422,6.707213898238291,0.021152972912787442,350,1.0,1.0,1.0,False,0.09110098299913921,True,True,True,True,True,True,True,0.0,0.0,-4.827420878344434,0.0,-195.0,-355.0,-0.16245070874063672,"[-4.827420878344434, -0.16245070874063672, -355.0, -195.0, 0.0, 0.0, 0.0]",1.5968576021026304,0.0915,10.172579121655566,-1000000.0,15.0,0.9267319576193422,650.0,1.5968576021026304,0.9267319576193422,1.6509843502576116,1.3383006825003818,-0.3126836677572298,-1.6509843502576116,5.156209450209726,0.056600000000000004,0.46799999999999997,3.973235949071538,0.082,0.08,1.0596051442669285,1.3383006825003818,4.0,400.0,199.0,9.278982333938979,0.10120000000000003,0.4312,-2.2973268053124363,0.0644,0.10300000000000001,0.902201744639483,-0.3126836677572298,2.0,515.0,256.0,5.0,5.0,10.172579121655566,0.0915,1.5968576021026304,0.9267319576193422,3.0,1.0124507087406367,1.6509843502576116,1.3383006825003818,-0.3126836677572298,-1.6509843502576116,5.156209450209726,0.056600000000000004,0.46799999999999997,3.973235949071538,0.082,0.08,1.0596051442669285,1.3383006825003818,4.0,400.0,199.0,9.278982333938979,0.10120000000000003,0.4312,-2.2973268053124363,0.0644,0.10300000000000001,0.902201744639483,-0.3126836677572298,2.0,515.0,256.0,915.0,455.0,350.0,350.0,0.85,0.9267319576193422,100.0,1,median_of_seed_median_return_pct,0.9267319576193422,1.0,1.0,1.5968576021026304,10.172579121655566,0.9267319576193422,1.0124507087406367,455.0,feasible_if_all_values_le_0,1.0,1.0,3142,0.0,True,COMPLETE
20,-1.1865221849894692,0.7780313498247865,0.042727606285584564,250,1.0,1.0,1.0,False,-0.10387131816455285,True,True,True,True,True,True,True,0.0,0.0,-3.5769988678705147,0.0,-183.0,-367.0,-0.05412139284632134,"[-3.5769988678705147, -0.05412139284632134, -367.0, -183.0, 0.0, 0.0, 0.0]",-1.1108742350733358,0.0939,11.423001132129485,-1000000.0,15.0,-1.1865221849894692,650.0,-1.1108742350733358,-1.1865221849894692,5.364349899680931,0.7372005687660499,-4.6271493309148815,-5.364349899680931,7.135457705445991,0.055600000000000004,0.4466,2.4882771244859,0.0566,0.0774,1.1636086462199653,0.7372005687660499,3.0,387.0,193.0,10.96744833346417,0.12060000000000001,0.4636,-3.604414952279113,0.047799999999999995,0.11039999999999998,0.6481192746908361,-4.6271493309148815,1.0,552.0,274.0,5.0,5.0,11.423001132129485,0.0939,-1.1108742350733358,-1.1865221849894692,2.0,0.9041213928463213,5.364349899680931,0.7372005687660499,-4.6271493309148815,-5.364349899680931,7.135457705445991,0.055600000000000004,0.4466,2.4882771244859,0.0566,0.0774,1.1636086462199653,0.7372005687660499,3.0,387.0,193.0,10.96744833346417,0.12060000000000001,0.4636,-3.604414952279113,0.047799999999999995,0.11039999999999998,0.6481192746908361,-4.6271493309148815,1.0,552.0,274.0,939.0,467.0,250.0,250.0,0.85,-1.1865221849894692,100.0,1,median_of_seed_median_return_pct,-1.1865221849894692,1.0,1.0,-1.1108742350733358,11.423001132129485,-1.1865221849894692,0.9041213928463213,467.0,feasible_if_all_values_le_0,1.0,1.0,3142,0.0,True,COMPLETE
21,1.055119943038152,3.850033729031459,0.059300159411871854,400,1.0,1.0,1.0,False,0.126176020114009,True,True,True,True,True,True,True,0.0,0.0,-6.63771418622353,0.0,-207.0,-343.0,-0.15795506131151604,"[-6.63771418622353, -0.15795506131151604, -343.0, -207.0, 0.0, 0.0, 0.0]",4.304110506724841,0.0891,8.36228581377647,-1000000.0,15.0,1.055119943038152,650.0,4.304110506724841,1.055119943038152,8.813975549654696,5.464964480302159,-3.3490110693525366,-8.813975549654696,4.81371874027352,0.06,0.4928,7.046524673992529,0.08180000000000001,0.081,1.7548500145810386,5.464964480302159,5.0,405.0,201.0,8.357704029238267,0.09140000000000001,0.43520000000000003,-2.59007691695315,0.06539999999999999,0.0972,0.7056786363133628,-3.3490110693525366,2.0,486.0,242.0,5.0,5.0,8.36228581377647,0.0891,4.304110506724841,1.055119943038152,3.0,1.007955061311516,8.813975549654696,5.464964480302159,-3.3490110693525366,-8.813975549654696,4.81371874027352,0.06,0.4928,7.046524673992529,0.08180000000000001,0.081,1.7548500145810386,5.464964480302159,5.0,405.0,201.0,8.357704029238267,0.09140000000000001,0.43520000000000003,-2.59007691695315,0.06539999999999999,0.0972,0.7056786363133628,-3.3490110693525366,2.0,486.0,242.0,891.0,443.0,400.0,400.0,0.85,1.055119943038152,100.0,1,median_of_seed_median_return_pct,1.055119943038152,1.0,1.0,4.304110506724841,8.36228581377647,1.055119943038152,1.007955061311516,443.0,feasible_if_all_values_le_0,1.0,1.0,3142,0.0,True,COMPLETE
22,3.269555350018871,3.242596502633683,0.11376122884742042,400,1.0,1.0,1.0,False,0.35735304476929247,True,True,True,True,True,True,True,0.0,0.0,-5.850629656367698,0.0,-202.0,-348.0,-0.23813918711834792,"[-5.850629656367698, -0.23813918711834792, -348.0, -202.0, 0.0, 0.0, 0.0]",2.7595745684870048,0.0901,9.149370343632302,-1000000.0,15.0,3.269555350018871,650.0,2.7595745684870048,3.269555350018871,4.401969507535264,3.5226809705153794,-0.8792885370198844,-4.401969507535264,4.385254829123053,0.05600000000000001,0.5006,5.075629443763942,0.09340000000000001,0.0794,1.2518727808364434,3.5226809705153794,4.0,397.0,197.0,8.413326980846803,0.09659999999999999,0.44499999999999995,-2.2589174050760996,0.0674,0.1008,0.9151171725492104,-0.8792885370198844,2.0,504.0,251.0,5.0,5.0,9.149370343632302,0.0901,2.7595745684870048,3.269555350018871,3.0,1.088139187118348,4.401969507535264,3.5226809705153794,-0.8792885370198844,-4.401969507535264,4.385254829123053,0.05600000000000001,0.5006,5.075629443763942,0.09340000000000001,0.0794,1.2518727808364434,3.5226809705153794,4.0,397.0,197.0,8.413326980846803,0.09659999999999999,0.44499999999999995,-2.2589174050760996,0.0674,0.1008,0.9151171725492104,-0.8792885370198844,2.0,504.0,251.0,901.0,448.0,400.0,400.0,0.85,3.269555350018871,100.0,1,median_of_seed_median_return_pct,3.269555350018871,1.0,1.0,2.7595745684870048,9.149370343632302,3.269555350018871,1.088139187118348,448.0,feasible_if_all_values_le_0,1.0,1.0,3142,0.0,True,COMPLETE
23,2.772656092254211,2.6313864590445455,0.10615129779590042,400,1.0,1.0,1.0,False,0.3182287556914087,True,True,True,True,True,True,True,0.0,0.0,-6.287223286185682,0.0,-203.0,-347.0,-0.22857992309315323,"[-6.287223286185682, -0.22857992309315323, -347.0, -203.0, 0.0, 0.0, 0.0]",3.4554503421956895,0.0899,8.712776713814318,-1000000.0,15.0,2.772656092254211,650.0,3.4554503421956895,2.772656092254211,6.818344640564611,3.2624927229668144,-3.5558519175977965,-6.818344640564611,3.725480361340694,0.053000000000000005,0.4958,6.180250786030981,0.0814,0.0722,1.5941472233783043,3.2624927229668144,5.0,361.0,179.0,8.259139563017015,0.11000000000000001,0.4502,-2.609537357232017,0.059800000000000006,0.1076,0.7201520230228868,-3.5558519175977965,2.0,538.0,268.0,5.0,5.0,8.712776713814318,0.0899,3.4554503421956895,2.772656092254211,3.0,1.0785799230931532,6.818344640564611,3.2624927229668144,-3.5558519175977965,-6.818344640564611,3.725480361340694,0.053000000000000005,0.4958,6.180250786030981,0.0814,0.0722,1.5941472233783043,3.2624927229668144,5.0,361.0,179.0,8.259139563017015,0.11000000000000001,0.4502,-2.609537357232017,0.059800000000000006,0.1076,0.7201520230228868,-3.5558519175977965,2.0,538.0,268.0,899.0,447.0,400.0,400.0,0.85,2.772656092254211,100.0,1,median_of_seed_median_return_pct,2.772656092254211,1.0,1.0,3.4554503421956895,8.712776713814318,2.772656092254211,1.0785799230931532,447.0,feasible_if_all_values_le_0,1.0,1.0,3142,0.0,True,COMPLETE
24,0.27927836246988136,2.80936866621406,0.11025720788366816,400,1.0,1.0,1.0,False,0.030070370776270117,True,True,True,True,True,True,True,0.0,0.0,-5.712506854412567,0.0,-181.0,-369.0,-0.1042802484530918,"[-5.712506854412567, -0.1042802484530918, -369.0, -181.0, 0.0, 0.0, 0.0]",1.776843232274068,0.0943,9.287493145587433,-1000000.0,15.0,0.27927836246988136,650.0,1.776843232274068,0.27927836246988136,6.529574979322161,2.717197447955355,-3.8123775313668062,-6.529574979322161,5.230037938110499,0.047599999999999996,0.4917999999999999,4.884182042753817,0.0776,0.0762,1.290679882672584,2.717197447955355,4.0,381.0,189.0,7.587514530050965,0.11439999999999999,0.45,-3.0101414857088504,0.05900000000000001,0.11240000000000001,0.7436506695120553,-3.8123775313668062,1.0,562.0,280.0,5.0,5.0,9.287493145587433,0.0943,1.776843232274068,0.27927836246988136,3.0,0.9542802484530918,6.529574979322161,2.717197447955355,-3.8123775313668062,-6.529574979322161,5.230037938110499,0.047599999999999996,0.4917999999999999,4.884182042753817,0.0776,0.0762,1.290679882672584,2.717197447955355,4.0,381.0,189.0,7.587514530050965,0.11439999999999999,0.45,-3.0101414857088504,0.05900000000000001,0.11240000000000001,0.7436506695120553,-3.8123775313668062,1.0,562.0,280.0,943.0,469.0,400.0,400.0,0.85,0.27927836246988136,100.0,1,median_of_seed_median_return_pct,0.27927836246988136,1.0,1.0,1.776843232274068,9.287493145587433,0.27927836246988136,0.9542802484530918,469.0,feasible_if_all_values_le_0,1.0,1.0,3142,0.0,True,COMPLETE
25,-6.74030641642206,5.065101655530771,0.10306734027711187,250,1.0,1.0,1.0,False,-0.49597062040159856,True,True,True,True,False,True,True,0.0,0.0,-1.4098675623885093,0.0,-138.0,-412.0,0.15096452560147833,"[-1.4098675623885093, 0.15096452560147833, -412.0, -138.0, 0.0, 0.0, 0.0]",-2.2528585671363595,0.10289999999999999,13.59013243761149,-1000000.0,15.0,-6.74030641642206,650.0,-2.2528585671363595,-6.74030641642206,5.803203318250749,2.231999623480485,-3.571203694770264,-5.803203318250749,7.944766596668218,0.061399999999999996,0.5094000000000001,2.20783134487325,0.0774,0.087,1.093913282252554,2.231999623480485,3.0,435.0,217.0,11.02063831647343,0.1256,0.4734,-4.428410704965993,0.0586,0.11879999999999999,0.6425327720969978,-3.571203694770264,0.0,594.0,295.0,5.0,5.0,13.59013243761149,0.10289999999999999,-2.2528585671363595,-6.74030641642206,2.0,0.6990354743985217,5.803203318250749,2.231999623480485,-3.571203694770264,-5.803203318250749,7.944766596668218,0.061399999999999996,0.5094000000000001,2.20783134487325,0.0774,0.087,1.093913282252554,2.231999623480485,3.0,435.0,217.0,11.02063831647343,0.1256,0.4734,-4.428410704965993,0.0586,0.11879999999999999,0.6425327720969978,-3.571203694770264,0.0,594.0,295.0,1029.0,512.0,250.0,250.0,0.85,-6.74030641642206,100.0,1,median_of_seed_median_return_pct,-6.74030641642206,1.0,1.0,-2.2528585671363595,13.59013243761149,-6.74030641642206,0.6990354743985217,512.0,feasible_if_all_values_le_0,1.0,1.0,3142,0.0,False,COMPLETE
26,1.5802852129280565,4.262099712582745,0.15306004558753886,400,1.0,1.0,1.0,False,0.1687791862632959,True,True,True,True,True,True,True,0.0,0.0,-5.636966275789433,0.0,-158.0,-392.0,-0.2509439524527616,"[-5.636966275789433, -0.2509439524527616, -392.0, -158.0, 0.0, 0.0, 0.0]",2.8200236101792626,0.0989,9.363033724210567,-1000000.0,15.0,1.5802852129280565,650.0,2.8200236101792626,1.5802852129280565,1.8763650956754696,1.7449263471616572,-0.13143874851381243,-1.8763650956754696,5.00817204711006,0.055799999999999995,0.5109999999999999,5.208096361609475,0.10139999999999998,0.08199999999999999,1.2557787672417324,1.7449263471616572,4.0,410.0,204.0,9.134334312212122,0.12200000000000003,0.4704,-2.3643670044118137,0.06999999999999999,0.11579999999999999,0.9665278584923137,-0.13143874851381243,2.0,579.0,288.0,5.0,5.0,9.363033724210567,0.0989,2.8200236101792626,1.5802852129280565,3.0,1.1009439524527616,1.8763650956754696,1.7449263471616572,-0.13143874851381243,-1.8763650956754696,5.00817204711006,0.055799999999999995,0.5109999999999999,5.208096361609475,0.10139999999999998,0.08199999999999999,1.2557787672417324,1.7449263471616572,4.0,410.0,204.0,9.134334312212122,0.12200000000000003,0.4704,-2.3643670044118137,0.06999999999999999,0.11579999999999999,0.9665278584923137,-0.13143874851381243,2.0,579.0,288.0,989.0,492.0,400.0,400.0,0.85,1.5802852129280565,100.0,1,median_of_seed_median_return_pct,1.5802852129280565,1.0,1.0,2.8200236101792626,9.363033724210567,1.5802852129280565,1.1009439524527616,492.0,feasible_if_all_values_le_0,1.0,1.0,3142,0.0,True,COMPLETE
27,-0.9863887979130959,7.863651875381774,0.2982176345001052,400,1.0,1.0,1.0,False,-0.08291640541811755,True,True,True,True,True,True,True,0.0,0.0,-3.1038162117726564,0.0,-171.0,-379.0,-0.06496252673900793,"[-3.1038162117726564, -0.06496252673900793, -379.0, -171.0, 0.0, 0.0, 0.0]",-0.3372516137432104,0.0963,11.896183788227344,-1000000.0,15.0,-0.9863887979130959,650.0,-0.3372516137432104,-0.9863887979130959,3.115007263426961,1.133406008892024,-1.981601254534937,-3.115007263426961,6.393116779897168,0.0494,0.5267999999999999,2.4074180913198107,0.10600000000000001,0.0798,1.007291835034531,1.133406008892024,3.0,399.0,199.0,10.251477282804622,0.12080000000000002,0.4997999999999999,-2.7628481862482346,0.07559999999999999,0.11279999999999998,0.8252223440253564,-1.981601254534937,1.0,564.0,280.0,5.0,5.0,11.896183788227344,0.0963,-0.3372516137432104,-0.9863887979130959,2.0,0.9149625267390079,3.115007263426961,1.133406008892024,-1.981601254534937,-3.115007263426961,6.393116779897168,0.0494,0.5267999999999999,2.4074180913198107,0.10600000000000001,0.0798,1.007291835034531,1.133406008892024,3.0,399.0,199.0,10.251477282804622,0.12080000000000002,0.4997999999999999,-2.7628481862482346,0.07559999999999999,0.11279999999999998,0.8252223440253564,-1.981601254534937,1.0,564.0,280.0,963.0,479.0,400.0,400.0,0.85,-0.9863887979130959,100.0,1,median_of_seed_median_return_pct,-0.9863887979130959,1.0,1.0,-0.3372516137432104,11.896183788227344,-0.9863887979130959,0.9149625267390079,479.0,feasible_if_all_values_le_0,1.0,1.0,3142,0.0,True,COMPLETE
28,0.268913754982103,5.9431973978811525,0.024048352885807867,250,1.0,1.0,1.0,False,0.022253481025764386,True,True,True,True,True,True,True,0.0,0.0,-2.915879108047722,0.0,-186.0,-364.0,-0.11166394862058071,"[-2.915879108047722, -0.11166394862058071, -364.0, -186.0, 0.0, 0.0, 0.0]",1.0554017449969528,0.09330000000000001,12.084120891952278,-1000000.0,15.0,0.268913754982103,650.0,1.0554017449969528,0.268913754982103,8.376045065486949,3.1337541239059297,-5.242290941581018,-8.376045065486949,5.7919435274919495,0.0626,0.49700000000000005,4.712743385938667,0.076,0.0862,1.4827548951566445,3.1337541239059297,4.0,431.0,215.0,11.452843590918038,0.0952,0.44580000000000003,-3.619646595772919,0.054200000000000005,0.1004,0.5734552154366241,-5.242290941581018,1.0,502.0,249.0,5.0,5.0,12.084120891952278,0.09330000000000001,1.0554017449969528,0.268913754982103,3.0,0.9616639486205807,8.376045065486949,3.1337541239059297,-5.242290941581018,-8.376045065486949,5.7919435274919495,0.0626,0.49700000000000005,4.712743385938667,0.076,0.0862,1.4827548951566445,3.1337541239059297,4.0,431.0,215.0,11.452843590918038,0.0952,0.44580000000000003,-3.619646595772919,0.054200000000000005,0.1004,0.5734552154366241,-5.242290941581018,1.0,502.0,249.0,933.0,464.0,250.0,250.0,0.85,0.268913754982103,100.0,1,median_of_seed_median_return_pct,0.268913754982103,1.0,1.0,1.0554017449969528,12.084120891952278,0.268913754982103,0.9616639486205807,464.0,feasible_if_all_values_le_0,1.0,1.0,3142,0.0,True,COMPLETE
29,3.524440973261078,8.896757177999854,0.060290047501029925,400,1.0,1.0,1.0,False,0.4010921580815753,True,True,True,True,True,True,True,0.0,0.0,-6.212889850256641,0.0,-233.0,-317.0,-0.4435490905109133,"[-6.212889850256641, -0.4435490905109133, -317.0, -233.0, 0.0, 0.0, 0.0]",3.6879035837673806,0.0839,8.78711014974336,-1000000.0,15.0,3.524440973261078,650.0,3.6879035837673806,3.524440973261078,2.5962019166517303,2.133762041077114,-0.4624398755746162,-2.5962019166517303,3.925207456265789,0.046200000000000005,0.5024,4.767231518094839,0.08180000000000001,0.0742,1.3993303449283672,2.133762041077114,5.0,371.0,184.0,8.78711014974336,0.08199999999999999,0.42700000000000005,-1.0891032136479282,0.0744,0.0936,0.9774415970824271,-0.4624398755746162,2.0,468.0,233.0,5.0,5.0,8.78711014974336,0.0839,3.6879035837673806,3.524440973261078,3.0,1.2935490905109133,2.5962019166517303,2.133762041077114,-0.4624398755746162,-2.5962019166517303,3.925207456265789,0.046200000000000005,0.5024,4.767231518094839,0.08180000000000001,0.0742,1.3993303449283672,2.133762041077114,5.0,371.0,184.0,8.78711014974336,0.08199999999999999,0.42700000000000005,-1.0891032136479282,0.0744,0.0936,0.9774415970824271,-0.4624398755746162,2.0,468.0,233.0,839.0,417.0,400.0,400.0,0.85,3.524440973261078,100.0,1,median_of_seed_median_return_pct,3.524440973261078,1.0,1.0,3.6879035837673806,8.78711014974336,3.524440973261078,1.2935490905109133,417.0,feasible_if_all_values_le_0,1.0,1.0,3142,0.0,True,COMPLETE
30,3.060425750763174,9.094254300110434,0.05592157535745138,400,1.0,1.0,1.0,False,0.3751962662342721,True,True,True,True,True,True,True,0.0,0.0,-6.8431337777432795,0.0,-213.0,-337.0,-0.2956877274544959,"[-6.8431337777432795, -0.2956877274544959, -337.0, -213.0, 0.0, 0.0, 0.0]",2.1943818573304763,0.0879,8.15686622225672,-1000000.0,15.0,3.060425750763174,650.0,2.1943818573304763,3.060425750763174,4.3480234525508425,1.9913696766513667,-2.3566537758994754,-4.3480234525508425,4.24849964287578,0.044,0.49660000000000004,4.9368516084435,0.0874,0.07759999999999999,1.3851448021059336,1.9913696766513667,3.0,388.0,193.0,8.15686622225672,0.0848,0.4404,-2.6666151023554563,0.07579999999999999,0.09820000000000001,0.7717165896561834,-2.3566537758994754,1.0,491.0,244.0,5.0,5.0,8.15686622225672,0.0879,2.1943818573304763,3.060425750763174,3.0,1.1456877274544959,4.3480234525508425,1.9913696766513667,-2.3566537758994754,-4.3480234525508425,4.24849964287578,0.044,0.49660000000000004,4.9368516084435,0.0874,0.07759999999999999,1.3851448021059336,1.9913696766513667,3.0,388.0,193.0,8.15686622225672,0.0848,0.4404,-2.6666151023554563,0.07579999999999999,0.09820000000000001,0.7717165896561834,-2.3566537758994754,1.0,491.0,244.0,879.0,437.0,400.0,400.0,0.85,3.060425750763174,100.0,1,median_of_seed_median_return_pct,3.060425750763174,1.0,1.0,2.1943818573304763,8.15686622225672,3.060425750763174,1.1456877274544959,437.0,feasible_if_all_values_le_0,1.0,1.0,3142,0.0,True,COMPLETE
31,2.253401630249452,9.868989962549305,0.03732565896021205,400,1.0,1.0,1.0,False,0.3492082348470603,True,True,True,True,True,True,True,0.0,0.0,-8.547111993975873,0.0,-229.0,-321.0,-0.2497107472545982,"[-8.547111993975873, -0.2497107472545982, -321.0, -229.0, 0.0, 0.0, 0.0]",4.05160658950243,0.0847,6.452888006024127,-1000000.0,15.0,2.253401630249452,650.0,4.05160658950243,2.253401630249452,3.755624132848323,2.381827823890159,-1.373796308958164,-3.755624132848323,3.777606683323398,0.059199999999999996,0.503,5.138401333354841,0.08299999999999999,0.0812,1.3471903227734865,2.381827823890159,5.0,406.0,201.0,6.452888006024127,0.0748,0.4364,-0.9422625521224193,0.0596,0.0882,0.8455201268468128,-1.373796308958164,1.0,441.0,220.0,5.0,5.0,6.452888006024127,0.0847,4.05160658950243,2.253401630249452,4.0,1.0997107472545982,3.755624132848323,2.381827823890159,-1.373796308958164,-3.755624132848323,3.777606683323398,0.059199999999999996,0.503,5.138401333354841,0.08299999999999999,0.0812,1.3471903227734865,2.381827823890159,5.0,406.0,201.0,6.452888006024127,0.0748,0.4364,-0.9422625521224193,0.0596,0.0882,0.8455201268468128,-1.373796308958164,1.0,441.0,220.0,847.0,421.0,400.0,400.0,0.85,2.253401630249452,100.0,1,median_of_seed_median_return_pct,2.253401630249452,1.0,1.0,4.05160658950243,6.452888006024127,2.253401630249452,1.0997107472545982,421.0,feasible_if_all_values_le_0,1.0,1.0,3142,0.0,True,COMPLETE
32,-1.3151571276834528,7.7858510916126775,0.06396944596899641,400,1.0,1.0,1.0,False,-0.1387015747568411,True,True,True,True,True,True,True,0.0,0.0,-5.518080778902,0.0,-209.0,-341.0,-0.05003223578509863,"[-5.518080778902, -0.05003223578509863, -341.0, -209.0, 0.0, 0.0, 0.0]",2.369929716010275,0.08869999999999999,9.481919221098,-1000000.0,15.0,-1.3151571276834528,650.0,2.369929716010275,-1.3151571276834528,5.187518844060057,1.9678600477515351,-3.219658796308522,-5.187518844060057,6.85563707795005,0.054200000000000005,0.49460000000000004,4.430479475087301,0.0794,0.078,1.0659373086741857,1.9678600477515351,5.0,390.0,194.0,9.196977902587012,0.09540000000000001,0.4312,-2.0778919009627073,0.0758,0.0994,0.7262824896438542,-3.219658796308522,2.0,497.0,247.0,5.0,5.0,9.481919221098,0.08869999999999999,2.369929716010275,-1.3151571276834528,2.0,0.9000322357850986,5.187518844060057,1.9678600477515351,-3.219658796308522,-5.187518844060057,6.85563707795005,0.054200000000000005,0.49460000000000004,4.430479475087301,0.0794,0.078,1.0659373086741857,1.9678600477515351,5.0,390.0,194.0,9.196977902587012,0.09540000000000001,0.4312,-2.0778919009627073,0.0758,0.0994,0.7262824896438542,-3.219658796308522,2.0,497.0,247.0,887.0,441.0,400.0,400.0,0.85,-1.3151571276834528,100.0,1,median_of_seed_median_return_pct,-1.3151571276834528,1.0,1.0,2.369929716010275,9.481919221098,-1.3151571276834528,0.9000322357850986,441.0,feasible_if_all_values_le_0,1.0,1.0,3142,0.0,True,COMPLETE
33,0.6876565194654294,9.27668209444442,0.08938445589143793,375,1.0,1.0,1.0,False,0.06990208127511269,True,True,True,True,True,True,True,0.0,0.0,-5.1625744624251055,0.0,-192.0,-358.0,-0.10190234398068576,"[-5.1625744624251055, -0.10190234398068576, -358.0, -192.0, 0.0, 0.0, 0.0]",2.5249630892107744,0.09209999999999999,9.837425537574894,-1000000.0,15.0,0.6876565194654294,650.0,2.5249630892107744,0.6876565194654294,0.7635402806331237,1.0860602909208206,0.32252001028769683,-0.7635402806331237,5.908006559513456,0.0616,0.485,4.169515209113458,0.1002,0.0842,1.0716399474330118,1.0860602909208206,4.0,421.0,209.0,8.537099578319296,0.09240000000000001,0.4666,-1.6225226518126745,0.0668,0.1,0.9820567548861548,0.32252001028769683,3.0,500.0,249.0,5.0,5.0,9.837425537574894,0.09209999999999999,2.5249630892107744,0.6876565194654294,3.0,0.9519023439806857,0.7635402806331237,1.0860602909208206,0.32252001028769683,-0.7635402806331237,5.908006559513456,0.0616,0.485,4.169515209113458,0.1002,0.0842,1.0716399474330118,1.0860602909208206,4.0,421.0,209.0,8.537099578319296,0.09240000000000001,0.4666,-1.6225226518126745,0.0668,0.1,0.9820567548861548,0.32252001028769683,3.0,500.0,249.0,921.0,458.0,375.0,375.0,0.85,0.6876565194654294,100.0,1,median_of_seed_median_return_pct,0.6876565194654294,1.0,1.0,2.5249630892107744,9.837425537574894,0.6876565194654294,0.9519023439806857,458.0,feasible_if_all_values_le_0,1.0,1.0,3142,0.0,True,COMPLETE
34,0.8937160040581871,8.539886039126824,0.05947143464396646,400,1.0,1.0,1.0,False,0.14607545727205534,True,True,True,True,True,True,True,0.0,0.0,-8.88181956950028,0.0,-212.0,-338.0,-0.17235409248596378,"[-8.88181956950028, -0.17235409248596378, -338.0, -212.0, 0.0, 0.0, 0.0]",4.810130877547456,0.08809999999999998,6.11818043049972,-1000000.0,15.0,0.8937160040581871,650.0,4.810130877547456,0.8937160040581871,4.265058599545646,2.8321059381412272,-1.4329526614044186,-4.265058599545646,5.963757362939681,0.0534,0.5136000000000001,5.313473867067824,0.0882,0.07919999999999999,1.2804646176336365,2.8321059381412272,5.0,396.0,196.0,6.11818043049972,0.0854,0.4282,-0.461861511559869,0.06480000000000001,0.097,0.8405798480666316,-1.4329526614044186,2.0,485.0,242.0,5.0,5.0,6.11818043049972,0.08809999999999998,4.810130877547456,0.8937160040581871,4.0,1.0223540924859638,4.265058599545646,2.8321059381412272,-1.4329526614044186,-4.265058599545646,5.963757362939681,0.0534,0.5136000000000001,5.313473867067824,0.0882,0.07919999999999999,1.2804646176336365,2.8321059381412272,5.0,396.0,196.0,6.11818043049972,0.0854,0.4282,-0.461861511559869,0.06480000000000001,0.097,0.8405798480666316,-1.4329526614044186,2.0,485.0,242.0,881.0,438.0,400.0,400.0,0.85,0.8937160040581871,100.0,1,median_of_seed_median_return_pct,0.8937160040581871,1.0,1.0,4.810130877547456,6.11818043049972,0.8937160040581871,1.0223540924859638,438.0,feasible_if_all_values_le_0,1.0,1.0,3142,0.0,True,COMPLETE
35,-1.2543453206548372,7.317845012972319,0.037988427926205694,375,1.0,1.0,1.0,False,-0.17958054668641302,True,True,True,True,True,True,True,0.0,0.0,-8.015138088173888,0.0,-177.0,-373.0,-0.05877548691908474,"[-8.015138088173888, -0.05877548691908474, -373.0, -177.0, 0.0, 0.0, 0.0]",3.500145075862393,0.09509999999999999,6.984861911826112,-1000000.0,15.0,-1.2543453206548372,650.0,3.500145075862393,-1.2543453206548372,2.1002285342195948,1.3198530296009148,-0.78037550461868,-2.1002285342195948,6.314736452801462,0.0678,0.4748,3.8689754787799813,0.0834,0.0838,1.0548479556112074,1.3198530296009148,4.0,419.0,208.0,5.6597038982219905,0.1008,0.43620000000000003,-0.4220875251635968,0.0596,0.10640000000000001,0.9105416491467093,-0.78037550461868,2.0,532.0,265.0,5.0,5.0,6.984861911826112,0.09509999999999999,3.500145075862393,-1.2543453206548372,2.0,0.9087754869190847,2.1002285342195948,1.3198530296009148,-0.78037550461868,-2.1002285342195948,6.314736452801462,0.0678,0.4748,3.8689754787799813,0.0834,0.0838,1.0548479556112074,1.3198530296009148,4.0,419.0,208.0,5.6597038982219905,0.1008,0.43620000000000003,-0.4220875251635968,0.0596,0.10640000000000001,0.9105416491467093,-0.78037550461868,2.0,532.0,265.0,951.0,473.0,375.0,375.0,0.85,-1.2543453206548372,100.0,1,median_of_seed_median_return_pct,-1.2543453206548372,1.0,1.0,3.500145075862393,6.984861911826112,-1.2543453206548372,0.9087754869190847,473.0,feasible_if_all_values_le_0,1.0,1.0,3142,0.0,True,COMPLETE
36,2.3953078507193304,7.699073886489871,0.04961294621817839,400,1.0,1.0,1.0,False,0.35889385421628095,True,True,True,True,True,True,True,0.0,0.0,-8.325859937195133,0.0,-202.0,-348.0,-0.3234886107441789,"[-8.325859937195133, -0.3234886107441789, -348.0, -202.0, 0.0, 0.0, 0.0]",2.433223223812278,0.09009999999999999,6.6741400628048675,-1000000.0,15.0,2.3953078507193304,650.0,2.433223223812278,2.3953078507193304,3.7732982015349803,2.462240612943245,-1.3110575885917353,-3.7732982015349803,3.9609775239624723,0.05519999999999999,0.48840000000000006,4.431327772403632,0.0814,0.08259999999999999,1.4494331092054311,2.462240612943245,3.0,413.0,205.0,6.163029831177502,0.0802,0.43100000000000005,-1.920601890013256,0.0678,0.09759999999999999,0.8582781223846754,-1.3110575885917353,0.0,488.0,243.0,5.0,5.0,6.6741400628048675,0.09009999999999999,2.433223223812278,2.3953078507193304,3.0,1.1734886107441789,3.7732982015349803,2.462240612943245,-1.3110575885917353,-3.7732982015349803,3.9609775239624723,0.05519999999999999,0.48840000000000006,4.431327772403632,0.0814,0.08259999999999999,1.4494331092054311,2.462240612943245,3.0,413.0,205.0,6.163029831177502,0.0802,0.43100000000000005,-1.920601890013256,0.0678,0.09759999999999999,0.8582781223846754,-1.3110575885917353,0.0,488.0,243.0,901.0,448.0,400.0,400.0,0.85,2.3953078507193304,100.0,1,median_of_seed_median_return_pct,2.3953078507193304,1.0,1.0,2.433223223812278,6.6741400628048675,2.3953078507193304,1.1734886107441789,448.0,feasible_if_all_values_le_0,1.0,1.0,3142,0.0,True,COMPLETE
37,2.500142696690233,4.540008489430599,0.10016448362930398,375,1.0,1.0,1.0,False,0.19908145450216405,True,True,True,True,True,True,True,0.0,0.0,-2.441609250132057,0.0,-188.0,-362.0,-0.23440643715610843,"[-2.441609250132057, -0.23440643715610843, -362.0, -188.0, 0.0, 0.0, 0.0]",3.7704090624376603,0.0929,12.558390749867943,-1000000.0,15.0,2.500142696690233,650.0,3.7704090624376603,2.500142696690233,0.16576365340916777,0.8048948704075132,0.6391312169983454,-0.16576365340916777,5.033483598018096,0.06000000000000001,0.49779999999999996,5.082964612983183,0.09140000000000001,0.0798,1.0227675653301518,0.8048948704075132,5.0,399.0,198.0,11.553378400211866,0.1062,0.4666,-1.341674444218619,0.06420000000000001,0.10600000000000001,1.0332826374648045,0.6391312169983454,3.0,530.0,264.0,5.0,5.0,12.558390749867943,0.0929,3.7704090624376603,2.500142696690233,4.0,1.0844064371561084,0.16576365340916777,0.8048948704075132,0.6391312169983454,-0.16576365340916777,5.033483598018096,0.06000000000000001,0.49779999999999996,5.082964612983183,0.09140000000000001,0.0798,1.0227675653301518,0.8048948704075132,5.0,399.0,198.0,11.553378400211866,0.1062,0.4666,-1.341674444218619,0.06420000000000001,0.10600000000000001,1.0332826374648045,0.6391312169983454,3.0,530.0,264.0,929.0,462.0,375.0,375.0,0.85,2.500142696690233,100.0,1,median_of_seed_median_return_pct,2.500142696690233,1.0,1.0,3.7704090624376603,12.558390749867943,2.500142696690233,1.0844064371561084,462.0,feasible_if_all_values_le_0,1.0,1.0,3142,0.0,True,COMPLETE
38,2.597216181990669,4.819512171855123,0.09488926745155579,400,1.0,1.0,1.0,False,0.28533502422440443,True,True,True,True,True,True,True,0.0,0.0,-5.897660779463008,0.0,-192.0,-358.0,-0.21662585525185596,"[-5.897660779463008, -0.21662585525185596, -358.0, -192.0, 0.0, 0.0, 0.0]",3.374577479788774,0.09209999999999999,9.102339220536992,-1000000.0,15.0,2.597216181990669,650.0,3.374577479788774,2.597216181990669,8.225091758909253,4.012332973417454,-4.212758785491799,-8.225091758909253,3.7918588176440893,0.056999999999999995,0.49640000000000006,6.165599884315034,0.09559999999999999,0.0814,1.6515465721384732,4.012332973417454,4.0,407.0,203.0,8.416029090214128,0.1,0.43740000000000007,-2.7342946806709145,0.0622,0.1028,0.6790566946133102,-4.212758785491799,1.0,514.0,255.0,5.0,5.0,9.102339220536992,0.09209999999999999,3.374577479788774,2.597216181990669,3.0,1.066625855251856,8.225091758909253,4.012332973417454,-4.212758785491799,-8.225091758909253,3.7918588176440893,0.056999999999999995,0.49640000000000006,6.165599884315034,0.09559999999999999,0.0814,1.6515465721384732,4.012332973417454,4.0,407.0,203.0,8.416029090214128,0.1,0.43740000000000007,-2.7342946806709145,0.0622,0.1028,0.6790566946133102,-4.212758785491799,1.0,514.0,255.0,921.0,458.0,400.0,400.0,0.85,2.597216181990669,100.0,1,median_of_seed_median_return_pct,2.597216181990669,1.0,1.0,3.374577479788774,9.102339220536992,2.597216181990669,1.066625855251856,458.0,feasible_if_all_values_le_0,1.0,1.0,3142,0.0,True,COMPLETE
39,1.9436919725458912,6.82435886270036,0.07480753089813963,400,1.0,1.0,1.0,False,0.23885989554259038,True,True,True,True,True,True,True,0.0,0.0,-6.862627386105855,0.0,-214.0,-336.0,-0.2123070385376301,"[-6.862627386105855, -0.2123070385376301, -336.0, -214.0, 0.0, 0.0, 0.0]",2.419553935670688,0.0877,8.137372613894145,-1000000.0,15.0,1.9436919725458912,650.0,2.419553935670688,1.9436919725458912,4.179032312511966,3.1405265942498595,-1.038505718262106,-4.179032312511966,5.8699856571040705,0.0526,0.4981999999999999,4.504293231708297,0.0806,0.0804,1.1407952898984675,3.1405265942498595,4.0,402.0,199.0,8.137372613894145,0.0806,0.4378,-2.0290975589193727,0.07339999999999999,0.095,0.9335604444582174,-1.038505718262106,2.0,475.0,237.0,5.0,5.0,8.137372613894145,0.0877,2.419553935670688,1.9436919725458912,3.0,1.06230703853763,4.179032312511966,3.1405265942498595,-1.038505718262106,-4.179032312511966,5.8699856571040705,0.0526,0.4981999999999999,4.504293231708297,0.0806,0.0804,1.1407952898984675,3.1405265942498595,4.0,402.0,199.0,8.137372613894145,0.0806,0.4378,-2.0290975589193727,0.07339999999999999,0.095,0.9335604444582174,-1.038505718262106,2.0,475.0,237.0,877.0,436.0,400.0,400.0,0.85,1.9436919725458912,100.0,1,median_of_seed_median_return_pct,1.9436919725458912,1.0,1.0,2.419553935670688,8.137372613894145,1.9436919725458912,1.06230703853763,436.0,feasible_if_all_values_le_0,1.0,1.0,3142,0.0,True,COMPLETE
