interval_minutes,interval_label,symbol,z_window,use_calendar_scaled_indicators,feature,target,horizon_bars,horizon_hours,corr_method,raw_corr,abs_corr,n_rows,n_features
30,30m,BTCUSDT,192,True,bb_pos_20_norm,target_log_ret_horizon_1,1,0.5,spearman,-0.06482821112203566,0.06482821112203566,45073,54
30,30m,BTCUSDT,192,True,MACD_hist_pct_z,target_log_ret_horizon_1,1,0.5,spearman,-0.03679124652633737,0.03679124652633737,45073,54
30,30m,BTCUSDT,192,True,dist_ema_72_z,target_log_ret_horizon_1,1,0.5,spearman,-0.030281866135817372,0.030281866135817372,45073,54
30,30m,BTCUSDT,192,True,dist_to_high_576_sqrt_z,target_log_ret_horizon_1,1,0.5,spearman,0.022383610411862997,0.022383610411862997,45073,54
30,30m,BTCUSDT,192,True,dist_to_high_192_sqrt_z,target_log_ret_horizon_1,1,0.5,spearman,0.022077085916243896,0.022077085916243896,45073,54
30,30m,BTCUSDT,192,True,dist_ema_168_z,target_log_ret_horizon_1,1,0.5,spearman,-0.021526875281757677,0.021526875281757677,45073,54
30,30m,BTCUSDT,192,True,dist_to_low_192_sqrt_z,target_log_ret_horizon_1,1,0.5,spearman,-0.018846434173319864,0.018846434173319864,45073,54
30,30m,BTCUSDT,192,True,log_ret_48_z,target_log_ret_horizon_1,1,0.5,spearman,-0.01864814470871493,0.01864814470871493,45073,54
30,30m,BTCUSDT,192,True,dist_to_high_1344_sqrt_z,target_log_ret_horizon_1,1,0.5,spearman,0.018033439829022342,0.018033439829022342,45073,54
30,30m,BTCUSDT,192,True,dist_to_low_576_sqrt_z,target_log_ret_horizon_1,1,0.5,spearman,-0.017518782944895943,0.017518782944895943,45073,54
30,30m,BTCUSDT,192,True,dist_to_low_1344_sqrt_z,target_log_ret_horizon_1,1,0.5,spearman,-0.01617669830182923,0.01617669830182923,45073,54
30,30m,BTCUSDT,192,True,price_pos_in_range_192_norm,target_log_ret_horizon_1,1,0.5,spearman,-0.01589209827457604,0.01589209827457604,45073,54
30,30m,BTCUSDT,192,True,dist_ema_400_z,target_log_ret_horizon_1,1,0.5,spearman,-0.015115104305589665,0.015115104305589665,45073,54
30,30m,BTCUSDT,192,True,ema_slope_72_z,target_log_ret_horizon_1,1,0.5,spearman,-0.014187851271743244,0.014187851271743244,45073,54
30,30m,BTCUSDT,192,True,MOM_pct_112_z,target_log_ret_horizon_1,1,0.5,spearman,-0.01330220353353512,0.01330220353353512,45073,54
30,30m,BTCUSDT,192,True,bb_pos_20_norm,target_log_ret_horizon_3,3,1.5,spearman,-0.07468899707223364,0.07468899707223364,45073,54
30,30m,BTCUSDT,192,True,MACD_hist_pct_z,target_log_ret_horizon_3,3,1.5,spearman,-0.0407541371400792,0.0407541371400792,45073,54
30,30m,BTCUSDT,192,True,dist_ema_72_z,target_log_ret_horizon_3,3,1.5,spearman,-0.03874812142507871,0.03874812142507871,45073,54
30,30m,BTCUSDT,192,True,dist_to_high_192_sqrt_z,target_log_ret_horizon_3,3,1.5,spearman,0.03313864324663274,0.03313864324663274,45073,54
30,30m,BTCUSDT,192,True,dist_to_high_576_sqrt_z,target_log_ret_horizon_3,3,1.5,spearman,0.03248362229742965,0.03248362229742965,45073,54
30,30m,BTCUSDT,192,True,dist_ema_168_z,target_log_ret_horizon_3,3,1.5,spearman,-0.0300464576506252,0.0300464576506252,45073,54
30,30m,BTCUSDT,192,True,log_ret_48_z,target_log_ret_horizon_3,3,1.5,spearman,-0.02768897874209317,0.02768897874209317,45073,54
30,30m,BTCUSDT,192,True,dist_to_high_1344_sqrt_z,target_log_ret_horizon_3,3,1.5,spearman,0.027603538817792705,0.027603538817792705,45073,54
30,30m,BTCUSDT,192,True,ema_slope_72_z,target_log_ret_horizon_3,3,1.5,spearman,-0.02369778196105352,0.02369778196105352,45073,54
30,30m,BTCUSDT,192,True,MOM_pct_112_z,target_log_ret_horizon_3,3,1.5,spearman,-0.023428430504304446,0.023428430504304446,45073,54
30,30m,BTCUSDT,192,True,price_pos_in_range_192_norm,target_log_ret_horizon_3,3,1.5,spearman,-0.022417320716754268,0.022417320716754268,45073,54
30,30m,BTCUSDT,192,True,dist_to_low_576_sqrt_z,target_log_ret_horizon_3,3,1.5,spearman,-0.02228013966089903,0.02228013966089903,45073,54
30,30m,BTCUSDT,192,True,dist_to_low_1344_sqrt_z,target_log_ret_horizon_3,3,1.5,spearman,-0.022055670677593946,0.022055670677593946,45073,54
30,30m,BTCUSDT,192,True,dist_ema_400_z,target_log_ret_horizon_3,3,1.5,spearman,-0.022021115852567847,0.022021115852567847,45073,54
30,30m,BTCUSDT,192,True,dist_to_low_192_sqrt_z,target_log_ret_horizon_3,3,1.5,spearman,-0.021925098792429383,0.021925098792429383,45073,54
30,30m,BTCUSDT,192,True,bb_pos_20_norm,target_log_ret_horizon_5,5,2.5,spearman,-0.0708858262627826,0.0708858262627826,45073,54
30,30m,BTCUSDT,192,True,MACD_hist_pct_z,target_log_ret_horizon_5,5,2.5,spearman,-0.037668833838732686,0.037668833838732686,45073,54
30,30m,BTCUSDT,192,True,dist_ema_72_z,target_log_ret_horizon_5,5,2.5,spearman,-0.03732344586034948,0.03732344586034948,45073,54
30,30m,BTCUSDT,192,True,dist_to_high_576_sqrt_z,target_log_ret_horizon_5,5,2.5,spearman,0.03432701236327588,0.03432701236327588,45073,54
30,30m,BTCUSDT,192,True,dist_to_high_192_sqrt_z,target_log_ret_horizon_5,5,2.5,spearman,0.03256328816861748,0.03256328816861748,45073,54
30,30m,BTCUSDT,192,True,dist_ema_168_z,target_log_ret_horizon_5,5,2.5,spearman,-0.030996434002538466,0.030996434002538466,45073,54
30,30m,BTCUSDT,192,True,dist_to_high_1344_sqrt_z,target_log_ret_horizon_5,5,2.5,spearman,0.02917406944314182,0.02917406944314182,45073,54
30,30m,BTCUSDT,192,True,log_ret_48_z,target_log_ret_horizon_5,5,2.5,spearman,-0.02844269170046273,0.02844269170046273,45073,54
30,30m,BTCUSDT,192,True,MOM_pct_112_z,target_log_ret_horizon_5,5,2.5,spearman,-0.026252385742058265,0.026252385742058265,45073,54
30,30m,BTCUSDT,192,True,ema_slope_72_z,target_log_ret_horizon_5,5,2.5,spearman,-0.025772665302625695,0.025772665302625695,45073,54
30,30m,BTCUSDT,192,True,price_pos_in_range_192_norm,target_log_ret_horizon_5,5,2.5,spearman,-0.024610658014873544,0.024610658014873544,45073,54
30,30m,BTCUSDT,192,True,log_ret_576_z,target_log_ret_horizon_5,5,2.5,spearman,-0.02416472697808176,0.02416472697808176,45073,54
30,30m,BTCUSDT,192,True,MOM_pct_576_z,target_log_ret_horizon_5,5,2.5,spearman,-0.0240727458509026,0.0240727458509026,45073,54
30,30m,BTCUSDT,192,True,dist_ema_400_z,target_log_ret_horizon_5,5,2.5,spearman,-0.02355326857348317,0.02355326857348317,45073,54
30,30m,BTCUSDT,192,True,dist_to_low_576_sqrt_z,target_log_ret_horizon_5,5,2.5,spearman,-0.022935334708295466,0.022935334708295466,45073,54
30,30m,BTCUSDT,192,True,bb_pos_20_norm,target_log_ret_horizon_10,10,5.0,spearman,-0.06116694098748305,0.06116694098748305,45073,54
30,30m,BTCUSDT,192,True,dist_to_high_576_sqrt_z,target_log_ret_horizon_10,10,5.0,spearman,0.036280872422444065,0.036280872422444065,45073,54
30,30m,BTCUSDT,192,True,dist_ema_72_z,target_log_ret_horizon_10,10,5.0,spearman,-0.03376230314624638,0.03376230314624638,45073,54
30,30m,BTCUSDT,192,True,dist_to_high_192_sqrt_z,target_log_ret_horizon_10,10,5.0,spearman,0.030531603720458933,0.030531603720458933,45073,54
30,30m,BTCUSDT,192,True,log_ret_48_z,target_log_ret_horizon_10,10,5.0,spearman,-0.029899838046374604,0.029899838046374604,45073,54
30,30m,BTCUSDT,192,True,dist_to_high_1344_sqrt_z,target_log_ret_horizon_10,10,5.0,spearman,0.02917819910677345,0.02917819910677345,45073,54
30,30m,BTCUSDT,192,True,dist_ema_168_z,target_log_ret_horizon_10,10,5.0,spearman,-0.029075010754662185,0.029075010754662185,45073,54
30,30m,BTCUSDT,192,True,MACD_hist_pct_z,target_log_ret_horizon_10,10,5.0,spearman,-0.027778341514065878,0.027778341514065878,45073,54
30,30m,BTCUSDT,192,True,volatility_1344_sqrt_z,target_log_ret_horizon_10,10,5.0,spearman,0.027163314836656086,0.027163314836656086,45073,54
30,30m,BTCUSDT,192,True,MOM_pct_112_z,target_log_ret_horizon_10,10,5.0,spearman,-0.026520829070237804,0.026520829070237804,45073,54
30,30m,BTCUSDT,192,True,log_ret_576_z,target_log_ret_horizon_10,10,5.0,spearman,-0.026395414398571973,0.026395414398571973,45073,54
30,30m,BTCUSDT,192,True,MOM_pct_576_z,target_log_ret_horizon_10,10,5.0,spearman,-0.026281154284753683,0.026281154284753683,45073,54
30,30m,BTCUSDT,192,True,price_pos_in_range_192_norm,target_log_ret_horizon_10,10,5.0,spearman,-0.025397358606340997,0.025397358606340997,45073,54
30,30m,BTCUSDT,192,True,ema_slope_72_z,target_log_ret_horizon_10,10,5.0,spearman,-0.024705786581148997,0.024705786581148997,45073,54
30,30m,BTCUSDT,192,True,dist_to_low_1344_sqrt_z,target_log_ret_horizon_10,10,5.0,spearman,-0.02326224845213895,0.02326224845213895,45073,54
30,30m,BTCUSDT,192,True,volatility_1344_sqrt_z,target_log_ret_horizon_24,24,12.0,spearman,0.04410437855926824,0.04410437855926824,45073,54
30,30m,BTCUSDT,192,True,ret_accel_48_192_z,target_log_ret_horizon_24,24,12.0,spearman,-0.042286444973198715,0.042286444973198715,45073,54
30,30m,BTCUSDT,192,True,log_ret_48_z,target_log_ret_horizon_24,24,12.0,spearman,-0.03610441747236961,0.03610441747236961,45073,54
30,30m,BTCUSDT,192,True,ADX_576_scaled,target_log_ret_horizon_24,24,12.0,spearman,0.031913856065387596,0.031913856065387596,45073,54
30,30m,BTCUSDT,192,True,dist_to_high_576_sqrt_z,target_log_ret_horizon_24,24,12.0,spearman,0.031696581596654366,0.031696581596654366,45073,54
30,30m,BTCUSDT,192,True,ret_accel_192_576_z,target_log_ret_horizon_24,24,12.0,spearman,0.028202897859906456,0.028202897859906456,45073,54
30,30m,BTCUSDT,192,True,NATR_14_z,target_log_ret_horizon_24,24,12.0,spearman,0.02504569262605509,0.02504569262605509,45073,54
30,30m,BTCUSDT,192,True,bb_width_20_sqrt_z,target_log_ret_horizon_24,24,12.0,spearman,0.024096599256759853,0.024096599256759853,45073,54
30,30m,BTCUSDT,192,True,ADX_240_scaled,target_log_ret_horizon_24,24,12.0,spearman,0.023584902973249524,0.023584902973249524,45073,54
30,30m,BTCUSDT,192,True,log_ret_192_z,target_log_ret_horizon_24,24,12.0,spearman,0.02351165104643946,0.02351165104643946,45073,54
30,30m,BTCUSDT,192,True,log_ret_576_z,target_log_ret_horizon_24,24,12.0,spearman,-0.02174062604611944,0.02174062604611944,45073,54
30,30m,BTCUSDT,192,True,MOM_pct_576_z,target_log_ret_horizon_24,24,12.0,spearman,-0.02160966149309664,0.02160966149309664,45073,54
30,30m,BTCUSDT,192,True,MOM_pct_112_z,target_log_ret_horizon_24,24,12.0,spearman,-0.019664800536442043,0.019664800536442043,45073,54
30,30m,BTCUSDT,192,True,dist_ema_72_z,target_log_ret_horizon_24,24,12.0,spearman,-0.018924008360766142,0.018924008360766142,45073,54
30,30m,BTCUSDT,192,True,price_pos_in_range_192_norm,target_log_ret_horizon_24,24,12.0,spearman,-0.017464888859767113,0.017464888859767113,45073,54
30,30m,ETHUSDT,192,True,bb_pos_20_norm,target_log_ret_horizon_1,1,0.5,spearman,-0.06140187063549073,0.06140187063549073,45073,54
30,30m,ETHUSDT,192,True,MACD_hist_pct_z,target_log_ret_horizon_1,1,0.5,spearman,-0.0389827641524636,0.0389827641524636,45073,54
30,30m,ETHUSDT,192,True,dist_ema_72_z,target_log_ret_horizon_1,1,0.5,spearman,-0.03046388149934763,0.03046388149934763,45073,54
30,30m,ETHUSDT,192,True,dist_to_high_576_sqrt_z,target_log_ret_horizon_1,1,0.5,spearman,0.025794898902093164,0.025794898902093164,45073,54
30,30m,ETHUSDT,192,True,dist_to_high_1344_sqrt_z,target_log_ret_horizon_1,1,0.5,spearman,0.024988252386916748,0.024988252386916748,45073,54
30,30m,ETHUSDT,192,True,dist_to_high_192_sqrt_z,target_log_ret_horizon_1,1,0.5,spearman,0.024456470760147803,0.024456470760147803,45073,54
30,30m,ETHUSDT,192,True,dist_ema_168_z,target_log_ret_horizon_1,1,0.5,spearman,-0.022453110219922398,0.022453110219922398,45073,54
30,30m,ETHUSDT,192,True,log_ret_48_z,target_log_ret_horizon_1,1,0.5,spearman,-0.021043203643772806,0.021043203643772806,45073,54
30,30m,ETHUSDT,192,True,dist_to_low_192_sqrt_z,target_log_ret_horizon_1,1,0.5,spearman,-0.020916958174851476,0.020916958174851476,45073,54
30,30m,ETHUSDT,192,True,dist_to_low_1344_sqrt_z,target_log_ret_horizon_1,1,0.5,spearman,-0.019791738270754634,0.019791738270754634,45073,54
30,30m,ETHUSDT,192,True,dist_to_low_576_sqrt_z,target_log_ret_horizon_1,1,0.5,spearman,-0.01974530142126845,0.01974530142126845,45073,54
30,30m,ETHUSDT,192,True,price_pos_in_range_192_norm,target_log_ret_horizon_1,1,0.5,spearman,-0.01832642433235022,0.01832642433235022,45073,54
30,30m,ETHUSDT,192,True,dist_ema_400_z,target_log_ret_horizon_1,1,0.5,spearman,-0.01728857648402114,0.01728857648402114,45073,54
30,30m,ETHUSDT,192,True,dist_ema_1600_z,target_log_ret_horizon_1,1,0.5,spearman,-0.016378995034869153,0.016378995034869153,45073,54
30,30m,ETHUSDT,192,True,body_sqrt_z,target_log_ret_horizon_1,1,0.5,spearman,0.0163274451220136,0.0163274451220136,45073,54
30,30m,ETHUSDT,192,True,bb_pos_20_norm,target_log_ret_horizon_3,3,1.5,spearman,-0.06180073037380335,0.06180073037380335,45073,54
30,30m,ETHUSDT,192,True,MACD_hist_pct_z,target_log_ret_horizon_3,3,1.5,spearman,-0.037858072270388045,0.037858072270388045,45073,54
30,30m,ETHUSDT,192,True,dist_to_high_1344_sqrt_z,target_log_ret_horizon_3,3,1.5,spearman,0.035203314554483105,0.035203314554483105,45073,54
30,30m,ETHUSDT,192,True,dist_to_high_576_sqrt_z,target_log_ret_horizon_3,3,1.5,spearman,0.033750538390866114,0.033750538390866114,45073,54
30,30m,ETHUSDT,192,True,dist_ema_72_z,target_log_ret_horizon_3,3,1.5,spearman,-0.033494195587362496,0.033494195587362496,45073,54
30,30m,ETHUSDT,192,True,dist_to_high_192_sqrt_z,target_log_ret_horizon_3,3,1.5,spearman,0.03093869875117242,0.03093869875117242,45073,54
30,30m,ETHUSDT,192,True,dist_ema_168_z,target_log_ret_horizon_3,3,1.5,spearman,-0.028470791538878867,0.028470791538878867,45073,54
30,30m,ETHUSDT,192,True,dist_to_low_1344_sqrt_z,target_log_ret_horizon_3,3,1.5,spearman,-0.027539288611384934,0.027539288611384934,45073,54
30,30m,ETHUSDT,192,True,log_ret_48_z,target_log_ret_horizon_3,3,1.5,spearman,-0.02609412858742682,0.02609412858742682,45073,54
30,30m,ETHUSDT,192,True,price_pos_in_range_192_norm,target_log_ret_horizon_3,3,1.5,spearman,-0.024795671387294355,0.024795671387294355,45073,54
30,30m,ETHUSDT,192,True,MOM_pct_112_z,target_log_ret_horizon_3,3,1.5,spearman,-0.024674390147568826,0.024674390147568826,45073,54
30,30m,ETHUSDT,192,True,log_ret_576_z,target_log_ret_horizon_3,3,1.5,spearman,-0.024310521712313755,0.024310521712313755,45073,54
30,30m,ETHUSDT,192,True,MOM_pct_576_z,target_log_ret_horizon_3,3,1.5,spearman,-0.024187639293956335,0.024187639293956335,45073,54
30,30m,ETHUSDT,192,True,dist_ema_1600_z,target_log_ret_horizon_3,3,1.5,spearman,-0.0235371316713745,0.0235371316713745,45073,54
30,30m,ETHUSDT,192,True,dist_ema_400_z,target_log_ret_horizon_3,3,1.5,spearman,-0.023244104613723362,0.023244104613723362,45073,54
30,30m,ETHUSDT,192,True,bb_pos_20_norm,target_log_ret_horizon_5,5,2.5,spearman,-0.05231414324965426,0.05231414324965426,45073,54
30,30m,ETHUSDT,192,True,dist_to_high_1344_sqrt_z,target_log_ret_horizon_5,5,2.5,spearman,0.036612907231926894,0.036612907231926894,45073,54
30,30m,ETHUSDT,192,True,dist_to_high_576_sqrt_z,target_log_ret_horizon_5,5,2.5,spearman,0.03264766323431927,0.03264766323431927,45073,54
30,30m,ETHUSDT,192,True,MACD_hist_pct_z,target_log_ret_horizon_5,5,2.5,spearman,-0.0313356509245535,0.0313356509245535,45073,54
30,30m,ETHUSDT,192,True,dist_to_high_192_sqrt_z,target_log_ret_horizon_5,5,2.5,spearman,0.02761316216210833,0.02761316216210833,45073,54
30,30m,ETHUSDT,192,True,log_ret_576_z,target_log_ret_horizon_5,5,2.5,spearman,-0.027049230158064055,0.027049230158064055,45073,54
30,30m,ETHUSDT,192,True,dist_ema_72_z,target_log_ret_horizon_5,5,2.5,spearman,-0.027000455566060972,0.027000455566060972,45073,54
30,30m,ETHUSDT,192,True,MOM_pct_576_z,target_log_ret_horizon_5,5,2.5,spearman,-0.026906324116608617,0.026906324116608617,45073,54
30,30m,ETHUSDT,192,True,dist_to_low_1344_sqrt_z,target_log_ret_horizon_5,5,2.5,spearman,-0.026646785950496715,0.026646785950496715,45073,54
30,30m,ETHUSDT,192,True,price_pos_in_range_192_norm,target_log_ret_horizon_5,5,2.5,spearman,-0.024789766332505424,0.024789766332505424,45073,54
30,30m,ETHUSDT,192,True,log_ret_48_z,target_log_ret_horizon_5,5,2.5,spearman,-0.024305203802540427,0.024305203802540427,45073,54
30,30m,ETHUSDT,192,True,dist_ema_168_z,target_log_ret_horizon_5,5,2.5,spearman,-0.024166771838391582,0.024166771838391582,45073,54
30,30m,ETHUSDT,192,True,MOM_pct_112_z,target_log_ret_horizon_5,5,2.5,spearman,-0.02330638435402965,0.02330638435402965,45073,54
30,30m,ETHUSDT,192,True,dist_ema_1600_z,target_log_ret_horizon_5,5,2.5,spearman,-0.022291564690443307,0.022291564690443307,45073,54
30,30m,ETHUSDT,192,True,log_ret_1344_z,target_log_ret_horizon_5,5,2.5,spearman,-0.02196671640433468,0.02196671640433468,45073,54
30,30m,ETHUSDT,192,True,bb_pos_20_norm,target_log_ret_horizon_10,10,5.0,spearman,-0.0366206268289649,0.0366206268289649,45073,54
30,30m,ETHUSDT,192,True,dist_to_high_1344_sqrt_z,target_log_ret_horizon_10,10,5.0,spearman,0.032223066551686476,0.032223066551686476,45073,54
30,30m,ETHUSDT,192,True,dist_to_high_576_sqrt_z,target_log_ret_horizon_10,10,5.0,spearman,0.027915925632790935,0.027915925632790935,45073,54
30,30m,ETHUSDT,192,True,log_ret_576_z,target_log_ret_horizon_10,10,5.0,spearman,-0.026426856068537084,0.026426856068537084,45073,54
30,30m,ETHUSDT,192,True,MOM_pct_576_z,target_log_ret_horizon_10,10,5.0,spearman,-0.026191372607929406,0.026191372607929406,45073,54
30,30m,ETHUSDT,192,True,NATR_14_z,target_log_ret_horizon_10,10,5.0,spearman,0.024860795419559562,0.024860795419559562,45073,54
30,30m,ETHUSDT,192,True,price_pos_in_range_576_norm,target_log_ret_horizon_10,10,5.0,spearman,-0.021381413836820743,0.021381413836820743,45073,54
30,30m,ETHUSDT,192,True,ADX_240_scaled,target_log_ret_horizon_10,10,5.0,spearman,0.021181799336785437,0.021181799336785437,45073,54
30,30m,ETHUSDT,192,True,price_pos_in_range_1344_norm,target_log_ret_horizon_10,10,5.0,spearman,-0.01949955923006372,0.01949955923006372,45073,54
30,30m,ETHUSDT,192,True,dist_to_low_1344_sqrt_z,target_log_ret_horizon_10,10,5.0,spearman,-0.019162792701300564,0.019162792701300564,45073,54
30,30m,ETHUSDT,192,True,price_pos_in_range_192_norm,target_log_ret_horizon_10,10,5.0,spearman,-0.018396108945904065,0.018396108945904065,45073,54
30,30m,ETHUSDT,192,True,log_ret_48_z,target_log_ret_horizon_10,10,5.0,spearman,-0.01837065512651662,0.01837065512651662,45073,54
30,30m,ETHUSDT,192,True,volatility_1344_sqrt_z,target_log_ret_horizon_10,10,5.0,spearman,0.01776786725736703,0.01776786725736703,45073,54
30,30m,ETHUSDT,192,True,dist_to_high_192_sqrt_z,target_log_ret_horizon_10,10,5.0,spearman,0.01767724432184095,0.01767724432184095,45073,54
30,30m,ETHUSDT,192,True,ret_accel_48_192_z,target_log_ret_horizon_10,10,5.0,spearman,-0.01745924354132089,0.01745924354132089,45073,54
30,30m,ETHUSDT,192,True,ADX_240_scaled,target_log_ret_horizon_24,24,12.0,spearman,0.03088408807413398,0.03088408807413398,45073,54
30,30m,ETHUSDT,192,True,dist_to_high_1344_sqrt_z,target_log_ret_horizon_24,24,12.0,spearman,0.02996179010522025,0.02996179010522025,45073,54
30,30m,ETHUSDT,192,True,bb_width_20_sqrt_z,target_log_ret_horizon_24,24,12.0,spearman,0.029871345928820358,0.029871345928820358,45073,54
30,30m,ETHUSDT,192,True,NATR_14_z,target_log_ret_horizon_24,24,12.0,spearman,0.027580513745162266,0.027580513745162266,45073,54
30,30m,ETHUSDT,192,True,log_ret_576_z,target_log_ret_horizon_24,24,12.0,spearman,-0.025446768890997576,0.025446768890997576,45073,54
30,30m,ETHUSDT,192,True,price_pos_in_range_1344_norm,target_log_ret_horizon_24,24,12.0,spearman,-0.025443132049462594,0.025443132049462594,45073,54
30,30m,ETHUSDT,192,True,volatility_1344_sqrt_z,target_log_ret_horizon_24,24,12.0,spearman,0.025203186770059154,0.025203186770059154,45073,54
30,30m,ETHUSDT,192,True,MOM_pct_576_z,target_log_ret_horizon_24,24,12.0,spearman,-0.025024026803024815,0.025024026803024815,45073,54
30,30m,ETHUSDT,192,True,ret_accel_48_192_z,target_log_ret_horizon_24,24,12.0,spearman,-0.024934781980592506,0.024934781980592506,45073,54
30,30m,ETHUSDT,192,True,price_pos_in_range_576_norm,target_log_ret_horizon_24,24,12.0,spearman,-0.02241419257047517,0.02241419257047517,45073,54
30,30m,ETHUSDT,192,True,ema_spread_400_800_z,target_log_ret_horizon_24,24,12.0,spearman,-0.022088442028770396,0.022088442028770396,45073,54
30,30m,ETHUSDT,192,True,log_ret_192_z,target_log_ret_horizon_24,24,12.0,spearman,0.021235900532941124,0.021235900532941124,45073,54
30,30m,ETHUSDT,192,True,volatility_576_sqrt_z,target_log_ret_horizon_24,24,12.0,spearman,0.020707737882321203,0.020707737882321203,45073,54
30,30m,ETHUSDT,192,True,log_ret_48_z,target_log_ret_horizon_24,24,12.0,spearman,-0.0194700743126331,0.0194700743126331,45073,54
30,30m,ETHUSDT,192,True,dist_to_high_576_sqrt_z,target_log_ret_horizon_24,24,12.0,spearman,0.018959445227934864,0.018959445227934864,45073,54
30,30m,SOLUSDT,192,True,bb_pos_20_norm,target_log_ret_horizon_1,1,0.5,spearman,-0.04371547756982702,0.04371547756982702,45073,54
30,30m,SOLUSDT,192,True,MACD_hist_pct_z,target_log_ret_horizon_1,1,0.5,spearman,-0.0330273865398767,0.0330273865398767,45073,54
30,30m,SOLUSDT,192,True,dist_ema_72_z,target_log_ret_horizon_1,1,0.5,spearman,-0.026112058196449277,0.026112058196449277,45073,54
30,30m,SOLUSDT,192,True,dist_to_low_192_sqrt_z,target_log_ret_horizon_1,1,0.5,spearman,-0.018272028630194833,0.018272028630194833,45073,54
30,30m,SOLUSDT,192,True,dist_ema_168_z,target_log_ret_horizon_1,1,0.5,spearman,-0.01731874202991264,0.01731874202991264,45073,54
30,30m,SOLUSDT,192,True,dist_to_high_192_sqrt_z,target_log_ret_horizon_1,1,0.5,spearman,0.016963556238390163,0.016963556238390163,45073,54
30,30m,SOLUSDT,192,True,dist_to_low_576_sqrt_z,target_log_ret_horizon_1,1,0.5,spearman,-0.016869728364380245,0.016869728364380245,45073,54
30,30m,SOLUSDT,192,True,dist_to_high_1344_sqrt_z,target_log_ret_horizon_1,1,0.5,spearman,0.0161021387699428,0.0161021387699428,45073,54
30,30m,SOLUSDT,192,True,dist_to_high_576_sqrt_z,target_log_ret_horizon_1,1,0.5,spearman,0.01609605884616221,0.01609605884616221,45073,54
30,30m,SOLUSDT,192,True,price_pos_in_range_192_norm,target_log_ret_horizon_1,1,0.5,spearman,-0.015199591928162918,0.015199591928162918,45073,54
30,30m,SOLUSDT,192,True,dist_to_low_1344_sqrt_z,target_log_ret_horizon_1,1,0.5,spearman,-0.01518998780770221,0.01518998780770221,45073,54
30,30m,SOLUSDT,192,True,log_ret_48_z,target_log_ret_horizon_1,1,0.5,spearman,-0.014275113911091156,0.014275113911091156,45073,54
30,30m,SOLUSDT,192,True,dist_ema_400_z,target_log_ret_horizon_1,1,0.5,spearman,-0.013422723029768076,0.013422723029768076,45073,54
30,30m,SOLUSDT,192,True,dist_ema_800_z,target_log_ret_horizon_1,1,0.5,spearman,-0.013344885436841218,0.013344885436841218,45073,54
30,30m,SOLUSDT,192,True,ema_slope_72_z,target_log_ret_horizon_1,1,0.5,spearman,-0.012827200223233547,0.012827200223233547,45073,54
30,30m,SOLUSDT,192,True,bb_pos_20_norm,target_log_ret_horizon_3,3,1.5,spearman,-0.042989340690501705,0.042989340690501705,45073,54
30,30m,SOLUSDT,192,True,MACD_hist_pct_z,target_log_ret_horizon_3,3,1.5,spearman,-0.03290328030147652,0.03290328030147652,45073,54
30,30m,SOLUSDT,192,True,dist_ema_72_z,target_log_ret_horizon_3,3,1.5,spearman,-0.02755307251269244,0.02755307251269244,45073,54
30,30m,SOLUSDT,192,True,log_ret_48_z,target_log_ret_horizon_3,3,1.5,spearman,-0.020126812845030758,0.020126812845030758,45073,54
30,30m,SOLUSDT,192,True,dist_to_high_1344_sqrt_z,target_log_ret_horizon_3,3,1.5,spearman,0.019472398322313105,0.019472398322313105,45073,54
30,30m,SOLUSDT,192,True,log_ret_576_z,target_log_ret_horizon_3,3,1.5,spearman,-0.019181034050332686,0.019181034050332686,45073,54
30,30m,SOLUSDT,192,True,MOM_pct_576_z,target_log_ret_horizon_3,3,1.5,spearman,-0.019106451389218328,0.019106451389218328,45073,54
30,30m,SOLUSDT,192,True,dist_ema_168_z,target_log_ret_horizon_3,3,1.5,spearman,-0.01895742414743574,0.01895742414743574,45073,54
30,30m,SOLUSDT,192,True,dist_to_high_192_sqrt_z,target_log_ret_horizon_3,3,1.5,spearman,0.01879282068672197,0.01879282068672197,45073,54
30,30m,SOLUSDT,192,True,dist_to_high_576_sqrt_z,target_log_ret_horizon_3,3,1.5,spearman,0.018020818080858106,0.018020818080858106,45073,54
30,30m,SOLUSDT,192,True,ema_slope_72_z,target_log_ret_horizon_3,3,1.5,spearman,-0.01780167184063638,0.01780167184063638,45073,54
30,30m,SOLUSDT,192,True,price_pos_in_range_192_norm,target_log_ret_horizon_3,3,1.5,spearman,-0.017779157472361248,0.017779157472361248,45073,54
30,30m,SOLUSDT,192,True,dist_to_low_192_sqrt_z,target_log_ret_horizon_3,3,1.5,spearman,-0.017135574883744578,0.017135574883744578,45073,54
30,30m,SOLUSDT,192,True,dist_to_low_576_sqrt_z,target_log_ret_horizon_3,3,1.5,spearman,-0.01649289444702876,0.01649289444702876,45073,54
30,30m,SOLUSDT,192,True,dist_ema_800_z,target_log_ret_horizon_3,3,1.5,spearman,-0.01628985399367193,0.01628985399367193,45073,54
30,30m,SOLUSDT,192,True,bb_pos_20_norm,target_log_ret_horizon_5,5,2.5,spearman,-0.036704969938266385,0.036704969938266385,45073,54
30,30m,SOLUSDT,192,True,MACD_hist_pct_z,target_log_ret_horizon_5,5,2.5,spearman,-0.03189887828941949,0.03189887828941949,45073,54
30,30m,SOLUSDT,192,True,dist_ema_72_z,target_log_ret_horizon_5,5,2.5,spearman,-0.021099966861062674,0.021099966861062674,45073,54
30,30m,SOLUSDT,192,True,NATR_14_z,target_log_ret_horizon_5,5,2.5,spearman,0.019259526721295595,0.019259526721295595,45073,54
30,30m,SOLUSDT,192,True,log_ret_576_z,target_log_ret_horizon_5,5,2.5,spearman,-0.019127862523556666,0.019127862523556666,45073,54
30,30m,SOLUSDT,192,True,MOM_pct_576_z,target_log_ret_horizon_5,5,2.5,spearman,-0.01907969753564339,0.01907969753564339,45073,54
30,30m,SOLUSDT,192,True,ret_accel_48_192_z,target_log_ret_horizon_5,5,2.5,spearman,-0.016560388022735198,0.016560388022735198,45073,54
30,30m,SOLUSDT,192,True,log_ret_48_z,target_log_ret_horizon_5,5,2.5,spearman,-0.016292648296377964,0.016292648296377964,45073,54
30,30m,SOLUSDT,192,True,dist_to_high_1344_sqrt_z,target_log_ret_horizon_5,5,2.5,spearman,0.015300687080038957,0.015300687080038957,45073,54
30,30m,SOLUSDT,192,True,volatility_1344_sqrt_z,target_log_ret_horizon_5,5,2.5,spearman,0.015257778992443374,0.015257778992443374,45073,54
30,30m,SOLUSDT,192,True,bb_width_20_sqrt_z,target_log_ret_horizon_5,5,2.5,spearman,0.015018523394970496,0.015018523394970496,45073,54
30,30m,SOLUSDT,192,True,ema_slope_72_z,target_log_ret_horizon_5,5,2.5,spearman,-0.014813288408341965,0.014813288408341965,45073,54
30,30m,SOLUSDT,192,True,dist_to_high_576_sqrt_z,target_log_ret_horizon_5,5,2.5,spearman,0.014541309113778336,0.014541309113778336,45073,54
30,30m,SOLUSDT,192,True,ret_accel_192_576_z,target_log_ret_horizon_5,5,2.5,spearman,0.013805907445075774,0.013805907445075774,45073,54
30,30m,SOLUSDT,192,True,dist_ema_168_z,target_log_ret_horizon_5,5,2.5,spearman,-0.012973005291142745,0.012973005291142745,45073,54
30,30m,SOLUSDT,192,True,bb_pos_20_norm,target_log_ret_horizon_10,10,5.0,spearman,-0.03213155322786774,0.03213155322786774,45073,54
30,30m,SOLUSDT,192,True,NATR_14_z,target_log_ret_horizon_10,10,5.0,spearman,0.029113366198412576,0.029113366198412576,45073,54
30,30m,SOLUSDT,192,True,volatility_1344_sqrt_z,target_log_ret_horizon_10,10,5.0,spearman,0.027729301662436107,0.027729301662436107,45073,54
30,30m,SOLUSDT,192,True,MACD_hist_pct_z,target_log_ret_horizon_10,10,5.0,spearman,-0.025393655531426165,0.025393655531426165,45073,54
30,30m,SOLUSDT,192,True,ret_accel_48_192_z,target_log_ret_horizon_10,10,5.0,spearman,-0.022482148482520357,0.022482148482520357,45073,54
30,30m,SOLUSDT,192,True,ret_accel_192_576_z,target_log_ret_horizon_10,10,5.0,spearman,0.02059792036752354,0.02059792036752354,45073,54
30,30m,SOLUSDT,192,True,bb_width_20_sqrt_z,target_log_ret_horizon_10,10,5.0,spearman,0.01987635640832237,0.01987635640832237,45073,54
30,30m,SOLUSDT,192,True,MOM_pct_576_z,target_log_ret_horizon_10,10,5.0,spearman,-0.01870921322884426,0.01870921322884426,45073,54
30,30m,SOLUSDT,192,True,log_ret_576_z,target_log_ret_horizon_10,10,5.0,spearman,-0.01870010123932847,0.01870010123932847,45073,54
30,30m,SOLUSDT,192,True,volatility_192_sqrt_z,target_log_ret_horizon_10,10,5.0,spearman,0.017136673519625115,0.017136673519625115,45073,54
30,30m,SOLUSDT,192,True,log_ret_192_z,target_log_ret_horizon_10,10,5.0,spearman,0.016756591438500158,0.016756591438500158,45073,54
30,30m,SOLUSDT,192,True,ADX_112_scaled,target_log_ret_horizon_10,10,5.0,spearman,-0.015512580756393128,0.015512580756393128,45073,54
30,30m,SOLUSDT,192,True,log_ret_48_z,target_log_ret_horizon_10,10,5.0,spearman,-0.014788533571644304,0.014788533571644304,45073,54
30,30m,SOLUSDT,192,True,dist_ema_72_z,target_log_ret_horizon_10,10,5.0,spearman,-0.013469103976640364,0.013469103976640364,45073,54
30,30m,SOLUSDT,192,True,range_sqrt_z,target_log_ret_horizon_10,10,5.0,spearman,0.01288540638667006,0.01288540638667006,45073,54
30,30m,SOLUSDT,192,True,NATR_14_z,target_log_ret_horizon_24,24,12.0,spearman,0.046887308291670544,0.046887308291670544,45073,54
30,30m,SOLUSDT,192,True,volatility_1344_sqrt_z,target_log_ret_horizon_24,24,12.0,spearman,0.045961131064659475,0.045961131064659475,45073,54
30,30m,SOLUSDT,192,True,bb_width_20_sqrt_z,target_log_ret_horizon_24,24,12.0,spearman,0.03732843129940957,0.03732843129940957,45073,54
30,30m,SOLUSDT,192,True,log_ret_192_z,target_log_ret_horizon_24,24,12.0,spearman,0.035818371157538276,0.035818371157538276,45073,54
30,30m,SOLUSDT,192,True,ret_accel_48_192_z,target_log_ret_horizon_24,24,12.0,spearman,-0.035445475807147735,0.035445475807147735,45073,54
30,30m,SOLUSDT,192,True,volatility_192_sqrt_z,target_log_ret_horizon_24,24,12.0,spearman,0.02609300432270423,0.02609300432270423,45073,54
30,30m,SOLUSDT,192,True,vol_ratio_576_log1p_z,target_log_ret_horizon_24,24,12.0,spearman,0.025557935284615373,0.025557935284615373,45073,54
30,30m,SOLUSDT,192,True,range_sqrt_z,target_log_ret_horizon_24,24,12.0,spearman,0.024552082512518128,0.024552082512518128,45073,54
30,30m,SOLUSDT,192,True,vol_ratio_1344_log1p_z,target_log_ret_horizon_24,24,12.0,spearman,0.024193756449866793,0.024193756449866793,45073,54
30,30m,SOLUSDT,192,True,vol_ratio_192_log1p_z,target_log_ret_horizon_24,24,12.0,spearman,0.023761525658320966,0.023761525658320966,45073,54
30,30m,SOLUSDT,192,True,ret_accel_192_576_z,target_log_ret_horizon_24,24,12.0,spearman,0.023047934687366746,0.023047934687366746,45073,54
30,30m,SOLUSDT,192,True,vol_expansion_1344_log1p_z,target_log_ret_horizon_24,24,12.0,spearman,0.022269419175923025,0.022269419175923025,45073,54
30,30m,SOLUSDT,192,True,vol_expansion_576_log1p_z,target_log_ret_horizon_24,24,12.0,spearman,0.02156367531969598,0.02156367531969598,45073,54
30,30m,SOLUSDT,192,True,ADX_112_scaled,target_log_ret_horizon_24,24,12.0,spearman,-0.020145229663200474,0.020145229663200474,45073,54
30,30m,SOLUSDT,192,True,vol_expansion_192_log1p_z,target_log_ret_horizon_24,24,12.0,spearman,0.01938165656419038,0.01938165656419038,45073,54
60,60m,BTCUSDT,96,True,bb_pos_20_norm,target_log_ret_horizon_1,1,1.0,spearman,-0.059031317676948844,0.059031317676948844,22537,54
60,60m,BTCUSDT,96,True,dist_ema_36_z,target_log_ret_horizon_1,1,1.0,spearman,-0.04477518633848511,0.04477518633848511,22537,54
60,60m,BTCUSDT,96,True,dist_to_high_96_sqrt_z,target_log_ret_horizon_1,1,1.0,spearman,0.0367377123676423,0.0367377123676423,22537,54
60,60m,BTCUSDT,96,True,dist_ema_84_z,target_log_ret_horizon_1,1,1.0,spearman,-0.03531106492224057,0.03531106492224057,22537,54
60,60m,BTCUSDT,96,True,dist_to_high_288_sqrt_z,target_log_ret_horizon_1,1,1.0,spearman,0.03509666044761386,0.03509666044761386,22537,54
60,60m,BTCUSDT,96,True,dist_to_high_672_sqrt_z,target_log_ret_horizon_1,1,1.0,spearman,0.0310593091977016,0.0310593091977016,22537,54
60,60m,BTCUSDT,96,True,log_ret_24_z,target_log_ret_horizon_1,1,1.0,spearman,-0.030729130151089214,0.030729130151089214,22537,54
60,60m,BTCUSDT,96,True,dist_ema_200_z,target_log_ret_horizon_1,1,1.0,spearman,-0.02753187771191991,0.02753187771191991,22537,54
60,60m,BTCUSDT,96,True,MACD_hist_pct_z,target_log_ret_horizon_1,1,1.0,spearman,-0.025903395626079496,0.025903395626079496,22537,54
60,60m,BTCUSDT,96,True,dist_to_low_288_sqrt_z,target_log_ret_horizon_1,1,1.0,spearman,-0.025618856778258006,0.025618856778258006,22537,54
60,60m,BTCUSDT,96,True,dist_to_low_96_sqrt_z,target_log_ret_horizon_1,1,1.0,spearman,-0.02495334529719822,0.02495334529719822,22537,54
60,60m,BTCUSDT,96,True,price_pos_in_range_96_norm,target_log_ret_horizon_1,1,1.0,spearman,-0.024855525060854717,0.024855525060854717,22537,54
60,60m,BTCUSDT,96,True,MOM_pct_56_z,target_log_ret_horizon_1,1,1.0,spearman,-0.02468090117616989,0.02468090117616989,22537,54
60,60m,BTCUSDT,96,True,dist_ema_400_z,target_log_ret_horizon_1,1,1.0,spearman,-0.023925929117783074,0.023925929117783074,22537,54
60,60m,BTCUSDT,96,True,dist_to_low_672_sqrt_z,target_log_ret_horizon_1,1,1.0,spearman,-0.02386701427374313,0.02386701427374313,22537,54
60,60m,BTCUSDT,96,True,bb_pos_20_norm,target_log_ret_horizon_3,3,3.0,spearman,-0.048267721699433726,0.048267721699433726,22537,54
60,60m,BTCUSDT,96,True,dist_ema_36_z,target_log_ret_horizon_3,3,3.0,spearman,-0.036450546219119355,0.036450546219119355,22537,54
60,60m,BTCUSDT,96,True,dist_to_high_288_sqrt_z,target_log_ret_horizon_3,3,3.0,spearman,0.035286929207037354,0.035286929207037354,22537,54
60,60m,BTCUSDT,96,True,dist_to_high_96_sqrt_z,target_log_ret_horizon_3,3,3.0,spearman,0.03193372070353743,0.03193372070353743,22537,54
60,60m,BTCUSDT,96,True,dist_ema_84_z,target_log_ret_horizon_3,3,3.0,spearman,-0.03092247914171347,0.03092247914171347,22537,54
60,60m,BTCUSDT,96,True,dist_to_high_672_sqrt_z,target_log_ret_horizon_3,3,3.0,spearman,0.02976490290402988,0.02976490290402988,22537,54
60,60m,BTCUSDT,96,True,log_ret_24_z,target_log_ret_horizon_3,3,3.0,spearman,-0.0281364395780914,0.0281364395780914,22537,54
60,60m,BTCUSDT,96,True,body_sqrt_z,target_log_ret_horizon_3,3,3.0,spearman,0.028096132065331878,0.028096132065331878,22537,54
60,60m,BTCUSDT,96,True,log_ret_288_z,target_log_ret_horizon_3,3,3.0,spearman,-0.02607356223247578,0.02607356223247578,22537,54
60,60m,BTCUSDT,96,True,MOM_pct_288_z,target_log_ret_horizon_3,3,3.0,spearman,-0.02597873684916584,0.02597873684916584,22537,54
60,60m,BTCUSDT,96,True,MOM_pct_56_z,target_log_ret_horizon_3,3,3.0,spearman,-0.025562309655693033,0.025562309655693033,22537,54
60,60m,BTCUSDT,96,True,price_pos_in_range_96_norm,target_log_ret_horizon_3,3,3.0,spearman,-0.025009533516149637,0.025009533516149637,22537,54
60,60m,BTCUSDT,96,True,dist_ema_200_z,target_log_ret_horizon_3,3,3.0,spearman,-0.023744437509624232,0.023744437509624232,22537,54
60,60m,BTCUSDT,96,True,dist_to_low_672_sqrt_z,target_log_ret_horizon_3,3,3.0,spearman,-0.023543204166463966,0.023543204166463966,22537,54
60,60m,BTCUSDT,96,True,dist_to_low_288_sqrt_z,target_log_ret_horizon_3,3,3.0,spearman,-0.02229698688080713,0.02229698688080713,22537,54
60,60m,BTCUSDT,96,True,bb_pos_20_norm,target_log_ret_horizon_5,5,5.0,spearman,-0.042706151897190195,0.042706151897190195,22537,54
60,60m,BTCUSDT,96,True,dist_to_high_288_sqrt_z,target_log_ret_horizon_5,5,5.0,spearman,0.03554210138572608,0.03554210138572608,22537,54
60,60m,BTCUSDT,96,True,dist_ema_36_z,target_log_ret_horizon_5,5,5.0,spearman,-0.033229382592502035,0.033229382592502035,22537,54
60,60m,BTCUSDT,96,True,dist_to_high_96_sqrt_z,target_log_ret_horizon_5,5,5.0,spearman,0.02974018863359823,0.02974018863359823,22537,54
60,60m,BTCUSDT,96,True,dist_to_high_672_sqrt_z,target_log_ret_horizon_5,5,5.0,spearman,0.02955018990276633,0.02955018990276633,22537,54
60,60m,BTCUSDT,96,True,log_ret_24_z,target_log_ret_horizon_5,5,5.0,spearman,-0.029165117729547937,0.029165117729547937,22537,54
60,60m,BTCUSDT,96,True,dist_ema_84_z,target_log_ret_horizon_5,5,5.0,spearman,-0.028384056791801855,0.028384056791801855,22537,54
60,60m,BTCUSDT,96,True,log_ret_288_z,target_log_ret_horizon_5,5,5.0,spearman,-0.026404412230639687,0.026404412230639687,22537,54
60,60m,BTCUSDT,96,True,MOM_pct_288_z,target_log_ret_horizon_5,5,5.0,spearman,-0.026278474226289556,0.026278474226289556,22537,54
60,60m,BTCUSDT,96,True,price_pos_in_range_96_norm,target_log_ret_horizon_5,5,5.0,spearman,-0.026090181386074742,0.026090181386074742,22537,54
60,60m,BTCUSDT,96,True,MOM_pct_56_z,target_log_ret_horizon_5,5,5.0,spearman,-0.025379726480589733,0.025379726480589733,22537,54
60,60m,BTCUSDT,96,True,body_sqrt_z,target_log_ret_horizon_5,5,5.0,spearman,0.02351484946137111,0.02351484946137111,22537,54
60,60m,BTCUSDT,96,True,dist_to_low_672_sqrt_z,target_log_ret_horizon_5,5,5.0,spearman,-0.02312635889022186,0.02312635889022186,22537,54
60,60m,BTCUSDT,96,True,volatility_672_sqrt_z,target_log_ret_horizon_5,5,5.0,spearman,0.02309964348156052,0.02309964348156052,22537,54
60,60m,BTCUSDT,96,True,ADX_288_scaled,target_log_ret_horizon_5,5,5.0,spearman,0.02280725012608012,0.02280725012608012,22537,54
60,60m,BTCUSDT,96,True,ret_accel_24_96_z,target_log_ret_horizon_10,10,10.0,spearman,-0.03608883522563182,0.03608883522563182,22537,54
60,60m,BTCUSDT,96,True,log_ret_24_z,target_log_ret_horizon_10,10,10.0,spearman,-0.03464171975134357,0.03464171975134357,22537,54
60,60m,BTCUSDT,96,True,volatility_672_sqrt_z,target_log_ret_horizon_10,10,10.0,spearman,0.03414060072776026,0.03414060072776026,22537,54
60,60m,BTCUSDT,96,True,dist_to_high_288_sqrt_z,target_log_ret_horizon_10,10,10.0,spearman,0.033777279469805604,0.033777279469805604,22537,54
60,60m,BTCUSDT,96,True,ADX_288_scaled,target_log_ret_horizon_10,10,10.0,spearman,0.03208085381317077,0.03208085381317077,22537,54
60,60m,BTCUSDT,96,True,MACD_hist_pct_z,target_log_ret_horizon_10,10,10.0,spearman,0.027644276056506552,0.027644276056506552,22537,54
60,60m,BTCUSDT,96,True,ret_accel_96_288_z,target_log_ret_horizon_10,10,10.0,spearman,0.0260750472222206,0.0260750472222206,22537,54
60,60m,BTCUSDT,96,True,bb_pos_20_norm,target_log_ret_horizon_10,10,10.0,spearman,-0.02418949813500906,0.02418949813500906,22537,54
60,60m,BTCUSDT,96,True,NATR_14_z,target_log_ret_horizon_10,10,10.0,spearman,0.024130907879710305,0.024130907879710305,22537,54
60,60m,BTCUSDT,96,True,MOM_pct_56_z,target_log_ret_horizon_10,10,10.0,spearman,-0.023176065931971572,0.023176065931971572,22537,54
60,60m,BTCUSDT,96,True,log_ret_288_z,target_log_ret_horizon_10,10,10.0,spearman,-0.023096431539524672,0.023096431539524672,22537,54
60,60m,BTCUSDT,96,True,MOM_pct_288_z,target_log_ret_horizon_10,10,10.0,spearman,-0.022978318030562318,0.022978318030562318,22537,54
60,60m,BTCUSDT,96,True,ADX_120_scaled,target_log_ret_horizon_10,10,10.0,spearman,0.022264580153842767,0.022264580153842767,22537,54
60,60m,BTCUSDT,96,True,dist_ema_36_z,target_log_ret_horizon_10,10,10.0,spearman,-0.02171974745739822,0.02171974745739822,22537,54
60,60m,BTCUSDT,96,True,bb_width_20_sqrt_z,target_log_ret_horizon_10,10,10.0,spearman,0.021601299677142995,0.021601299677142995,22537,54
60,60m,BTCUSDT,96,True,volatility_672_sqrt_z,target_log_ret_horizon_24,24,24.0,spearman,0.0549525827726121,0.0549525827726121,22537,54
60,60m,BTCUSDT,96,True,ret_accel_24_96_z,target_log_ret_horizon_24,24,24.0,spearman,-0.051058597715230324,0.051058597715230324,22537,54
60,60m,BTCUSDT,96,True,ADX_288_scaled,target_log_ret_horizon_24,24,24.0,spearman,0.04981926544416631,0.04981926544416631,22537,54
60,60m,BTCUSDT,96,True,bb_pos_20_norm,target_log_ret_horizon_24,24,24.0,spearman,-0.04696783909318571,0.04696783909318571,22537,54
60,60m,BTCUSDT,96,True,log_ret_24_z,target_log_ret_horizon_24,24,24.0,spearman,-0.04636147149286302,0.04636147149286302,22537,54
60,60m,BTCUSDT,96,True,dist_ema_36_z,target_log_ret_horizon_24,24,24.0,spearman,-0.04057947149065952,0.04057947149065952,22537,54
60,60m,BTCUSDT,96,True,ema_slope_36_z,target_log_ret_horizon_24,24,24.0,spearman,-0.03833182313364978,0.03833182313364978,22537,54
60,60m,BTCUSDT,96,True,dist_to_high_288_sqrt_z,target_log_ret_horizon_24,24,24.0,spearman,0.035441379663843815,0.035441379663843815,22537,54
60,60m,BTCUSDT,96,True,log_ret_288_z,target_log_ret_horizon_24,24,24.0,spearman,-0.03381626237974546,0.03381626237974546,22537,54
60,60m,BTCUSDT,96,True,MOM_pct_288_z,target_log_ret_horizon_24,24,24.0,spearman,-0.03373641264649212,0.03373641264649212,22537,54
60,60m,BTCUSDT,96,True,ret_accel_96_288_z,target_log_ret_horizon_24,24,24.0,spearman,0.03231131541650895,0.03231131541650895,22537,54
60,60m,BTCUSDT,96,True,ADX_120_scaled,target_log_ret_horizon_24,24,24.0,spearman,0.03220071580490422,0.03220071580490422,22537,54
60,60m,BTCUSDT,96,True,NATR_14_z,target_log_ret_horizon_24,24,24.0,spearman,0.03187709183290667,0.03187709183290667,22537,54
60,60m,BTCUSDT,96,True,price_pos_in_range_96_norm,target_log_ret_horizon_24,24,24.0,spearman,-0.03068473700481049,0.03068473700481049,22537,54
60,60m,BTCUSDT,96,True,dist_ema_84_z,target_log_ret_horizon_24,24,24.0,spearman,-0.026218942518373287,0.026218942518373287,22537,54
60,60m,ETHUSDT,96,True,bb_pos_20_norm,target_log_ret_horizon_1,1,1.0,spearman,-0.052351551927588065,0.052351551927588065,22537,54
60,60m,ETHUSDT,96,True,dist_ema_36_z,target_log_ret_horizon_1,1,1.0,spearman,-0.04051434295898245,0.04051434295898245,22537,54
60,60m,ETHUSDT,96,True,dist_to_high_96_sqrt_z,target_log_ret_horizon_1,1,1.0,spearman,0.03599702809776088,0.03599702809776088,22537,54
60,60m,ETHUSDT,96,True,dist_to_high_288_sqrt_z,target_log_ret_horizon_1,1,1.0,spearman,0.03492074714254131,0.03492074714254131,22537,54
60,60m,ETHUSDT,96,True,dist_to_high_672_sqrt_z,target_log_ret_horizon_1,1,1.0,spearman,0.034657585287028385,0.034657585287028385,22537,54
60,60m,ETHUSDT,96,True,dist_ema_84_z,target_log_ret_horizon_1,1,1.0,spearman,-0.03327777379974531,0.03327777379974531,22537,54
60,60m,ETHUSDT,96,True,log_ret_24_z,target_log_ret_horizon_1,1,1.0,spearman,-0.03018171810951492,0.03018171810951492,22537,54
60,60m,ETHUSDT,96,True,dist_to_low_96_sqrt_z,target_log_ret_horizon_1,1,1.0,spearman,-0.028308256860107763,0.028308256860107763,22537,54
60,60m,ETHUSDT,96,True,dist_to_low_672_sqrt_z,target_log_ret_horizon_1,1,1.0,spearman,-0.027720963890023948,0.027720963890023948,22537,54
60,60m,ETHUSDT,96,True,dist_ema_200_z,target_log_ret_horizon_1,1,1.0,spearman,-0.026593686182517867,0.026593686182517867,22537,54
60,60m,ETHUSDT,96,True,dist_to_low_288_sqrt_z,target_log_ret_horizon_1,1,1.0,spearman,-0.02614374029484152,0.02614374029484152,22537,54
60,60m,ETHUSDT,96,True,MOM_pct_56_z,target_log_ret_horizon_1,1,1.0,spearman,-0.026140569541579145,0.026140569541579145,22537,54
60,60m,ETHUSDT,96,True,price_pos_in_range_96_norm,target_log_ret_horizon_1,1,1.0,spearman,-0.02490571291330826,0.02490571291330826,22537,54
60,60m,ETHUSDT,96,True,dist_ema_400_z,target_log_ret_horizon_1,1,1.0,spearman,-0.02439558466103016,0.02439558466103016,22537,54
60,60m,ETHUSDT,96,True,dist_ema_800_z,target_log_ret_horizon_1,1,1.0,spearman,-0.023987940677710366,0.023987940677710366,22537,54
60,60m,ETHUSDT,96,True,bb_pos_20_norm,target_log_ret_horizon_3,3,3.0,spearman,-0.037670049470240656,0.037670049470240656,22537,54
60,60m,ETHUSDT,96,True,dist_to_high_672_sqrt_z,target_log_ret_horizon_3,3,3.0,spearman,0.03734942701452253,0.03734942701452253,22537,54
60,60m,ETHUSDT,96,True,dist_to_high_288_sqrt_z,target_log_ret_horizon_3,3,3.0,spearman,0.033251399111949936,0.033251399111949936,22537,54
60,60m,ETHUSDT,96,True,log_ret_288_z,target_log_ret_horizon_3,3,3.0,spearman,-0.027955229498362936,0.027955229498362936,22537,54
60,60m,ETHUSDT,96,True,MOM_pct_288_z,target_log_ret_horizon_3,3,3.0,spearman,-0.027802849822566464,0.027802849822566464,22537,54
60,60m,ETHUSDT,96,True,dist_to_high_96_sqrt_z,target_log_ret_horizon_3,3,3.0,spearman,0.027337644113640133,0.027337644113640133,22537,54
60,60m,ETHUSDT,96,True,dist_to_low_672_sqrt_z,target_log_ret_horizon_3,3,3.0,spearman,-0.026253018573394276,0.026253018573394276,22537,54
60,60m,ETHUSDT,96,True,dist_ema_36_z,target_log_ret_horizon_3,3,3.0,spearman,-0.02561872705557186,0.02561872705557186,22537,54
60,60m,ETHUSDT,96,True,log_ret_24_z,target_log_ret_horizon_3,3,3.0,spearman,-0.024898464101814705,0.024898464101814705,22537,54
60,60m,ETHUSDT,96,True,NATR_14_z,target_log_ret_horizon_3,3,3.0,spearman,0.024139829026091436,0.024139829026091436,22537,54
60,60m,ETHUSDT,96,True,price_pos_in_range_96_norm,target_log_ret_horizon_3,3,3.0,spearman,-0.023994603736342032,0.023994603736342032,22537,54
60,60m,ETHUSDT,96,True,dist_ema_84_z,target_log_ret_horizon_3,3,3.0,spearman,-0.02394515573796845,0.02394515573796845,22537,54
60,60m,ETHUSDT,96,True,MOM_pct_56_z,target_log_ret_horizon_3,3,3.0,spearman,-0.023361368326358805,0.023361368326358805,22537,54
60,60m,ETHUSDT,96,True,body_sqrt_z,target_log_ret_horizon_3,3,3.0,spearman,0.023219666869748936,0.023219666869748936,22537,54
60,60m,ETHUSDT,96,True,log_ret_672_z,target_log_ret_horizon_3,3,3.0,spearman,-0.022504560655536923,0.022504560655536923,22537,54
60,60m,ETHUSDT,96,True,dist_to_high_672_sqrt_z,target_log_ret_horizon_5,5,5.0,spearman,0.03245219429091732,0.03245219429091732,22537,54
60,60m,ETHUSDT,96,True,ADX_120_scaled,target_log_ret_horizon_5,5,5.0,spearman,0.029510963531164013,0.029510963531164013,22537,54
60,60m,ETHUSDT,96,True,dist_to_high_288_sqrt_z,target_log_ret_horizon_5,5,5.0,spearman,0.028178447154902607,0.028178447154902607,22537,54
60,60m,ETHUSDT,96,True,NATR_14_z,target_log_ret_horizon_5,5,5.0,spearman,0.027407126401431392,0.027407126401431392,22537,54
60,60m,ETHUSDT,96,True,bb_pos_20_norm,target_log_ret_horizon_5,5,5.0,spearman,-0.026501954867621087,0.026501954867621087,22537,54
60,60m,ETHUSDT,96,True,log_ret_288_z,target_log_ret_horizon_5,5,5.0,spearman,-0.026306123898271076,0.026306123898271076,22537,54
60,60m,ETHUSDT,96,True,MOM_pct_288_z,target_log_ret_horizon_5,5,5.0,spearman,-0.026084933735848793,0.026084933735848793,22537,54
60,60m,ETHUSDT,96,True,body_sqrt_z,target_log_ret_horizon_5,5,5.0,spearman,0.023572154329408325,0.023572154329408325,22537,54
60,60m,ETHUSDT,96,True,price_pos_in_range_288_norm,target_log_ret_horizon_5,5,5.0,spearman,-0.021726475167004194,0.021726475167004194,22537,54
60,60m,ETHUSDT,96,True,price_pos_in_range_672_norm,target_log_ret_horizon_5,5,5.0,spearman,-0.020780284199203653,0.020780284199203653,22537,54
60,60m,ETHUSDT,96,True,bb_width_20_sqrt_z,target_log_ret_horizon_5,5,5.0,spearman,0.020363662816026855,0.020363662816026855,22537,54
60,60m,ETHUSDT,96,True,volatility_672_sqrt_z,target_log_ret_horizon_5,5,5.0,spearman,0.01930047556833415,0.01930047556833415,22537,54
60,60m,ETHUSDT,96,True,ADX_56_scaled,target_log_ret_horizon_5,5,5.0,spearman,0.01927065641736352,0.01927065641736352,22537,54
60,60m,ETHUSDT,96,True,range_sqrt_z,target_log_ret_horizon_5,5,5.0,spearman,0.019135715850112978,0.019135715850112978,22537,54
60,60m,ETHUSDT,96,True,price_pos_in_range_96_norm,target_log_ret_horizon_5,5,5.0,spearman,-0.018973979854616022,0.018973979854616022,22537,54
60,60m,ETHUSDT,96,True,MACD_hist_pct_z,target_log_ret_horizon_10,10,10.0,spearman,0.042749729324452666,0.042749729324452666,22537,54
60,60m,ETHUSDT,96,True,ADX_120_scaled,target_log_ret_horizon_10,10,10.0,spearman,0.037640192922239156,0.037640192922239156,22537,54
60,60m,ETHUSDT,96,True,dist_to_high_672_sqrt_z,target_log_ret_horizon_10,10,10.0,spearman,0.028672445591765038,0.028672445591765038,22537,54
60,60m,ETHUSDT,96,True,NATR_14_z,target_log_ret_horizon_10,10,10.0,spearman,0.026703374253243102,0.026703374253243102,22537,54
60,60m,ETHUSDT,96,True,price_pos_in_range_672_norm,target_log_ret_horizon_10,10,10.0,spearman,-0.02591279618799371,0.02591279618799371,22537,54
60,60m,ETHUSDT,96,True,log_ret_288_z,target_log_ret_horizon_10,10,10.0,spearman,-0.02511232856539145,0.02511232856539145,22537,54
60,60m,ETHUSDT,96,True,ADX_56_scaled,target_log_ret_horizon_10,10,10.0,spearman,0.024814567534087412,0.024814567534087412,22537,54
60,60m,ETHUSDT,96,True,MOM_pct_288_z,target_log_ret_horizon_10,10,10.0,spearman,-0.024753503955470796,0.024753503955470796,22537,54
60,60m,ETHUSDT,96,True,bb_width_20_sqrt_z,target_log_ret_horizon_10,10,10.0,spearman,0.023864448322678172,0.023864448322678172,22537,54
60,60m,ETHUSDT,96,True,volatility_96_sqrt_z,target_log_ret_horizon_10,10,10.0,spearman,0.023788904000750937,0.023788904000750937,22537,54
60,60m,ETHUSDT,96,True,volatility_672_sqrt_z,target_log_ret_horizon_10,10,10.0,spearman,0.02340990702392903,0.02340990702392903,22537,54
60,60m,ETHUSDT,96,True,price_pos_in_range_288_norm,target_log_ret_horizon_10,10,10.0,spearman,-0.023134089839635257,0.023134089839635257,22537,54
60,60m,ETHUSDT,96,True,ret_accel_24_96_z,target_log_ret_horizon_10,10,10.0,spearman,-0.02208772716946537,0.02208772716946537,22537,54
60,60m,ETHUSDT,96,True,dist_to_high_288_sqrt_z,target_log_ret_horizon_10,10,10.0,spearman,0.02078415577336835,0.02078415577336835,22537,54
60,60m,ETHUSDT,96,True,log_ret_96_z,target_log_ret_horizon_10,10,10.0,spearman,0.019860498035034996,0.019860498035034996,22537,54
60,60m,ETHUSDT,96,True,ADX_120_scaled,target_log_ret_horizon_24,24,24.0,spearman,0.05631011815672269,0.05631011815672269,22537,54
60,60m,ETHUSDT,96,True,dist_to_high_672_sqrt_z,target_log_ret_horizon_24,24,24.0,spearman,0.05473466245309659,0.05473466245309659,22537,54
60,60m,ETHUSDT,96,True,ADX_56_scaled,target_log_ret_horizon_24,24,24.0,spearman,0.044002644388444825,0.044002644388444825,22537,54
60,60m,ETHUSDT,96,True,bb_pos_20_norm,target_log_ret_horizon_24,24,24.0,spearman,-0.03972552298264659,0.03972552298264659,22537,54
60,60m,ETHUSDT,96,True,log_ret_288_z,target_log_ret_horizon_24,24,24.0,spearman,-0.03881748280716002,0.03881748280716002,22537,54
60,60m,ETHUSDT,96,True,MOM_pct_288_z,target_log_ret_horizon_24,24,24.0,spearman,-0.03847979640993162,0.03847979640993162,22537,54
60,60m,ETHUSDT,96,True,NATR_14_z,target_log_ret_horizon_24,24,24.0,spearman,0.03722002951214782,0.03722002951214782,22537,54
60,60m,ETHUSDT,96,True,dist_to_low_672_sqrt_z,target_log_ret_horizon_24,24,24.0,spearman,-0.0361656250119828,0.0361656250119828,22537,54
60,60m,ETHUSDT,96,True,range_sqrt_z,target_log_ret_horizon_24,24,24.0,spearman,0.03472747637871339,0.03472747637871339,22537,54
60,60m,ETHUSDT,96,True,vol_expansion_672_log1p_z,target_log_ret_horizon_24,24,24.0,spearman,0.03445508367646439,0.03445508367646439,22537,54
60,60m,ETHUSDT,96,True,price_pos_in_range_672_norm,target_log_ret_horizon_24,24,24.0,spearman,-0.03146332784577816,0.03146332784577816,22537,54
60,60m,ETHUSDT,96,True,vol_expansion_288_log1p_z,target_log_ret_horizon_24,24,24.0,spearman,0.03023481326077163,0.03023481326077163,22537,54
60,60m,ETHUSDT,96,True,price_pos_in_range_288_norm,target_log_ret_horizon_24,24,24.0,spearman,-0.030137189517906292,0.030137189517906292,22537,54
60,60m,ETHUSDT,96,True,dist_to_high_288_sqrt_z,target_log_ret_horizon_24,24,24.0,spearman,0.02999343608526756,0.02999343608526756,22537,54
60,60m,ETHUSDT,96,True,ema_spread_200_400_z,target_log_ret_horizon_24,24,24.0,spearman,-0.029464244691313018,0.029464244691313018,22537,54
60,60m,SOLUSDT,96,True,bb_pos_20_norm,target_log_ret_horizon_1,1,1.0,spearman,-0.035227224533056156,0.035227224533056156,22537,54
60,60m,SOLUSDT,96,True,dist_ema_36_z,target_log_ret_horizon_1,1,1.0,spearman,-0.029976333438686404,0.029976333438686404,22537,54
60,60m,SOLUSDT,96,True,dist_to_low_96_sqrt_z,target_log_ret_horizon_1,1,1.0,spearman,-0.02226399827920184,0.02226399827920184,22537,54
60,60m,SOLUSDT,96,True,MACD_hist_pct_z,target_log_ret_horizon_1,1,1.0,spearman,-0.02129758769967011,0.02129758769967011,22537,54
60,60m,SOLUSDT,96,True,dist_ema_84_z,target_log_ret_horizon_1,1,1.0,spearman,-0.021223742356944745,0.021223742356944745,22537,54
60,60m,SOLUSDT,96,True,dist_to_high_96_sqrt_z,target_log_ret_horizon_1,1,1.0,spearman,0.020689816214180798,0.020689816214180798,22537,54
60,60m,SOLUSDT,96,True,dist_to_high_672_sqrt_z,target_log_ret_horizon_1,1,1.0,spearman,0.020154861117843988,0.020154861117843988,22537,54
60,60m,SOLUSDT,96,True,log_ret_24_z,target_log_ret_horizon_1,1,1.0,spearman,-0.020139645793052836,0.020139645793052836,22537,54
60,60m,SOLUSDT,96,True,dist_to_low_288_sqrt_z,target_log_ret_horizon_1,1,1.0,spearman,-0.01975204946904264,0.01975204946904264,22537,54
60,60m,SOLUSDT,96,True,price_pos_in_range_96_norm,target_log_ret_horizon_1,1,1.0,spearman,-0.01820251308917845,0.01820251308917845,22537,54
60,60m,SOLUSDT,96,True,dist_to_low_672_sqrt_z,target_log_ret_horizon_1,1,1.0,spearman,-0.017967231477550576,0.017967231477550576,22537,54
60,60m,SOLUSDT,96,True,dist_to_high_288_sqrt_z,target_log_ret_horizon_1,1,1.0,spearman,0.01787666653883449,0.01787666653883449,22537,54
60,60m,SOLUSDT,96,True,dist_ema_200_z,target_log_ret_horizon_1,1,1.0,spearman,-0.017229251034428263,0.017229251034428263,22537,54
60,60m,SOLUSDT,96,True,dist_ema_400_z,target_log_ret_horizon_1,1,1.0,spearman,-0.01690789404579893,0.01690789404579893,22537,54
60,60m,SOLUSDT,96,True,log_ret_288_z,target_log_ret_horizon_1,1,1.0,spearman,-0.01603597134973494,0.01603597134973494,22537,54
60,60m,SOLUSDT,96,True,bb_pos_20_norm,target_log_ret_horizon_3,3,3.0,spearman,-0.030213195779403262,0.030213195779403262,22537,54
60,60m,SOLUSDT,96,True,NATR_14_z,target_log_ret_horizon_3,3,3.0,spearman,0.02739960566282749,0.02739960566282749,22537,54
60,60m,SOLUSDT,96,True,dist_ema_36_z,target_log_ret_horizon_3,3,3.0,spearman,-0.0241263822762681,0.0241263822762681,22537,54
60,60m,SOLUSDT,96,True,bb_width_20_sqrt_z,target_log_ret_horizon_3,3,3.0,spearman,0.023300892109941053,0.023300892109941053,22537,54
60,60m,SOLUSDT,96,True,MOM_pct_288_z,target_log_ret_horizon_3,3,3.0,spearman,-0.01957003571222552,0.01957003571222552,22537,54
60,60m,SOLUSDT,96,True,log_ret_288_z,target_log_ret_horizon_3,3,3.0,spearman,-0.01952148826450581,0.01952148826450581,22537,54
60,60m,SOLUSDT,96,True,log_ret_24_z,target_log_ret_horizon_3,3,3.0,spearman,-0.01845160950181243,0.01845160950181243,22537,54
60,60m,SOLUSDT,96,True,dist_to_high_672_sqrt_z,target_log_ret_horizon_3,3,3.0,spearman,0.017167529738010282,0.017167529738010282,22537,54
60,60m,SOLUSDT,96,True,ret_accel_24_96_z,target_log_ret_horizon_3,3,3.0,spearman,-0.016629763329480508,0.016629763329480508,22537,54
60,60m,SOLUSDT,96,True,volatility_672_sqrt_z,target_log_ret_horizon_3,3,3.0,spearman,0.015899363059300006,0.015899363059300006,22537,54
60,60m,SOLUSDT,96,True,dist_to_high_288_sqrt_z,target_log_ret_horizon_3,3,3.0,spearman,0.0158953642978077,0.0158953642978077,22537,54
60,60m,SOLUSDT,96,True,dist_to_high_96_sqrt_z,target_log_ret_horizon_3,3,3.0,spearman,0.015121168073421083,0.015121168073421083,22537,54
60,60m,SOLUSDT,96,True,MACD_hist_pct_z,target_log_ret_horizon_3,3,3.0,spearman,-0.015107790315281236,0.015107790315281236,22537,54
60,60m,SOLUSDT,96,True,dist_ema_84_z,target_log_ret_horizon_3,3,3.0,spearman,-0.014871366445546002,0.014871366445546002,22537,54
60,60m,SOLUSDT,96,True,dist_to_low_96_sqrt_z,target_log_ret_horizon_3,3,3.0,spearman,-0.014348485196692424,0.014348485196692424,22537,54
60,60m,SOLUSDT,96,True,NATR_14_z,target_log_ret_horizon_5,5,5.0,spearman,0.034487877054314456,0.034487877054314456,22537,54
60,60m,SOLUSDT,96,True,bb_width_20_sqrt_z,target_log_ret_horizon_5,5,5.0,spearman,0.030982353780330336,0.030982353780330336,22537,54
60,60m,SOLUSDT,96,True,volatility_672_sqrt_z,target_log_ret_horizon_5,5,5.0,spearman,0.022122415493885158,0.022122415493885158,22537,54
60,60m,SOLUSDT,96,True,volatility_96_sqrt_z,target_log_ret_horizon_5,5,5.0,spearman,0.021584092658088933,0.021584092658088933,22537,54
60,60m,SOLUSDT,96,True,ret_accel_24_96_z,target_log_ret_horizon_5,5,5.0,spearman,-0.02130105042472334,0.02130105042472334,22537,54
60,60m,SOLUSDT,96,True,ret_accel_96_288_z,target_log_ret_horizon_5,5,5.0,spearman,0.020083845700918417,0.020083845700918417,22537,54
60,60m,SOLUSDT,96,True,bb_pos_20_norm,target_log_ret_horizon_5,5,5.0,spearman,-0.01955163910822127,0.01955163910822127,22537,54
60,60m,SOLUSDT,96,True,MOM_pct_288_z,target_log_ret_horizon_5,5,5.0,spearman,-0.01831634844296324,0.01831634844296324,22537,54
60,60m,SOLUSDT,96,True,log_ret_288_z,target_log_ret_horizon_5,5,5.0,spearman,-0.018306969052748968,0.018306969052748968,22537,54
60,60m,SOLUSDT,96,True,log_ret_96_z,target_log_ret_horizon_5,5,5.0,spearman,0.015475962662207519,0.015475962662207519,22537,54
60,60m,SOLUSDT,96,True,dist_ema_36_z,target_log_ret_horizon_5,5,5.0,spearman,-0.015336518862750158,0.015336518862750158,22537,54
60,60m,SOLUSDT,96,True,log_ret_24_z,target_log_ret_horizon_5,5,5.0,spearman,-0.014995690060273622,0.014995690060273622,22537,54
60,60m,SOLUSDT,96,True,range_sqrt_z,target_log_ret_horizon_5,5,5.0,spearman,0.014388863381369521,0.014388863381369521,22537,54
60,60m,SOLUSDT,96,True,volatility_288_sqrt_z,target_log_ret_horizon_5,5,5.0,spearman,0.013333127022654979,0.013333127022654979,22537,54
60,60m,SOLUSDT,96,True,vol_expansion_672_log1p_z,target_log_ret_horizon_5,5,5.0,spearman,0.012771258028284601,0.012771258028284601,22537,54
60,60m,SOLUSDT,96,True,NATR_14_z,target_log_ret_horizon_10,10,10.0,spearman,0.04406250481049767,0.04406250481049767,22537,54
60,60m,SOLUSDT,96,True,bb_width_20_sqrt_z,target_log_ret_horizon_10,10,10.0,spearman,0.038456098273264294,0.038456098273264294,22537,54
60,60m,SOLUSDT,96,True,log_ret_96_z,target_log_ret_horizon_10,10,10.0,spearman,0.030446067365246045,0.030446067365246045,22537,54
60,60m,SOLUSDT,96,True,ret_accel_24_96_z,target_log_ret_horizon_10,10,10.0,spearman,-0.02999335343100841,0.02999335343100841,22537,54
60,60m,SOLUSDT,96,True,volatility_672_sqrt_z,target_log_ret_horizon_10,10,10.0,spearman,0.029750160861275257,0.029750160861275257,22537,54
60,60m,SOLUSDT,96,True,volatility_96_sqrt_z,target_log_ret_horizon_10,10,10.0,spearman,0.027051790323557225,0.027051790323557225,22537,54
60,60m,SOLUSDT,96,True,range_sqrt_z,target_log_ret_horizon_10,10,10.0,spearman,0.02310203345854504,0.02310203345854504,22537,54
60,60m,SOLUSDT,96,True,ret_accel_96_288_z,target_log_ret_horizon_10,10,10.0,spearman,0.02192931407908749,0.02192931407908749,22537,54
60,60m,SOLUSDT,96,True,vol_expansion_672_log1p_z,target_log_ret_horizon_10,10,10.0,spearman,0.020754914108714256,0.020754914108714256,22537,54
60,60m,SOLUSDT,96,True,vol_ratio_288_log1p_z,target_log_ret_horizon_10,10,10.0,spearman,0.020155730424064325,0.020155730424064325,22537,54
60,60m,SOLUSDT,96,True,vol_expansion_288_log1p_z,target_log_ret_horizon_10,10,10.0,spearman,0.019888500031767762,0.019888500031767762,22537,54
60,60m,SOLUSDT,96,True,volatility_288_sqrt_z,target_log_ret_horizon_10,10,10.0,spearman,0.019196866148138567,0.019196866148138567,22537,54
60,60m,SOLUSDT,96,True,vol_ratio_672_log1p_z,target_log_ret_horizon_10,10,10.0,spearman,0.01876374851703093,0.01876374851703093,22537,54
60,60m,SOLUSDT,96,True,vol_ratio_96_log1p_z,target_log_ret_horizon_10,10,10.0,spearman,0.0178670082316045,0.0178670082316045,22537,54
60,60m,SOLUSDT,96,True,vol_expansion_96_log1p_z,target_log_ret_horizon_10,10,10.0,spearman,0.01723142669701164,0.01723142669701164,22537,54
60,60m,SOLUSDT,96,True,NATR_14_z,target_log_ret_horizon_24,24,24.0,spearman,0.04941266039521138,0.04941266039521138,22537,54
60,60m,SOLUSDT,96,True,volatility_672_sqrt_z,target_log_ret_horizon_24,24,24.0,spearman,0.03779666862743245,0.03779666862743245,22537,54
60,60m,SOLUSDT,96,True,ret_accel_24_96_z,target_log_ret_horizon_24,24,24.0,spearman,-0.036710939109291574,0.036710939109291574,22537,54
60,60m,SOLUSDT,96,True,range_sqrt_z,target_log_ret_horizon_24,24,24.0,spearman,0.03503949194469627,0.03503949194469627,22537,54
60,60m,SOLUSDT,96,True,log_ret_96_z,target_log_ret_horizon_24,24,24.0,spearman,0.03488815341043338,0.03488815341043338,22537,54
60,60m,SOLUSDT,96,True,bb_width_20_sqrt_z,target_log_ret_horizon_24,24,24.0,spearman,0.03468279435555438,0.03468279435555438,22537,54
60,60m,SOLUSDT,96,True,vol_ratio_288_log1p_z,target_log_ret_horizon_24,24,24.0,spearman,0.03335326260809977,0.03335326260809977,22537,54
60,60m,SOLUSDT,96,True,vol_ratio_96_log1p_z,target_log_ret_horizon_24,24,24.0,spearman,0.03234443077035509,0.03234443077035509,22537,54
60,60m,SOLUSDT,96,True,price_pos_in_range_672_norm,target_log_ret_horizon_24,24,24.0,spearman,0.03207055450577922,0.03207055450577922,22537,54
60,60m,SOLUSDT,96,True,vol_expansion_672_log1p_z,target_log_ret_horizon_24,24,24.0,spearman,0.03197276058652915,0.03197276058652915,22537,54
60,60m,SOLUSDT,96,True,vol_expansion_288_log1p_z,target_log_ret_horizon_24,24,24.0,spearman,0.031561096659294297,0.031561096659294297,22537,54
60,60m,SOLUSDT,96,True,vol_ratio_672_log1p_z,target_log_ret_horizon_24,24,24.0,spearman,0.030204127982778644,0.030204127982778644,22537,54
60,60m,SOLUSDT,96,True,volatility_96_sqrt_z,target_log_ret_horizon_24,24,24.0,spearman,0.029680108164672148,0.029680108164672148,22537,54
60,60m,SOLUSDT,96,True,ret_accel_96_288_z,target_log_ret_horizon_24,24,24.0,spearman,0.028605006095660836,0.028605006095660836,22537,54
60,60m,SOLUSDT,96,True,vol_expansion_96_log1p_z,target_log_ret_horizon_24,24,24.0,spearman,0.02806496472137602,0.02806496472137602,22537,54
240,240m,BTCUSDT,24,True,dist_ema_9_z,target_log_ret_horizon_1,1,4.0,spearman,-0.035433521342431655,0.035433521342431655,5635,54
240,240m,BTCUSDT,24,True,dist_ema_21_z,target_log_ret_horizon_1,1,4.0,spearman,-0.02814318732743703,0.02814318732743703,5635,54
240,240m,BTCUSDT,24,True,log_ret_6_z,target_log_ret_horizon_1,1,4.0,spearman,-0.02797826902541276,0.02797826902541276,5635,54
240,240m,BTCUSDT,24,True,dist_to_high_72_sqrt_z,target_log_ret_horizon_1,1,4.0,spearman,0.027381796390363207,0.027381796390363207,5635,54
240,240m,BTCUSDT,24,True,ret_accel_6_24_z,target_log_ret_horizon_1,1,4.0,spearman,-0.025887010821238794,0.025887010821238794,5635,54
240,240m,BTCUSDT,24,True,dist_to_low_168_sqrt_z,target_log_ret_horizon_1,1,4.0,spearman,-0.023495236133098948,0.023495236133098948,5635,54
240,240m,BTCUSDT,24,True,dist_to_high_24_sqrt_z,target_log_ret_horizon_1,1,4.0,spearman,0.023339353523342175,0.023339353523342175,5635,54
240,240m,BTCUSDT,24,True,bb_pos_20_norm,target_log_ret_horizon_1,1,4.0,spearman,-0.023103261854674335,0.023103261854674335,5635,54
240,240m,BTCUSDT,24,True,price_pos_in_range_24_norm,target_log_ret_horizon_1,1,4.0,spearman,-0.02236459868846878,0.02236459868846878,5635,54
240,240m,BTCUSDT,24,True,dist_to_high_168_sqrt_z,target_log_ret_horizon_1,1,4.0,spearman,0.02184437886188787,0.02184437886188787,5635,54
240,240m,BTCUSDT,24,True,log_ret_72_z,target_log_ret_horizon_1,1,4.0,spearman,-0.020757392017829945,0.020757392017829945,5635,54
240,240m,BTCUSDT,24,True,MOM_pct_72_z,target_log_ret_horizon_1,1,4.0,spearman,-0.020606615949555127,0.020606615949555127,5635,54
240,240m,BTCUSDT,24,True,dist_to_low_72_sqrt_z,target_log_ret_horizon_1,1,4.0,spearman,-0.02054526365375532,0.02054526365375532,5635,54
240,240m,BTCUSDT,24,True,body_sqrt_z,target_log_ret_horizon_1,1,4.0,spearman,0.020321486261333465,0.020321486261333465,5635,54
240,240m,BTCUSDT,24,True,ret_accel_24_72_z,target_log_ret_horizon_1,1,4.0,spearman,0.020054239098772728,0.020054239098772728,5635,54
240,240m,BTCUSDT,24,True,ret_accel_6_24_z,target_log_ret_horizon_3,3,12.0,spearman,-0.04337943373220226,0.04337943373220226,5635,54
240,240m,BTCUSDT,24,True,log_ret_6_z,target_log_ret_horizon_3,3,12.0,spearman,-0.03584834234084584,0.03584834234084584,5635,54
240,240m,BTCUSDT,24,True,volatility_72_sqrt_z,target_log_ret_horizon_3,3,12.0,spearman,0.03342605145675273,0.03342605145675273,5635,54
240,240m,BTCUSDT,24,True,ret_accel_24_72_z,target_log_ret_horizon_3,3,12.0,spearman,0.030568112577145357,0.030568112577145357,5635,54
240,240m,BTCUSDT,24,True,dist_to_high_72_sqrt_z,target_log_ret_horizon_3,3,12.0,spearman,0.027337962207423412,0.027337962207423412,5635,54
240,240m,BTCUSDT,24,True,volatility_168_sqrt_z,target_log_ret_horizon_3,3,12.0,spearman,0.026263123943744,0.026263123943744,5635,54
240,240m,BTCUSDT,24,True,ema_slope_9_z,target_log_ret_horizon_3,3,12.0,spearman,-0.02523132310942281,0.02523132310942281,5635,54
240,240m,BTCUSDT,24,True,log_ret_24_z,target_log_ret_horizon_3,3,12.0,spearman,0.02369645628572291,0.02369645628572291,5635,54
240,240m,BTCUSDT,24,True,NATR_14_z,target_log_ret_horizon_3,3,12.0,spearman,0.022590301102994235,0.022590301102994235,5635,54
240,240m,BTCUSDT,24,True,log_ret_72_z,target_log_ret_horizon_3,3,12.0,spearman,-0.021763297496103572,0.021763297496103572,5635,54
240,240m,BTCUSDT,24,True,MOM_pct_72_z,target_log_ret_horizon_3,3,12.0,spearman,-0.021675110387447565,0.021675110387447565,5635,54
240,240m,BTCUSDT,24,True,body_sqrt_z,target_log_ret_horizon_3,3,12.0,spearman,0.021238431700110798,0.021238431700110798,5635,54
240,240m,BTCUSDT,24,True,MOM_pct_14_z,target_log_ret_horizon_3,3,12.0,spearman,-0.01966315664182033,0.01966315664182033,5635,54
240,240m,BTCUSDT,24,True,dist_ema_9_z,target_log_ret_horizon_3,3,12.0,spearman,-0.01954347471062691,0.01954347471062691,5635,54
240,240m,BTCUSDT,24,True,ADX_14_scaled,target_log_ret_horizon_3,3,12.0,spearman,0.01919967683900785,0.01919967683900785,5635,54
240,240m,BTCUSDT,24,True,ret_accel_6_24_z,target_log_ret_horizon_5,5,20.0,spearman,-0.04612782827700616,0.04612782827700616,5635,54
240,240m,BTCUSDT,24,True,body_sqrt_z,target_log_ret_horizon_5,5,20.0,spearman,0.04550693411565695,0.04550693411565695,5635,54
240,240m,BTCUSDT,24,True,log_ret_6_z,target_log_ret_horizon_5,5,20.0,spearman,-0.03996103326346675,0.03996103326346675,5635,54
240,240m,BTCUSDT,24,True,volatility_72_sqrt_z,target_log_ret_horizon_5,5,20.0,spearman,0.038333448245953444,0.038333448245953444,5635,54
240,240m,BTCUSDT,24,True,dist_to_high_72_sqrt_z,target_log_ret_horizon_5,5,20.0,spearman,0.03247221855767693,0.03247221855767693,5635,54
240,240m,BTCUSDT,24,True,ret_accel_24_72_z,target_log_ret_horizon_5,5,20.0,spearman,0.032317367003234905,0.032317367003234905,5635,54
240,240m,BTCUSDT,24,True,volatility_168_sqrt_z,target_log_ret_horizon_5,5,20.0,spearman,0.030525414226168616,0.030525414226168616,5635,54
240,240m,BTCUSDT,24,True,dist_ema_9_z,target_log_ret_horizon_5,5,20.0,spearman,-0.02895848666199116,0.02895848666199116,5635,54
240,240m,BTCUSDT,24,True,log_ret_72_z,target_log_ret_horizon_5,5,20.0,spearman,-0.028379943707838473,0.028379943707838473,5635,54
240,240m,BTCUSDT,24,True,MOM_pct_72_z,target_log_ret_horizon_5,5,20.0,spearman,-0.028266037899274583,0.028266037899274583,5635,54
240,240m,BTCUSDT,24,True,range_sqrt_z,target_log_ret_horizon_5,5,20.0,spearman,0.027780218753394585,0.027780218753394585,5635,54
240,240m,BTCUSDT,24,True,bb_pos_20_norm,target_log_ret_horizon_5,5,20.0,spearman,-0.027582046575272242,0.027582046575272242,5635,54
240,240m,BTCUSDT,24,True,price_pos_in_range_24_norm,target_log_ret_horizon_5,5,20.0,spearman,-0.027214415020599028,0.027214415020599028,5635,54
240,240m,BTCUSDT,24,True,bb_width_20_sqrt_z,target_log_ret_horizon_5,5,20.0,spearman,0.02640288816763571,0.02640288816763571,5635,54
240,240m,BTCUSDT,24,True,vol_expansion_168_log1p_z,target_log_ret_horizon_5,5,20.0,spearman,0.026165826084406905,0.026165826084406905,5635,54
240,240m,BTCUSDT,24,True,ret_accel_6_24_z,target_log_ret_horizon_10,10,40.0,spearman,-0.06743227834853538,0.06743227834853538,5635,54
240,240m,BTCUSDT,24,True,MOM_pct_30_z,target_log_ret_horizon_10,10,40.0,spearman,0.04445520752209878,0.04445520752209878,5635,54
240,240m,BTCUSDT,24,True,ret_accel_24_72_z,target_log_ret_horizon_10,10,40.0,spearman,0.041752414021053064,0.041752414021053064,5635,54
240,240m,BTCUSDT,24,True,ADX_14_scaled,target_log_ret_horizon_10,10,40.0,spearman,0.037932479056231455,0.037932479056231455,5635,54
240,240m,BTCUSDT,24,True,bb_width_20_sqrt_z,target_log_ret_horizon_10,10,40.0,spearman,0.037154081645023276,0.037154081645023276,5635,54
240,240m,BTCUSDT,24,True,log_ret_24_z,target_log_ret_horizon_10,10,40.0,spearman,0.03404465267287796,0.03404465267287796,5635,54
240,240m,BTCUSDT,24,True,ret_accel_72_168_z,target_log_ret_horizon_10,10,40.0,spearman,-0.0320289689021316,0.0320289689021316,5635,54
240,240m,BTCUSDT,24,True,ema_slope_21_z,target_log_ret_horizon_10,10,40.0,spearman,0.031171700089142707,0.031171700089142707,5635,54
240,240m,BTCUSDT,24,True,ema_spread_9_21_z,target_log_ret_horizon_10,10,40.0,spearman,0.029197935685420853,0.029197935685420853,5635,54
240,240m,BTCUSDT,24,True,dist_to_low_24_sqrt_z,target_log_ret_horizon_10,10,40.0,spearman,0.029166478313899305,0.029166478313899305,5635,54
240,240m,BTCUSDT,24,True,ADX_30_scaled,target_log_ret_horizon_10,10,40.0,spearman,0.02905432166599505,0.02905432166599505,5635,54
240,240m,BTCUSDT,24,True,log_ret_72_z,target_log_ret_horizon_10,10,40.0,spearman,-0.028366965450551,0.028366965450551,5635,54
240,240m,BTCUSDT,24,True,MOM_pct_72_z,target_log_ret_horizon_10,10,40.0,spearman,-0.02811156128729625,0.02811156128729625,5635,54
240,240m,BTCUSDT,24,True,ema_slope_50_z,target_log_ret_horizon_10,10,40.0,spearman,0.027655109910040408,0.027655109910040408,5635,54
240,240m,BTCUSDT,24,True,volatility_168_sqrt_z,target_log_ret_horizon_10,10,40.0,spearman,0.025960017875318764,0.025960017875318764,5635,54
240,240m,BTCUSDT,24,True,MACD_hist_pct_z,target_log_ret_horizon_24,24,96.0,spearman,0.07101905917836625,0.07101905917836625,5635,54
240,240m,BTCUSDT,24,True,dist_to_low_24_sqrt_z,target_log_ret_horizon_24,24,96.0,spearman,0.06885055222156297,0.06885055222156297,5635,54
240,240m,BTCUSDT,24,True,ret_accel_24_72_z,target_log_ret_horizon_24,24,96.0,spearman,0.05277282784525317,0.05277282784525317,5635,54
240,240m,BTCUSDT,24,True,MOM_pct_14_z,target_log_ret_horizon_24,24,96.0,spearman,0.05080108593850573,0.05080108593850573,5635,54
240,240m,BTCUSDT,24,True,ret_accel_6_24_z,target_log_ret_horizon_24,24,96.0,spearman,-0.04739968621755498,0.04739968621755498,5635,54
240,240m,BTCUSDT,24,True,log_ret_24_z,target_log_ret_horizon_24,24,96.0,spearman,0.04719702234396127,0.04719702234396127,5635,54
240,240m,BTCUSDT,24,True,ema_slope_9_z,target_log_ret_horizon_24,24,96.0,spearman,0.04546140649745924,0.04546140649745924,5635,54
240,240m,BTCUSDT,24,True,vol_ratio_24_log1p_z,target_log_ret_horizon_24,24,96.0,spearman,-0.044297969129386626,0.044297969129386626,5635,54
240,240m,BTCUSDT,24,True,ADX_72_scaled,target_log_ret_horizon_24,24,96.0,spearman,0.043494955765497244,0.043494955765497244,5635,54
240,240m,BTCUSDT,24,True,ema_slope_21_z,target_log_ret_horizon_24,24,96.0,spearman,0.039745293973978434,0.039745293973978434,5635,54
240,240m,BTCUSDT,24,True,dist_ema_21_z,target_log_ret_horizon_24,24,96.0,spearman,0.03818712056901869,0.03818712056901869,5635,54
240,240m,BTCUSDT,24,True,vol_ratio_72_log1p_z,target_log_ret_horizon_24,24,96.0,spearman,-0.03787534944582957,0.03787534944582957,5635,54
240,240m,BTCUSDT,24,True,vol_ratio_168_log1p_z,target_log_ret_horizon_24,24,96.0,spearman,-0.036979759737123426,0.036979759737123426,5635,54
240,240m,BTCUSDT,24,True,dist_ema_9_z,target_log_ret_horizon_24,24,96.0,spearman,0.033178981429829967,0.033178981429829967,5635,54
240,240m,BTCUSDT,24,True,ema_spread_9_21_z,target_log_ret_horizon_24,24,96.0,spearman,0.033060396484872724,0.033060396484872724,5635,54
240,240m,ETHUSDT,24,True,dist_to_high_168_sqrt_z,target_log_ret_horizon_1,1,4.0,spearman,0.032222038042030346,0.032222038042030346,5635,54
240,240m,ETHUSDT,24,True,dist_to_high_72_sqrt_z,target_log_ret_horizon_1,1,4.0,spearman,0.030399366701701822,0.030399366701701822,5635,54
240,240m,ETHUSDT,24,True,volatility_72_sqrt_z,target_log_ret_horizon_1,1,4.0,spearman,0.027404024946338982,0.027404024946338982,5635,54
240,240m,ETHUSDT,24,True,NATR_14_z,target_log_ret_horizon_1,1,4.0,spearman,0.0250662828850015,0.0250662828850015,5635,54
240,240m,ETHUSDT,24,True,log_ret_6_z,target_log_ret_horizon_1,1,4.0,spearman,-0.024841784946902323,0.024841784946902323,5635,54
240,240m,ETHUSDT,24,True,dist_to_high_24_sqrt_z,target_log_ret_horizon_1,1,4.0,spearman,0.024110199175762754,0.024110199175762754,5635,54
240,240m,ETHUSDT,24,True,price_pos_in_range_24_norm,target_log_ret_horizon_1,1,4.0,spearman,-0.02366017271909762,0.02366017271909762,5635,54
240,240m,ETHUSDT,24,True,log_ret_72_z,target_log_ret_horizon_1,1,4.0,spearman,-0.0224275541667525,0.0224275541667525,5635,54
240,240m,ETHUSDT,24,True,MOM_pct_72_z,target_log_ret_horizon_1,1,4.0,spearman,-0.02228208671229037,0.02228208671229037,5635,54
240,240m,ETHUSDT,24,True,dist_to_low_168_sqrt_z,target_log_ret_horizon_1,1,4.0,spearman,-0.0215851982907894,0.0215851982907894,5635,54
240,240m,ETHUSDT,24,True,price_pos_in_range_72_norm,target_log_ret_horizon_1,1,4.0,spearman,-0.020688736329150192,0.020688736329150192,5635,54
240,240m,ETHUSDT,24,True,ADX_30_scaled,target_log_ret_horizon_1,1,4.0,spearman,0.020382249069241982,0.020382249069241982,5635,54
240,240m,ETHUSDT,24,True,ema_slope_9_z,target_log_ret_horizon_1,1,4.0,spearman,-0.020308781280486597,0.020308781280486597,5635,54
240,240m,ETHUSDT,24,True,body_sqrt_z,target_log_ret_horizon_1,1,4.0,spearman,0.019958102050834956,0.019958102050834956,5635,54
240,240m,ETHUSDT,24,True,bb_pos_20_norm,target_log_ret_horizon_1,1,4.0,spearman,-0.019123585270555816,0.019123585270555816,5635,54
240,240m,ETHUSDT,24,True,volatility_72_sqrt_z,target_log_ret_horizon_3,3,12.0,spearman,0.058386026723119676,0.058386026723119676,5635,54
240,240m,ETHUSDT,24,True,NATR_14_z,target_log_ret_horizon_3,3,12.0,spearman,0.03806543699706352,0.03806543699706352,5635,54
240,240m,ETHUSDT,24,True,ADX_30_scaled,target_log_ret_horizon_3,3,12.0,spearman,0.03635876738876426,0.03635876738876426,5635,54
240,240m,ETHUSDT,24,True,volatility_24_sqrt_z,target_log_ret_horizon_3,3,12.0,spearman,0.03074541925385904,0.03074541925385904,5635,54
240,240m,ETHUSDT,24,True,dist_to_high_168_sqrt_z,target_log_ret_horizon_3,3,12.0,spearman,0.029435132291567467,0.029435132291567467,5635,54
240,240m,ETHUSDT,24,True,log_ret_72_z,target_log_ret_horizon_3,3,12.0,spearman,-0.02704812246137913,0.02704812246137913,5635,54
240,240m,ETHUSDT,24,True,MOM_pct_72_z,target_log_ret_horizon_3,3,12.0,spearman,-0.026746049266422735,0.026746049266422735,5635,54
240,240m,ETHUSDT,24,True,price_pos_in_range_168_norm,target_log_ret_horizon_3,3,12.0,spearman,-0.025267637919095438,0.025267637919095438,5635,54
240,240m,ETHUSDT,24,True,ema_spread_50_100_z,target_log_ret_horizon_3,3,12.0,spearman,-0.0246177150778758,0.0246177150778758,5635,54
240,240m,ETHUSDT,24,True,ADX_14_scaled,target_log_ret_horizon_3,3,12.0,spearman,0.02385570736286979,0.02385570736286979,5635,54
240,240m,ETHUSDT,24,True,price_pos_in_range_72_norm,target_log_ret_horizon_3,3,12.0,spearman,-0.02332368852233964,0.02332368852233964,5635,54
240,240m,ETHUSDT,24,True,ema_slope_9_z,target_log_ret_horizon_3,3,12.0,spearman,-0.02226274792481703,0.02226274792481703,5635,54
240,240m,ETHUSDT,24,True,dist_to_high_72_sqrt_z,target_log_ret_horizon_3,3,12.0,spearman,0.02120617963752873,0.02120617963752873,5635,54
240,240m,ETHUSDT,24,True,vol_ratio_168_log1p_z,target_log_ret_horizon_3,3,12.0,spearman,0.020374822903525002,0.020374822903525002,5635,54
240,240m,ETHUSDT,24,True,body_sqrt_z,target_log_ret_horizon_3,3,12.0,spearman,0.020126687679839304,0.020126687679839304,5635,54
240,240m,ETHUSDT,24,True,volatility_72_sqrt_z,target_log_ret_horizon_5,5,20.0,spearman,0.06063545071560842,0.06063545071560842,5635,54
240,240m,ETHUSDT,24,True,ADX_30_scaled,target_log_ret_horizon_5,5,20.0,spearman,0.046476830477815076,0.046476830477815076,5635,54
240,240m,ETHUSDT,24,True,dist_to_high_168_sqrt_z,target_log_ret_horizon_5,5,20.0,spearman,0.0442575830611314,0.0442575830611314,5635,54
240,240m,ETHUSDT,24,True,body_sqrt_z,target_log_ret_horizon_5,5,20.0,spearman,0.03935416547521082,0.03935416547521082,5635,54
240,240m,ETHUSDT,24,True,NATR_14_z,target_log_ret_horizon_5,5,20.0,spearman,0.0390480667811727,0.0390480667811727,5635,54
240,240m,ETHUSDT,24,True,vol_ratio_168_log1p_z,target_log_ret_horizon_5,5,20.0,spearman,0.03502402610576424,0.03502402610576424,5635,54
240,240m,ETHUSDT,24,True,log_ret_72_z,target_log_ret_horizon_5,5,20.0,spearman,-0.03346720954768405,0.03346720954768405,5635,54
240,240m,ETHUSDT,24,True,MOM_pct_72_z,target_log_ret_horizon_5,5,20.0,spearman,-0.03322695473113422,0.03322695473113422,5635,54
240,240m,ETHUSDT,24,True,ADX_14_scaled,target_log_ret_horizon_5,5,20.0,spearman,0.03319451864324607,0.03319451864324607,5635,54
240,240m,ETHUSDT,24,True,range_sqrt_z,target_log_ret_horizon_5,5,20.0,spearman,0.03189105261723716,0.03189105261723716,5635,54
240,240m,ETHUSDT,24,True,vol_expansion_168_log1p_z,target_log_ret_horizon_5,5,20.0,spearman,0.031732702341061084,0.031732702341061084,5635,54
240,240m,ETHUSDT,24,True,ema_spread_50_100_z,target_log_ret_horizon_5,5,20.0,spearman,-0.03135470927802468,0.03135470927802468,5635,54
240,240m,ETHUSDT,24,True,price_pos_in_range_168_norm,target_log_ret_horizon_5,5,20.0,spearman,-0.030662458532129986,0.030662458532129986,5635,54
240,240m,ETHUSDT,24,True,price_pos_in_range_72_norm,target_log_ret_horizon_5,5,20.0,spearman,-0.028662345222880914,0.028662345222880914,5635,54
240,240m,ETHUSDT,24,True,vol_ratio_72_log1p_z,target_log_ret_horizon_5,5,20.0,spearman,0.02855069062504854,0.02855069062504854,5635,54
240,240m,ETHUSDT,24,True,ADX_30_scaled,target_log_ret_horizon_10,10,40.0,spearman,0.05829347471695817,0.05829347471695817,5635,54
240,240m,ETHUSDT,24,True,ADX_14_scaled,target_log_ret_horizon_10,10,40.0,spearman,0.05635482061887478,0.05635482061887478,5635,54
240,240m,ETHUSDT,24,True,volatility_72_sqrt_z,target_log_ret_horizon_10,10,40.0,spearman,0.049335543582298545,0.049335543582298545,5635,54
240,240m,ETHUSDT,24,True,vol_ratio_168_log1p_z,target_log_ret_horizon_10,10,40.0,spearman,0.04905293446993984,0.04905293446993984,5635,54
240,240m,ETHUSDT,24,True,NATR_14_z,target_log_ret_horizon_10,10,40.0,spearman,0.04446772932260538,0.04446772932260538,5635,54
240,240m,ETHUSDT,24,True,vol_ratio_72_log1p_z,target_log_ret_horizon_10,10,40.0,spearman,0.04073956490146291,0.04073956490146291,5635,54
240,240m,ETHUSDT,24,True,dist_to_high_168_sqrt_z,target_log_ret_horizon_10,10,40.0,spearman,0.036134563324471417,0.036134563324471417,5635,54
240,240m,ETHUSDT,24,True,vol_ratio_24_log1p_z,target_log_ret_horizon_10,10,40.0,spearman,0.035179506385044246,0.035179506385044246,5635,54
240,240m,ETHUSDT,24,True,MOM_pct_14_z,target_log_ret_horizon_10,10,40.0,spearman,0.030525805251375885,0.030525805251375885,5635,54
240,240m,ETHUSDT,24,True,vol_expansion_168_log1p_z,target_log_ret_horizon_10,10,40.0,spearman,0.029045204788439388,0.029045204788439388,5635,54
240,240m,ETHUSDT,24,True,ret_accel_72_168_z,target_log_ret_horizon_10,10,40.0,spearman,-0.02840543989695794,0.02840543989695794,5635,54
240,240m,ETHUSDT,24,True,body_sqrt_z,target_log_ret_horizon_10,10,40.0,spearman,0.028062060380971705,0.028062060380971705,5635,54
240,240m,ETHUSDT,24,True,range_sqrt_z,target_log_ret_horizon_10,10,40.0,spearman,0.02782789550122272,0.02782789550122272,5635,54
240,240m,ETHUSDT,24,True,ema_spread_9_21_z,target_log_ret_horizon_10,10,40.0,spearman,0.026894760896033546,0.026894760896033546,5635,54
240,240m,ETHUSDT,24,True,MOM_pct_30_z,target_log_ret_horizon_10,10,40.0,spearman,0.026068368633486164,0.026068368633486164,5635,54
240,240m,ETHUSDT,24,True,ADX_14_scaled,target_log_ret_horizon_24,24,96.0,spearman,0.10238150074243209,0.10238150074243209,5635,54
240,240m,ETHUSDT,24,True,ADX_30_scaled,target_log_ret_horizon_24,24,96.0,spearman,0.08241074094720502,0.08241074094720502,5635,54
240,240m,ETHUSDT,24,True,NATR_14_z,target_log_ret_horizon_24,24,96.0,spearman,0.05465771650163597,0.05465771650163597,5635,54
240,240m,ETHUSDT,24,True,dist_to_low_24_sqrt_z,target_log_ret_horizon_24,24,96.0,spearman,0.053259544305928476,0.053259544305928476,5635,54
240,240m,ETHUSDT,24,True,log_ret_24_z,target_log_ret_horizon_24,24,96.0,spearman,0.05109372617954743,0.05109372617954743,5635,54
240,240m,ETHUSDT,24,True,volatility_72_sqrt_z,target_log_ret_horizon_24,24,96.0,spearman,0.04480119276719525,0.04480119276719525,5635,54
240,240m,ETHUSDT,24,True,ret_accel_6_24_z,target_log_ret_horizon_24,24,96.0,spearman,-0.043199470020329325,0.043199470020329325,5635,54
240,240m,ETHUSDT,24,True,ema_spread_9_21_z,target_log_ret_horizon_24,24,96.0,spearman,0.042644312493544625,0.042644312493544625,5635,54
240,240m,ETHUSDT,24,True,ema_slope_21_z,target_log_ret_horizon_24,24,96.0,spearman,0.0395136314341926,0.0395136314341926,5635,54
240,240m,ETHUSDT,24,True,dist_ema_21_z,target_log_ret_horizon_24,24,96.0,spearman,0.03702187656845368,0.03702187656845368,5635,54
240,240m,ETHUSDT,24,True,MOM_pct_30_z,target_log_ret_horizon_24,24,96.0,spearman,0.0348460253781563,0.0348460253781563,5635,54
240,240m,ETHUSDT,24,True,dist_ema_50_z,target_log_ret_horizon_24,24,96.0,spearman,0.03464334686090789,0.03464334686090789,5635,54
240,240m,ETHUSDT,24,True,ema_slope_50_z,target_log_ret_horizon_24,24,96.0,spearman,0.03361660702294533,0.03361660702294533,5635,54
240,240m,ETHUSDT,24,True,MACD_hist_pct_z,target_log_ret_horizon_24,24,96.0,spearman,0.030599999706397076,0.030599999706397076,5635,54
240,240m,ETHUSDT,24,True,MOM_pct_14_z,target_log_ret_horizon_24,24,96.0,spearman,0.03058118778245706,0.03058118778245706,5635,54
240,240m,SOLUSDT,24,True,NATR_14_z,target_log_ret_horizon_1,1,4.0,spearman,0.03115452764453838,0.03115452764453838,5635,54
240,240m,SOLUSDT,24,True,dist_ema_9_z,target_log_ret_horizon_1,1,4.0,spearman,-0.02719865943942082,0.02719865943942082,5635,54
240,240m,SOLUSDT,24,True,log_ret_6_z,target_log_ret_horizon_1,1,4.0,spearman,-0.024646981453656205,0.024646981453656205,5635,54
240,240m,SOLUSDT,24,True,volatility_72_sqrt_z,target_log_ret_horizon_1,1,4.0,spearman,0.02392645421916464,0.02392645421916464,5635,54
240,240m,SOLUSDT,24,True,dist_to_low_24_sqrt_z,target_log_ret_horizon_1,1,4.0,spearman,-0.022222052506428915,0.022222052506428915,5635,54
240,240m,SOLUSDT,24,True,ret_accel_6_24_z,target_log_ret_horizon_1,1,4.0,spearman,-0.020886132872842366,0.020886132872842366,5635,54
240,240m,SOLUSDT,24,True,MOM_pct_72_z,target_log_ret_horizon_1,1,4.0,spearman,-0.019312137426687404,0.019312137426687404,5635,54
240,240m,SOLUSDT,24,True,log_ret_72_z,target_log_ret_horizon_1,1,4.0,spearman,-0.019212900014518492,0.019212900014518492,5635,54
240,240m,SOLUSDT,24,True,volatility_168_sqrt_z,target_log_ret_horizon_1,1,4.0,spearman,0.018452346864144428,0.018452346864144428,5635,54
240,240m,SOLUSDT,24,True,bb_width_20_sqrt_z,target_log_ret_horizon_1,1,4.0,spearman,0.018148273314895404,0.018148273314895404,5635,54
240,240m,SOLUSDT,24,True,dist_to_high_24_sqrt_z,target_log_ret_horizon_1,1,4.0,spearman,0.01802072526920293,0.01802072526920293,5635,54
240,240m,SOLUSDT,24,True,dist_to_high_72_sqrt_z,target_log_ret_horizon_1,1,4.0,spearman,0.017488323476909387,0.017488323476909387,5635,54
240,240m,SOLUSDT,24,True,ADX_14_scaled,target_log_ret_horizon_1,1,4.0,spearman,-0.017292238837642304,0.017292238837642304,5635,54
240,240m,SOLUSDT,24,True,dist_to_high_168_sqrt_z,target_log_ret_horizon_1,1,4.0,spearman,0.01688834282700892,0.01688834282700892,5635,54
240,240m,SOLUSDT,24,True,dist_ema_21_z,target_log_ret_horizon_1,1,4.0,spearman,-0.016672314868018987,0.016672314868018987,5635,54
240,240m,SOLUSDT,24,True,volatility_72_sqrt_z,target_log_ret_horizon_3,3,12.0,spearman,0.05344005192179713,0.05344005192179713,5635,54
240,240m,SOLUSDT,24,True,NATR_14_z,target_log_ret_horizon_3,3,12.0,spearman,0.047234643013089356,0.047234643013089356,5635,54
240,240m,SOLUSDT,24,True,vol_ratio_72_log1p_z,target_log_ret_horizon_3,3,12.0,spearman,0.03879194645844093,0.03879194645844093,5635,54
240,240m,SOLUSDT,24,True,vol_ratio_168_log1p_z,target_log_ret_horizon_3,3,12.0,spearman,0.0382324125148967,0.0382324125148967,5635,54
240,240m,SOLUSDT,24,True,volatility_24_sqrt_z,target_log_ret_horizon_3,3,12.0,spearman,0.03695195582754668,0.03695195582754668,5635,54
240,240m,SOLUSDT,24,True,vol_ratio_24_log1p_z,target_log_ret_horizon_3,3,12.0,spearman,0.036271044251120155,0.036271044251120155,5635,54
240,240m,SOLUSDT,24,True,ret_accel_6_24_z,target_log_ret_horizon_3,3,12.0,spearman,-0.03578009173263281,0.03578009173263281,5635,54
240,240m,SOLUSDT,24,True,range_sqrt_z,target_log_ret_horizon_3,3,12.0,spearman,0.03431554857115255,0.03431554857115255,5635,54
240,240m,SOLUSDT,24,True,volatility_168_sqrt_z,target_log_ret_horizon_3,3,12.0,spearman,0.03425406363389766,0.03425406363389766,5635,54
240,240m,SOLUSDT,24,True,vol_expansion_168_log1p_z,target_log_ret_horizon_3,3,12.0,spearman,0.03211678681591324,0.03211678681591324,5635,54
240,240m,SOLUSDT,24,True,body_sqrt_z,target_log_ret_horizon_3,3,12.0,spearman,0.031836539113175834,0.031836539113175834,5635,54
240,240m,SOLUSDT,24,True,log_ret_24_z,target_log_ret_horizon_3,3,12.0,spearman,0.031542256683326365,0.031542256683326365,5635,54
240,240m,SOLUSDT,24,True,vol_expansion_72_log1p_z,target_log_ret_horizon_3,3,12.0,spearman,0.029401579940483598,0.029401579940483598,5635,54
240,240m,SOLUSDT,24,True,vol_expansion_24_log1p_z,target_log_ret_horizon_3,3,12.0,spearman,0.02915499955113628,0.02915499955113628,5635,54
240,240m,SOLUSDT,24,True,bb_width_20_sqrt_z,target_log_ret_horizon_3,3,12.0,spearman,0.025493903841032187,0.025493903841032187,5635,54
240,240m,SOLUSDT,24,True,volatility_72_sqrt_z,target_log_ret_horizon_5,5,20.0,spearman,0.06793165555829114,0.06793165555829114,5635,54
240,240m,SOLUSDT,24,True,range_sqrt_z,target_log_ret_horizon_5,5,20.0,spearman,0.0492377028136815,0.0492377028136815,5635,54
240,240m,SOLUSDT,24,True,NATR_14_z,target_log_ret_horizon_5,5,20.0,spearman,0.04911009130330045,0.04911009130330045,5635,54
240,240m,SOLUSDT,24,True,vol_expansion_168_log1p_z,target_log_ret_horizon_5,5,20.0,spearman,0.04619243563953793,0.04619243563953793,5635,54
240,240m,SOLUSDT,24,True,volatility_168_sqrt_z,target_log_ret_horizon_5,5,20.0,spearman,0.04567333005199927,0.04567333005199927,5635,54
240,240m,SOLUSDT,24,True,vol_ratio_72_log1p_z,target_log_ret_horizon_5,5,20.0,spearman,0.04564873694784106,0.04564873694784106,5635,54
240,240m,SOLUSDT,24,True,vol_expansion_72_log1p_z,target_log_ret_horizon_5,5,20.0,spearman,0.04380050940899303,0.04380050940899303,5635,54
240,240m,SOLUSDT,24,True,vol_ratio_168_log1p_z,target_log_ret_horizon_5,5,20.0,spearman,0.042726513639914115,0.042726513639914115,5635,54
240,240m,SOLUSDT,24,True,vol_ratio_24_log1p_z,target_log_ret_horizon_5,5,20.0,spearman,0.04259892609929721,0.04259892609929721,5635,54
240,240m,SOLUSDT,24,True,body_sqrt_z,target_log_ret_horizon_5,5,20.0,spearman,0.04244447972290393,0.04244447972290393,5635,54
240,240m,SOLUSDT,24,True,vol_expansion_24_log1p_z,target_log_ret_horizon_5,5,20.0,spearman,0.041669950054401515,0.041669950054401515,5635,54
240,240m,SOLUSDT,24,True,volatility_24_sqrt_z,target_log_ret_horizon_5,5,20.0,spearman,0.04069932900474702,0.04069932900474702,5635,54
240,240m,SOLUSDT,24,True,ret_accel_6_24_z,target_log_ret_horizon_5,5,20.0,spearman,-0.03927145010971737,0.03927145010971737,5635,54
240,240m,SOLUSDT,24,True,log_ret_24_z,target_log_ret_horizon_5,5,20.0,spearman,0.03771411303673485,0.03771411303673485,5635,54
240,240m,SOLUSDT,24,True,ret_accel_24_72_z,target_log_ret_horizon_5,5,20.0,spearman,0.028985488134638006,0.028985488134638006,5635,54
240,240m,SOLUSDT,24,True,volatility_72_sqrt_z,target_log_ret_horizon_10,10,40.0,spearman,0.06238268528349612,0.06238268528349612,5635,54
240,240m,SOLUSDT,24,True,price_pos_in_range_168_norm,target_log_ret_horizon_10,10,40.0,spearman,0.06179176153084311,0.06179176153084311,5635,54
240,240m,SOLUSDT,24,True,RSI_72_bounded,target_log_ret_horizon_10,10,40.0,spearman,0.04805419768874476,0.04805419768874476,5635,54
240,240m,SOLUSDT,24,True,range_sqrt_z,target_log_ret_horizon_10,10,40.0,spearman,0.0466918139660679,0.0466918139660679,5635,54
240,240m,SOLUSDT,24,True,dist_to_high_24_sqrt_z,target_log_ret_horizon_10,10,40.0,spearman,-0.04557014770369908,0.04557014770369908,5635,54
240,240m,SOLUSDT,24,True,vol_ratio_72_log1p_z,target_log_ret_horizon_10,10,40.0,spearman,0.04504800133183661,0.04504800133183661,5635,54
240,240m,SOLUSDT,24,True,MOM_pct_14_z,target_log_ret_horizon_10,10,40.0,spearman,0.044777992657464516,0.044777992657464516,5635,54
240,240m,SOLUSDT,24,True,RSI_30_bounded,target_log_ret_horizon_10,10,40.0,spearman,0.04379951433770582,0.04379951433770582,5635,54
240,240m,SOLUSDT,24,True,vol_expansion_168_log1p_z,target_log_ret_horizon_10,10,40.0,spearman,0.04376733918935476,0.04376733918935476,5635,54
240,240m,SOLUSDT,24,True,vol_expansion_72_log1p_z,target_log_ret_horizon_10,10,40.0,spearman,0.043449545133562854,0.043449545133562854,5635,54
240,240m,SOLUSDT,24,True,log_ret_24_z,target_log_ret_horizon_10,10,40.0,spearman,0.043169217509398665,0.043169217509398665,5635,54
240,240m,SOLUSDT,24,True,MOM_pct_30_z,target_log_ret_horizon_10,10,40.0,spearman,0.04268381246709932,0.04268381246709932,5635,54
240,240m,SOLUSDT,24,True,RSI_14_bounded,target_log_ret_horizon_10,10,40.0,spearman,0.04195493987551888,0.04195493987551888,5635,54
240,240m,SOLUSDT,24,True,volatility_168_sqrt_z,target_log_ret_horizon_10,10,40.0,spearman,0.04175182739668513,0.04175182739668513,5635,54
240,240m,SOLUSDT,24,True,bb_pos_20_norm,target_log_ret_horizon_10,10,40.0,spearman,0.04106642169623537,0.04106642169623537,5635,54
240,240m,SOLUSDT,24,True,price_pos_in_range_168_norm,target_log_ret_horizon_24,24,96.0,spearman,0.08829388371928118,0.08829388371928118,5635,54
240,240m,SOLUSDT,24,True,ADX_72_scaled,target_log_ret_horizon_24,24,96.0,spearman,0.06860425665750322,0.06860425665750322,5635,54
240,240m,SOLUSDT,24,True,RSI_72_bounded,target_log_ret_horizon_24,24,96.0,spearman,0.057889135416955936,0.057889135416955936,5635,54
240,240m,SOLUSDT,24,True,RSI_30_bounded,target_log_ret_horizon_24,24,96.0,spearman,0.05260119529821479,0.05260119529821479,5635,54
240,240m,SOLUSDT,24,True,volatility_72_sqrt_z,target_log_ret_horizon_24,24,96.0,spearman,0.05134367317317277,0.05134367317317277,5635,54
240,240m,SOLUSDT,24,True,price_pos_in_range_72_norm,target_log_ret_horizon_24,24,96.0,spearman,0.04853456291300325,0.04853456291300325,5635,54
240,240m,SOLUSDT,24,True,RSI_14_bounded,target_log_ret_horizon_24,24,96.0,spearman,0.04713324147908002,0.04713324147908002,5635,54
240,240m,SOLUSDT,24,True,ret_accel_24_72_z,target_log_ret_horizon_24,24,96.0,spearman,0.046865483399553536,0.046865483399553536,5635,54
240,240m,SOLUSDT,24,True,MACD_hist_pct_z,target_log_ret_horizon_24,24,96.0,spearman,0.044976894550793074,0.044976894550793074,5635,54
240,240m,SOLUSDT,24,True,dist_to_high_24_sqrt_z,target_log_ret_horizon_24,24,96.0,spearman,-0.042972705680339625,0.042972705680339625,5635,54
240,240m,SOLUSDT,24,True,MOM_pct_14_z,target_log_ret_horizon_24,24,96.0,spearman,0.042879075928803266,0.042879075928803266,5635,54
240,240m,SOLUSDT,24,True,price_pos_in_range_24_norm,target_log_ret_horizon_24,24,96.0,spearman,0.04277966781459181,0.04277966781459181,5635,54
240,240m,SOLUSDT,24,True,log_ret_24_z,target_log_ret_horizon_24,24,96.0,spearman,0.04097860099186742,0.04097860099186742,5635,54
240,240m,SOLUSDT,24,True,dist_to_high_72_sqrt_z,target_log_ret_horizon_24,24,96.0,spearman,-0.04078800491639272,0.04078800491639272,5635,54
240,240m,SOLUSDT,24,True,bb_pos_20_norm,target_log_ret_horizon_24,24,96.0,spearman,0.038539195860384026,0.038539195860384026,5635,54
