number,value,params_lambda_prior,params_one_minus_gamma,params_ucb_alpha,user_attrs_all_symbols_active_share,user_attrs_all_symbols_have_long_share,user_attrs_calmar_drawdown_floor_abs,user_attrs_calmar_drawdown_floor_applied,user_attrs_calmar_like,user_attrs_constraint_drawdown_ok,user_attrs_constraint_finite_objective_return_ok,user_attrs_constraint_max_trades_ok,user_attrs_constraint_min_trades_ok,user_attrs_constraint_profit_factor_ok,user_attrs_constraint_symbols_active_ok,user_attrs_constraint_symbols_have_long_ok,user_attrs_constraint_value_all_symbols_active,user_attrs_constraint_value_all_symbols_have_long,user_attrs_constraint_value_drawdown,user_attrs_constraint_value_finite_objective_return,user_attrs_constraint_value_max_trades,user_attrs_constraint_value_min_trades,user_attrs_constraint_value_profit_factor,user_attrs_constraints_values,user_attrs_diagnostic_mean_of_seed_mean_return_pct,user_attrs_diagnostic_median_mean_turnover,user_attrs_effective_drawdown_abs_for_calmar,user_attrs_invalid_score,user_attrs_max_drawdown_abs,user_attrs_max_seed_median_return_pct,user_attrs_max_total_trades,user_attrs_mean_of_seed_mean_return_pct,user_attrs_mean_of_seed_median_return_pct,user_attrs_mean_seed_half_return_gap_pct,user_attrs_mean_seed_max_half_median_return_pct,user_attrs_mean_seed_min_half_median_return_pct,user_attrs_mean_seed_second_minus_first_half_median_return_pct,user_attrs_mean_seed_val_first_max_drawdown_abs,user_attrs_mean_seed_val_first_mean_constraint_applied_ratio,user_attrs_mean_seed_val_first_mean_executed_action_1_ratio,user_attrs_mean_seed_val_first_mean_return_pct,user_attrs_mean_seed_val_first_mean_threshold_applied_ratio,user_attrs_mean_seed_val_first_mean_turnover,user_attrs_mean_seed_val_first_median_profit_factor,user_attrs_mean_seed_val_first_median_return_pct,user_attrs_mean_seed_val_first_positive_return_symbols,user_attrs_mean_seed_val_first_total_trade_events,user_attrs_mean_seed_val_first_total_trades,user_attrs_mean_seed_val_second_max_drawdown_abs,user_attrs_mean_seed_val_second_mean_constraint_applied_ratio,user_attrs_mean_seed_val_second_mean_executed_action_1_ratio,user_attrs_mean_seed_val_second_mean_return_pct,user_attrs_mean_seed_val_second_mean_threshold_applied_ratio,user_attrs_mean_seed_val_second_mean_turnover,user_attrs_mean_seed_val_second_median_profit_factor,user_attrs_mean_seed_val_second_median_return_pct,user_attrs_mean_seed_val_second_positive_return_symbols,user_attrs_mean_seed_val_second_total_trade_events,user_attrs_mean_seed_val_second_total_trades,user_attrs_median_active_symbols,user_attrs_median_long_action_symbols,user_attrs_median_max_drawdown_abs,user_attrs_median_mean_turnover,user_attrs_median_of_seed_mean_return_pct,user_attrs_median_of_seed_median_return_pct,user_attrs_median_positive_return_symbols,user_attrs_median_profit_factor,user_attrs_median_seed_half_return_gap_pct,user_attrs_median_seed_max_half_median_return_pct,user_attrs_median_seed_min_half_median_return_pct,user_attrs_median_seed_second_minus_first_half_median_return_pct,user_attrs_median_seed_val_first_max_drawdown_abs,user_attrs_median_seed_val_first_mean_constraint_applied_ratio,user_attrs_median_seed_val_first_mean_executed_action_1_ratio,user_attrs_median_seed_val_first_mean_return_pct,user_attrs_median_seed_val_first_mean_threshold_applied_ratio,user_attrs_median_seed_val_first_mean_turnover,user_attrs_median_seed_val_first_median_profit_factor,user_attrs_median_seed_val_first_median_return_pct,user_attrs_median_seed_val_first_positive_return_symbols,user_attrs_median_seed_val_first_total_trade_events,user_attrs_median_seed_val_first_total_trades,user_attrs_median_seed_val_second_max_drawdown_abs,user_attrs_median_seed_val_second_mean_constraint_applied_ratio,user_attrs_median_seed_val_second_mean_executed_action_1_ratio,user_attrs_median_seed_val_second_mean_return_pct,user_attrs_median_seed_val_second_mean_threshold_applied_ratio,user_attrs_median_seed_val_second_mean_turnover,user_attrs_median_seed_val_second_median_profit_factor,user_attrs_median_seed_val_second_median_return_pct,user_attrs_median_seed_val_second_positive_return_symbols,user_attrs_median_seed_val_second_total_trade_events,user_attrs_median_seed_val_second_total_trades,user_attrs_median_total_trade_events,user_attrs_median_total_trades,user_attrs_memory_horizon,user_attrs_memory_horizon_bars,user_attrs_min_profit_factor,user_attrs_min_seed_median_return_pct,user_attrs_min_total_trades,user_attrs_n_seeds,user_attrs_objective_metric_name,user_attrs_objective_score,user_attrs_observed_all_symbols_active_share,user_attrs_observed_all_symbols_have_long_share,user_attrs_observed_mean_of_seed_mean_return_pct,user_attrs_observed_median_max_drawdown_abs,user_attrs_observed_median_of_seed_median_return_pct,user_attrs_observed_median_profit_factor,user_attrs_observed_median_total_trades,user_attrs_optuna_constraints_convention,user_attrs_required_all_symbols_active_share,user_attrs_required_all_symbols_have_long_share,user_attrs_seeds_used,user_attrs_std_of_seed_median_return_pct,user_attrs_valid,state
0,0.37053793932342316,1.0,0.003076923076923077,0.1,1.0,1.0,1.0,False,0.03532425433317421,True,True,True,True,True,True,True,0.0,0.0,-4.510381851841714,0.0,-168.0,-382.0,-0.172021991128135,"[-4.510381851841714, -0.172021991128135, -382.0, -168.0, 0.0, 0.0, 0.0]",3.2695745594195413,0.0968,10.489618148158286,-1000000.0,15.0,0.37053793932342316,650.0,3.2695745594195413,0.37053793932342316,0.22823554662332324,0.2992804312548225,0.07104488463149927,0.22823554662332324,7.044422052927112,0.0834,0.5098,3.333413199294546,0.09559999999999999,0.0948,0.9646863947192527,0.07104488463149927,3.0,474.0,237.0,9.274423031018763,0.0978,0.4266,-0.18080092917186485,0.0854,0.0988,1.1025485855116892,0.2992804312548225,3.0,494.0,245.0,5.0,5.0,10.489618148158286,0.0968,3.2695745594195413,0.37053793932342316,3.0,1.022021991128135,0.22823554662332324,0.2992804312548225,0.07104488463149927,0.22823554662332324,7.044422052927112,0.0834,0.5098,3.333413199294546,0.09559999999999999,0.0948,0.9646863947192527,0.07104488463149927,3.0,474.0,237.0,9.274423031018763,0.0978,0.4266,-0.18080092917186485,0.0854,0.0988,1.1025485855116892,0.2992804312548225,3.0,494.0,245.0,968.0,482.0,325.0,324.9999999999988,0.85,0.37053793932342316,100.0,1,median_of_seed_median_return_pct,0.37053793932342316,1.0,1.0,3.2695745594195413,10.489618148158286,0.37053793932342316,1.022021991128135,482.0,feasible_if_all_values_le_0,1.0,1.0,3142,0.0,True,COMPLETE
1,-2.8842804219899376,0.7821861634688911,0.002782943029603162,0.11236297361827022,1.0,1.0,1.0,False,-0.276160783444041,True,True,True,True,False,True,True,0.0,0.0,-4.555792875368978,0.0,-144.0,-406.0,0.1096812331263528,"[-4.555792875368978, 0.1096812331263528, -406.0, -144.0, 0.0, 0.0, 0.0]",0.7649335889395179,0.1016,10.444207124631022,-1000000.0,15.0,-2.8842804219899376,650.0,0.7649335889395179,-2.8842804219899376,0.33272839462370474,-0.6037725588166398,-0.9365009534403446,0.33272839462370474,6.396531516888915,0.086,0.4986,2.7162080337249512,0.10200000000000001,0.09559999999999999,0.8392594842958484,-0.9365009534403446,2.0,478.0,239.0,10.444207124631022,0.11059999999999999,0.4312,-1.951402090045038,0.0938,0.1076,0.87286015464087,-0.6037725588166398,0.0,538.0,267.0,5.0,5.0,10.444207124631022,0.1016,0.7649335889395179,-2.8842804219899376,2.0,0.7403187668736472,0.33272839462370474,-0.6037725588166398,-0.9365009534403446,0.33272839462370474,6.396531516888915,0.086,0.4986,2.7162080337249512,0.10200000000000001,0.09559999999999999,0.8392594842958484,-0.9365009534403446,2.0,478.0,239.0,10.444207124631022,0.11059999999999999,0.4312,-1.951402090045038,0.0938,0.1076,0.87286015464087,-0.6037725588166398,0.0,538.0,267.0,1016.0,506.0,359.3318258270621,359.33182582706553,0.85,-2.8842804219899376,100.0,1,median_of_seed_median_return_pct,-2.8842804219899376,1.0,1.0,0.7649335889395179,10.444207124631022,-2.8842804219899376,0.7403187668736472,506.0,feasible_if_all_values_le_0,1.0,1.0,3142,0.0,False,COMPLETE
2,1.2726300977217608,0.33180168311635055,0.003857181506345956,0.11218098683541525,1.0,1.0,1.0,False,0.11435459198012679,True,True,True,True,True,True,True,0.0,0.0,-3.871193751948974,0.0,-139.0,-411.0,-0.16662557477554485,"[-3.871193751948974, -0.16662557477554485, -411.0, -139.0, 0.0, 0.0, 0.0]",1.1763774312791366,0.1026,11.128806248051026,-1000000.0,15.0,1.2726300977217608,650.0,1.1763774312791366,1.2726300977217608,0.17694443882446675,-0.2511625812306906,-0.42810702005515733,-0.17694443882446675,6.626848078877212,0.0868,0.5199999999999999,2.0284474670091184,0.0864,0.098,0.906783247163598,-0.2511625812306906,2.0,490.0,245.0,10.263155507798682,0.10819999999999999,0.4508,-0.8822151092887797,0.0774,0.1072,0.9162157621998217,-0.42810702005515733,2.0,536.0,266.0,5.0,5.0,11.128806248051026,0.1026,1.1763774312791366,1.2726300977217608,3.0,1.0166255747755448,0.17694443882446675,-0.2511625812306906,-0.42810702005515733,-0.17694443882446675,6.626848078877212,0.0868,0.5199999999999999,2.0284474670091184,0.0864,0.098,0.906783247163598,-0.2511625812306906,2.0,490.0,245.0,10.263155507798682,0.10819999999999999,0.4508,-0.8822151092887797,0.0774,0.1072,0.9162157621998217,-0.42810702005515733,2.0,536.0,266.0,1026.0,511.0,259.25666146505387,259.2566614650541,0.85,1.2726300977217608,100.0,1,median_of_seed_median_return_pct,1.2726300977217608,1.0,1.0,1.1763774312791366,11.128806248051026,1.2726300977217608,1.0166255747755448,511.0,feasible_if_all_values_le_0,1.0,1.0,3142,0.0,True,COMPLETE
3,-1.2968984407739748,0.9238328633922787,0.0031450292521837146,0.07318836674843336,1.0,1.0,1.0,False,-0.11840129449584451,True,True,True,True,True,True,True,0.0,0.0,-4.046585628170716,0.0,-152.0,-398.0,-0.02162965870280653,"[-4.046585628170716, -0.02162965870280653, -398.0, -152.0, 0.0, 0.0, 0.0]",0.4052496563323714,0.09989999999999999,10.953414371829284,-1000000.0,15.0,-1.2968984407739748,650.0,0.4052496563323714,-1.2968984407739748,2.0730366689596047,-0.16029172991307572,-2.2333283988726804,-2.0730366689596047,6.817655808074042,0.091,0.4962,2.555312922939519,0.09219999999999999,0.097,0.9053488274312365,-0.16029172991307572,2.0,485.0,242.0,10.14476410767433,0.1136,0.417,-2.1703349868437565,0.08360000000000001,0.1028,0.813194083338238,-2.2333283988726804,2.0,514.0,256.0,5.0,5.0,10.953414371829284,0.09989999999999999,0.4052496563323714,-1.2968984407739748,2.0,0.8716296587028065,2.0730366689596047,-0.16029172991307572,-2.2333283988726804,-2.0730366689596047,6.817655808074042,0.091,0.4962,2.555312922939519,0.09219999999999999,0.097,0.9053488274312365,-0.16029172991307572,2.0,485.0,242.0,10.14476410767433,0.1136,0.417,-2.1703349868437565,0.08360000000000001,0.1028,0.813194083338238,-2.2333283988726804,2.0,514.0,256.0,999.0,498.0,317.96206642773245,317.9620664277299,0.85,-1.2968984407739748,100.0,1,median_of_seed_median_return_pct,-1.2968984407739748,1.0,1.0,0.4052496563323714,10.953414371829284,-1.2968984407739748,0.8716296587028065,498.0,feasible_if_all_values_le_0,1.0,1.0,3142,0.0,True,COMPLETE
4,-1.5337346009678066,1.5802281513960459,0.0030172324409104847,0.049985833606859244,1.0,1.0,1.0,False,-0.15078636990896743,True,True,True,True,True,True,True,0.0,0.0,-4.828426787555459,0.0,-155.0,-395.0,-0.04322195344264934,"[-4.828426787555459, -0.04322195344264934, -395.0, -155.0, 0.0, 0.0, 0.0]",-0.2630571735315314,0.0994,10.17157321244454,-1000000.0,15.0,-1.5337346009678066,650.0,-0.2630571735315314,-1.5337346009678066,3.162409663196608,0.18151094479159635,-2.9808987184050117,-3.162409663196608,6.278093900500981,0.0858,0.47940000000000005,2.0851201829046073,0.0954,0.09419999999999999,0.8885013574788656,0.18151094479159635,3.0,471.0,235.0,9.337435304956166,0.1122,0.41419999999999996,-2.3685016251034585,0.08680000000000002,0.1046,0.7590233259612122,-2.9808987184050117,1.0,523.0,260.0,5.0,5.0,10.17157321244454,0.0994,-0.2630571735315314,-1.5337346009678066,2.0,0.8932219534426493,3.162409663196608,0.18151094479159635,-2.9808987184050117,-3.162409663196608,6.278093900500981,0.0858,0.47940000000000005,2.0851201829046073,0.0954,0.09419999999999999,0.8885013574788656,0.18151094479159635,3.0,471.0,235.0,9.337435304956166,0.1122,0.41419999999999996,-2.3685016251034585,0.08680000000000002,0.1046,0.7590233259612122,-2.9808987184050117,1.0,523.0,260.0,994.0,495.0,331.4295532691006,331.42955326910385,0.85,-1.5337346009678066,100.0,1,median_of_seed_median_return_pct,-1.5337346009678066,1.0,1.0,-0.2630571735315314,10.17157321244454,-1.5337346009678066,0.8932219534426493,495.0,feasible_if_all_values_le_0,1.0,1.0,3142,0.0,True,COMPLETE
5,0.1017575871041343,0.3585054288946365,0.003489316411413041,0.043764542843502854,1.0,1.0,1.0,False,0.014809728922476515,True,True,True,True,True,True,True,0.0,0.0,-8.129004073146927,0.0,-151.0,-399.0,-0.09287208533433755,"[-8.129004073146927, -0.09287208533433755, -399.0, -151.0, 0.0, 0.0, 0.0]",2.033826905031728,0.1002,6.870995926853074,-1000000.0,15.0,0.1017575871041343,650.0,2.033826905031728,0.1017575871041343,0.6782177510522125,0.1954509528125259,-0.4827667982396866,-0.6782177510522125,6.138398033821934,0.09259999999999999,0.4936,2.609386037353476,0.091,0.0978,0.9376680939691706,0.1954509528125259,3.0,489.0,244.0,6.14182543456856,0.10659999999999999,0.41319999999999996,-0.5907161692886899,0.0746,0.1026,0.9484465146778313,-0.4827667982396866,1.0,513.0,255.0,5.0,5.0,6.870995926853074,0.1002,2.033826905031728,0.1017575871041343,3.0,0.9428720853343375,0.6782177510522125,0.1954509528125259,-0.4827667982396866,-0.6782177510522125,6.138398033821934,0.09259999999999999,0.4936,2.609386037353476,0.091,0.0978,0.9376680939691706,0.1954509528125259,3.0,489.0,244.0,6.14182543456856,0.10659999999999999,0.41319999999999996,-0.5907161692886899,0.0746,0.1026,0.9484465146778313,-0.4827667982396866,1.0,513.0,255.0,1002.0,499.0,286.5890856814094,286.5890856814099,0.85,0.1017575871041343,100.0,1,median_of_seed_median_return_pct,0.1017575871041343,1.0,1.0,2.033826905031728,6.870995926853074,0.1017575871041343,0.9428720853343375,499.0,feasible_if_all_values_le_0,1.0,1.0,3142,0.0,True,COMPLETE
6,-0.10749628641513187,8.73695343523406,0.0036979312909475952,0.030115837616712163,1.0,1.0,1.0,False,-0.01169275133685861,True,True,True,True,True,True,True,0.0,0.0,-5.806587490125146,0.0,-186.0,-364.0,-0.14310372421223572,"[-5.806587490125146, -0.14310372421223572, -364.0, -186.0, 0.0, 0.0, 0.0]",1.2479735967322436,0.0931,9.193412509874854,-1000000.0,15.0,-0.10749628641513187,650.0,1.2479735967322436,-0.10749628641513187,3.4171740247307403,1.2996422782818762,-2.117531746448864,-3.4171740247307403,4.251264934021415,0.0708,0.4628,3.714127587793958,0.1092,0.09,1.2646778752448455,1.2996422782818762,3.0,450.0,225.0,8.084807650020442,0.1004,0.4016,-2.384357863577718,0.0854,0.0962,0.7736950714552434,-2.117531746448864,0.0,481.0,239.0,5.0,5.0,9.193412509874854,0.0931,1.2479735967322436,-0.10749628641513187,2.0,0.9931037242122357,3.4171740247307403,1.2996422782818762,-2.117531746448864,-3.4171740247307403,4.251264934021415,0.0708,0.4628,3.714127587793958,0.1092,0.09,1.2646778752448455,1.2996422782818762,3.0,450.0,225.0,8.084807650020442,0.1004,0.4016,-2.384357863577718,0.0854,0.0962,0.7736950714552434,-2.117531746448864,0.0,481.0,239.0,931.0,464.0,270.42146576599856,270.4214657659951,0.85,-0.10749628641513187,100.0,1,median_of_seed_median_return_pct,-0.10749628641513187,1.0,1.0,1.2479735967322436,9.193412509874854,-0.10749628641513187,0.9931037242122357,464.0,feasible_if_all_values_le_0,1.0,1.0,3142,0.0,True,COMPLETE
7,0.05363087897689578,1.4196223716226133,0.0035996885176728236,0.0495700052756821,1.0,1.0,1.0,False,0.004155045859563184,True,True,True,True,True,True,True,0.0,0.0,-2.09259036131699,0.0,-159.0,-391.0,-0.1178077084116892,"[-2.09259036131699, -0.1178077084116892, -391.0, -159.0, 0.0, 0.0, 0.0]",0.34460443507175353,0.09849999999999999,12.90740963868301,-1000000.0,15.0,0.05363087897689578,650.0,0.34460443507175353,0.05363087897689578,3.143801882243169,1.2929131118820214,-1.8508887703611476,-3.143801882243169,6.25878014533191,0.08199999999999999,0.485,2.0340656408176083,0.09300000000000001,0.0962,1.1126804164358939,1.2929131118820214,3.0,481.0,240.0,11.198647411311846,0.1096,0.4192,-1.7303248665470108,0.0698,0.1008,0.8085390106852469,-1.8508887703611476,2.0,504.0,251.0,5.0,5.0,12.90740963868301,0.09849999999999999,0.34460443507175353,0.05363087897689578,3.0,0.9678077084116892,3.143801882243169,1.2929131118820214,-1.8508887703611476,-3.143801882243169,6.25878014533191,0.08199999999999999,0.485,2.0340656408176083,0.09300000000000001,0.0962,1.1126804164358939,1.2929131118820214,3.0,481.0,240.0,11.198647411311846,0.1096,0.4192,-1.7303248665470108,0.0698,0.1008,0.8085390106852469,-1.8508887703611476,2.0,504.0,251.0,985.0,491.0,277.80181398764296,277.8018139876461,0.85,0.05363087897689578,100.0,1,median_of_seed_median_return_pct,0.05363087897689578,1.0,1.0,0.34460443507175353,12.90740963868301,0.05363087897689578,0.9678077084116892,491.0,feasible_if_all_values_le_0,1.0,1.0,3142,0.0,True,COMPLETE
8,-1.0000942951838732,4.624683587000661,0.0027249751578343833,0.11656726146834466,1.0,1.0,1.0,False,-0.0904822758888231,True,True,True,True,True,True,True,0.0,0.0,-3.9470696292752,0.0,-165.0,-385.0,-0.059597500084351274,"[-3.9470696292752, -0.059597500084351274, -385.0, -165.0, 0.0, 0.0, 0.0]",0.7530296123022648,0.0974,11.0529303707248,-1000000.0,15.0,-1.0000942951838732,650.0,0.7530296123022648,-1.0000942951838732,0.6170595064215134,-0.47037418812285736,-1.0874336945443708,0.6170595064215134,7.180188832962065,0.0886,0.49779999999999996,2.7554801836759446,0.11480000000000001,0.0968,0.7765017454568193,-1.0874336945443708,2.0,484.0,242.0,9.675594981184021,0.10359999999999998,0.4258,-1.9086979895812515,0.10479999999999998,0.098,0.9101969841237433,-0.47037418812285736,1.0,490.0,243.0,5.0,5.0,11.0529303707248,0.0974,0.7530296123022648,-1.0000942951838732,2.0,0.9095975000843513,0.6170595064215134,-0.47037418812285736,-1.0874336945443708,0.6170595064215134,7.180188832962065,0.0886,0.49779999999999996,2.7554801836759446,0.11480000000000001,0.0968,0.7765017454568193,-1.0874336945443708,2.0,484.0,242.0,9.675594981184021,0.10359999999999998,0.4258,-1.9086979895812515,0.10479999999999998,0.098,0.9101969841237433,-0.47037418812285736,1.0,490.0,243.0,974.0,485.0,366.97582255932525,366.9758225593189,0.85,-1.0000942951838732,100.0,1,median_of_seed_median_return_pct,-1.0000942951838732,1.0,1.0,0.7530296123022648,11.0529303707248,-1.0000942951838732,0.9095975000843513,485.0,feasible_if_all_values_le_0,1.0,1.0,3142,0.0,True,COMPLETE
9,0.14563603141497516,1.4303209498497353,0.00291136561197682,0.19038700880005283,1.0,1.0,1.0,False,0.013599395513921055,True,True,True,True,True,True,True,0.0,0.0,-4.29099228962828,0.0,-143.0,-407.0,-0.1476234696201809,"[-4.29099228962828, -0.1476234696201809, -407.0, -143.0, 0.0, 0.0, 0.0]",0.9929211662381345,0.1018,10.70900771037172,-1000000.0,15.0,0.14563603141497516,650.0,0.9929211662381345,0.14563603141497516,2.59797673858414,0.4901384011179566,-2.1078383374661835,-2.59797673858414,8.388950736683542,0.07359999999999998,0.517,2.7109284802917877,0.1234,0.094,1.0299288298364726,0.4901384011179566,3.0,470.0,235.0,10.50087545235715,0.11220000000000001,0.45200000000000007,-1.6573940078932161,0.096,0.1096,0.7538762894211167,-2.1078383374661835,2.0,548.0,272.0,5.0,5.0,10.70900771037172,0.1018,0.9929211662381345,0.14563603141497516,3.0,0.9976234696201809,2.59797673858414,0.4901384011179566,-2.1078383374661835,-2.59797673858414,8.388950736683542,0.07359999999999998,0.517,2.7109284802917877,0.1234,0.094,1.0299288298364726,0.4901384011179566,3.0,470.0,235.0,10.50087545235715,0.11220000000000001,0.45200000000000007,-1.6573940078932161,0.096,0.1096,0.7538762894211167,-2.1078383374661835,2.0,548.0,272.0,1018.0,507.0,343.48142187507636,343.4814218750785,0.85,0.14563603141497516,100.0,1,median_of_seed_median_return_pct,0.14563603141497516,1.0,1.0,0.9929211662381345,10.70900771037172,0.14563603141497516,0.9976234696201809,507.0,feasible_if_all_values_le_0,1.0,1.0,3142,0.0,True,COMPLETE
10,-3.341349394345472,0.7940506495266192,0.003639602663748331,0.17248904595100567,1.0,1.0,1.0,False,-0.31254857121384066,True,True,True,True,False,True,True,0.0,0.0,-4.309343564205978,0.0,-123.0,-427.0,0.01873313568376156,"[-4.309343564205978, 0.01873313568376156, -427.0, -123.0, 0.0, 0.0, 0.0]",-0.1825043054207917,0.1058,10.690656435794022,-1000000.0,15.0,-3.341349394345472,650.0,-0.1825043054207917,-3.341349394345472,3.2793331376240853,0.8135797917183885,-2.465753345905697,-3.2793331376240853,7.060308283057792,0.081,0.5238,2.674403391283897,0.0984,0.0992,1.0448430189104667,0.8135797917183885,3.0,496.0,248.0,8.689498353062463,0.11499999999999999,0.46240000000000003,-2.7865393977384385,0.095,0.11239999999999999,0.712667129188226,-2.465753345905697,0.0,562.0,279.0,5.0,5.0,10.690656435794022,0.1058,-0.1825043054207917,-3.341349394345472,2.0,0.8312668643162384,3.2793331376240853,0.8135797917183885,-2.465753345905697,-3.2793331376240853,7.060308283057792,0.081,0.5238,2.674403391283897,0.0984,0.0992,1.0448430189104667,0.8135797917183885,3.0,496.0,248.0,8.689498353062463,0.11499999999999999,0.46240000000000003,-2.7865393977384385,0.095,0.11239999999999999,0.712667129188226,-2.465753345905697,0.0,562.0,279.0,1058.0,527.0,274.75526654608126,274.7552665460837,0.85,-3.341349394345472,100.0,1,median_of_seed_median_return_pct,-3.341349394345472,1.0,1.0,-0.1825043054207917,10.690656435794022,-3.341349394345472,0.8312668643162384,527.0,feasible_if_all_values_le_0,1.0,1.0,3142,0.0,False,COMPLETE
11,-1.4252867226110522,0.3162794336626443,0.0038703925857293763,0.09203027545018654,1.0,1.0,1.0,False,-0.11875419476098611,True,True,True,True,True,True,True,0.0,0.0,-2.9980094557527455,0.0,-138.0,-412.0,-0.038401691269271176,"[-2.9980094557527455, -0.038401691269271176, -412.0, -138.0, 0.0, 0.0, 0.0]",-0.6177706951318761,0.1028,12.001990544247255,-1000000.0,15.0,-1.4252867226110522,650.0,-0.6177706951318761,-1.4252867226110522,1.1989459772128397,-0.26998601303510616,-1.4689319902479459,-1.1989459772128397,6.9409895928276955,0.0874,0.5128,2.255407433521397,0.0814,0.1,0.905644153900374,-0.26998601303510616,2.0,500.0,250.0,11.428962732520365,0.1152,0.4378,-2.811334898519493,0.07980000000000001,0.1056,0.8452107104064537,-1.4689319902479459,0.0,528.0,262.0,5.0,5.0,12.001990544247255,0.1028,-0.6177706951318761,-1.4252867226110522,2.0,0.8884016912692712,1.1989459772128397,-0.26998601303510616,-1.4689319902479459,-1.1989459772128397,6.9409895928276955,0.0874,0.5128,2.255407433521397,0.0814,0.1,0.905644153900374,-0.26998601303510616,2.0,500.0,250.0,11.428962732520365,0.1152,0.4378,-2.811334898519493,0.07980000000000001,0.1056,0.8452107104064537,-1.4689319902479459,0.0,528.0,262.0,1028.0,512.0,258.37172272578385,258.37172272578164,0.85,-1.4252867226110522,100.0,1,median_of_seed_median_return_pct,-1.4252867226110522,1.0,1.0,-0.6177706951318761,12.001990544247255,-1.4252867226110522,0.8884016912692712,512.0,feasible_if_all_values_le_0,1.0,1.0,3142,0.0,True,COMPLETE
12,-2.4356495437147796,3.231498820409411,0.0035176168033370678,0.2922747678917266,1.0,1.0,1.0,False,-0.2489909306420472,True,True,True,True,False,True,True,0.0,0.0,-5.217918630874539,0.0,-130.0,-420.0,0.037779150308795084,"[-5.217918630874539, 0.037779150308795084, -420.0, -130.0, 0.0, 0.0, 0.0]",-0.5004061802567407,0.1044,9.78208136912546,-1000000.0,15.0,-2.4356495437147796,650.0,-0.5004061802567407,-2.4356495437147796,5.271165651224951,1.9462722972145352,-3.3248933540104164,-5.271165651224951,3.4732198461491004,0.0716,0.5242000000000001,2.67740558184951,0.11059999999999999,0.0984,1.1277926458731884,1.9462722972145352,4.0,492.0,246.0,9.78208136912546,0.11520000000000001,0.4768,-3.1004223567896494,0.1018,0.11039999999999998,0.6884830972188477,-3.3248933540104164,0.0,552.0,274.0,5.0,5.0,9.78208136912546,0.1044,-0.5004061802567407,-2.4356495437147796,2.0,0.8122208496912049,5.271165651224951,1.9462722972145352,-3.3248933540104164,-5.271165651224951,3.4732198461491004,0.0716,0.5242000000000001,2.67740558184951,0.11059999999999999,0.0984,1.1277926458731884,1.9462722972145352,4.0,492.0,246.0,9.78208136912546,0.11520000000000001,0.4768,-3.1004223567896494,0.1018,0.11039999999999998,0.6884830972188477,-3.3248933540104164,0.0,552.0,274.0,1044.0,520.0,284.2833815927099,284.28338159271016,0.85,-2.4356495437147796,100.0,1,median_of_seed_median_return_pct,-2.4356495437147796,1.0,1.0,-0.5004061802567407,9.78208136912546,-2.4356495437147796,0.8122208496912049,520.0,feasible_if_all_values_le_0,1.0,1.0,3142,0.0,False,COMPLETE
13,2.120603404224486,0.4798007185747309,0.003230773789063221,0.17228033106120538,1.0,1.0,1.0,False,0.2543412765587094,True,True,True,True,True,True,True,0.0,0.0,-6.662370210149557,0.0,-135.0,-415.0,-0.17851053030508102,"[-6.662370210149557, -0.17851053030508102, -415.0, -135.0, 0.0, 0.0, 0.0]",0.37664830590800946,0.1034,8.337629789850443,-1000000.0,15.0,2.120603404224486,650.0,0.37664830590800946,2.120603404224486,3.5412687140120025,1.2669271915396907,-2.274341522472312,-3.5412687140120025,6.70510228540725,0.0702,0.5194,2.209758077646218,0.1024,0.0944,1.0483913891600325,1.2669271915396907,3.0,472.0,236.0,8.03872960846772,0.1214,0.4502,-1.7861397358916165,0.09140000000000001,0.11239999999999999,0.7638687382779108,-2.274341522472312,2.0,562.0,279.0,5.0,5.0,8.337629789850443,0.1034,0.37664830590800946,2.120603404224486,3.0,1.028510530305081,3.5412687140120025,1.2669271915396907,-2.274341522472312,-3.5412687140120025,6.70510228540725,0.0702,0.5194,2.209758077646218,0.1024,0.0944,1.0483913891600325,1.2669271915396907,3.0,472.0,236.0,8.03872960846772,0.1214,0.4502,-1.7861397358916165,0.09140000000000001,0.11239999999999999,0.7638687382779108,-2.274341522472312,2.0,562.0,279.0,1034.0,515.0,309.5233728171216,309.52337281712136,0.85,2.120603404224486,100.0,1,median_of_seed_median_return_pct,2.120603404224486,1.0,1.0,0.37664830590800946,8.337629789850443,2.120603404224486,1.028510530305081,515.0,feasible_if_all_values_le_0,1.0,1.0,3142,0.0,True,COMPLETE
14,2.657389343329619,0.32324987684533996,0.0031526138238649314,0.19798303150668495,1.0,1.0,1.0,False,0.2956337340192229,True,True,True,True,True,True,True,0.0,0.0,-6.011210705890456,0.0,-134.0,-416.0,-0.21075936964302866,"[-6.011210705890456, -0.21075936964302866, -416.0, -134.0, 0.0, 0.0, 0.0]",0.8889551647321504,0.10369999999999999,8.988789294109544,-1000000.0,15.0,2.657389343329619,650.0,0.8889551647321504,2.657389343329619,5.806025034569973,3.429390004682853,-2.3766350298871197,-5.806025034569973,7.303953950666465,0.0708,0.5306,2.834831697360112,0.1038,0.094,1.259263502049669,3.429390004682853,3.0,470.0,235.0,7.615960240082343,0.11259999999999999,0.4508,-1.8910455382931033,0.0972,0.11339999999999999,0.7503912102196453,-2.3766350298871197,1.0,567.0,281.0,5.0,5.0,8.988789294109544,0.10369999999999999,0.8889551647321504,2.657389343329619,3.0,1.0607593696430286,5.806025034569973,3.429390004682853,-2.3766350298871197,-5.806025034569973,7.303953950666465,0.0708,0.5306,2.834831697360112,0.1038,0.094,1.259263502049669,3.429390004682853,3.0,470.0,235.0,7.615960240082343,0.11259999999999999,0.4508,-1.8910455382931033,0.0972,0.11339999999999999,0.7503912102196453,-2.3766350298871197,1.0,567.0,281.0,1037.0,516.0,317.19711194251346,317.19711194251744,0.85,2.657389343329619,100.0,1,median_of_seed_median_return_pct,2.657389343329619,1.0,1.0,0.8889551647321504,8.988789294109544,2.657389343329619,1.0607593696430286,516.0,feasible_if_all_values_le_0,1.0,1.0,3142,0.0,True,COMPLETE
15,0.7656831118083574,0.3470183527489509,0.0027516509140317366,0.19170166491005805,1.0,1.0,1.0,False,0.08103201504025537,True,True,True,True,True,True,True,0.0,0.0,-5.550856825811643,0.0,-115.0,-435.0,-0.17665408676004712,"[-5.550856825811643, -0.17665408676004712, -435.0, -115.0, 0.0, 0.0, 0.0]",1.6522733656195434,0.10740000000000001,9.449143174188357,-1000000.0,15.0,0.7656831118083574,650.0,1.6522733656195434,0.7656831118083574,0.26247159354928495,0.5134330929844388,0.2509614994351539,0.26247159354928495,8.372569303172561,0.0834,0.5188,2.179744235915016,0.11379999999999998,0.0996,0.9946710828245023,0.2509614994351539,3.0,498.0,249.0,9.449143174188357,0.1204,0.4558,-0.5615379723269887,0.0988,0.1152,0.9634726249339868,0.5134330929844388,3.0,576.0,286.0,5.0,5.0,9.449143174188357,0.10740000000000001,1.6522733656195434,0.7656831118083574,3.0,1.026654086760047,0.26247159354928495,0.5134330929844388,0.2509614994351539,0.26247159354928495,8.372569303172561,0.0834,0.5188,2.179744235915016,0.11379999999999998,0.0996,0.9946710828245023,0.2509614994351539,3.0,498.0,249.0,9.449143174188357,0.1204,0.4558,-0.5615379723269887,0.0988,0.1152,0.9634726249339868,0.5134330929844388,3.0,576.0,286.0,1074.0,535.0,363.41819193001976,363.41819193002016,0.85,0.7656831118083574,100.0,1,median_of_seed_median_return_pct,0.7656831118083574,1.0,1.0,1.6522733656195434,9.449143174188357,0.7656831118083574,1.026654086760047,535.0,feasible_if_all_values_le_0,1.0,1.0,3142,0.0,True,COMPLETE
16,0.15828347782236296,0.43296658837791635,0.003409622661227342,0.21465039516056206,1.0,1.0,1.0,False,0.013971537611782256,True,True,True,True,True,True,True,0.0,0.0,-3.6710051376963797,0.0,-138.0,-412.0,-0.11644584850612416,"[-3.6710051376963797, -0.11644584850612416, -412.0, -138.0, 0.0, 0.0, 0.0]",-0.794779462463311,0.10270000000000001,11.32899486230362,-1000000.0,15.0,0.15828347782236296,650.0,-0.794779462463311,0.15828347782236296,7.183024271734107,2.5600046013809052,-4.623019670353202,-7.183024271734107,4.299491690854696,0.07479999999999999,0.5146,3.669478795689578,0.1082,0.0936,1.334364281038706,2.5600046013809052,5.0,468.0,234.0,10.551453941426425,0.11139999999999999,0.4566,-4.294062876203761,0.0954,0.11179999999999998,0.5692829258703201,-4.623019670353202,0.0,559.0,278.0,5.0,5.0,11.32899486230362,0.10270000000000001,-0.794779462463311,0.15828347782236296,3.0,0.9664458485061241,7.183024271734107,2.5600046013809052,-4.623019670353202,-7.183024271734107,4.299491690854696,0.07479999999999999,0.5146,3.669478795689578,0.1082,0.0936,1.334364281038706,2.5600046013809052,5.0,468.0,234.0,10.551453941426425,0.11139999999999999,0.4566,-4.294062876203761,0.0954,0.11179999999999998,0.5692829258703201,-4.623019670353202,0.0,559.0,278.0,1027.0,512.0,293.28758615184586,293.287586151845,0.85,0.15828347782236296,100.0,1,median_of_seed_median_return_pct,0.15828347782236296,1.0,1.0,-0.794779462463311,11.32899486230362,0.15828347782236296,0.9664458485061241,512.0,feasible_if_all_values_le_0,1.0,1.0,3142,0.0,True,COMPLETE
17,1.1606007240245964,0.3735169252325508,0.0032238040864539714,0.109277280479566,1.0,1.0,1.0,False,0.09584146484216785,True,True,True,True,True,True,True,0.0,0.0,-2.8904112542950084,0.0,-162.0,-388.0,-0.2527421272854623,"[-2.8904112542950084, -0.2527421272854623, -388.0, -162.0, 0.0, 0.0, 0.0]",1.7248603585145084,0.098,12.109588745704992,-1000000.0,15.0,1.1606007240245964,650.0,1.7248603585145084,1.1606007240245964,0.6570013842848388,0.7530909512183159,0.09608956693347714,-0.6570013842848388,5.329638930794999,0.08399999999999999,0.5157999999999999,3.290685974744798,0.097,0.096,1.0238027322735124,0.7530909512183159,4.0,480.0,240.0,11.041081582024415,0.09580000000000001,0.43900000000000006,-1.508769121193092,0.09100000000000001,0.1,0.9770809463667041,0.09608956693347714,3.0,500.0,248.0,5.0,5.0,12.109588745704992,0.098,1.7248603585145084,1.1606007240245964,4.0,1.1027421272854623,0.6570013842848388,0.7530909512183159,0.09608956693347714,-0.6570013842848388,5.329638930794999,0.08399999999999999,0.5157999999999999,3.290685974744798,0.097,0.096,1.0238027322735124,0.7530909512183159,4.0,480.0,240.0,11.041081582024415,0.09580000000000001,0.43900000000000006,-1.508769121193092,0.09100000000000001,0.1,0.9770809463667041,0.09608956693347714,3.0,500.0,248.0,980.0,488.0,310.19254681197197,310.19254681197384,0.85,1.1606007240245964,100.0,1,median_of_seed_median_return_pct,1.1606007240245964,1.0,1.0,1.7248603585145084,12.109588745704992,1.1606007240245964,1.1027421272854623,488.0,feasible_if_all_values_le_0,1.0,1.0,3142,0.0,True,COMPLETE
18,-1.8249868006986913,0.6800705234472014,0.0030908010328205564,0.2977391489565406,1.0,1.0,1.0,False,-0.16461168288487332,True,True,True,True,False,True,True,0.0,0.0,-3.913382278127507,0.0,-112.0,-438.0,0.034754153671677446,"[-3.913382278127507, 0.034754153671677446, -438.0, -112.0, 0.0, 0.0, 0.0]",-1.5290651424444435,0.1079,11.086617721872493,-1000000.0,15.0,-1.8249868006986913,650.0,-1.5290651424444435,-1.8249868006986913,3.5963873797885904,0.623633339920171,-2.9727540398684194,-3.5963873797885904,4.33532971449293,0.08259999999999999,0.5164,2.0706099218704166,0.1142,0.1016,1.039083582191806,0.623633339920171,4.0,508.0,254.0,9.769960307975012,0.11499999999999999,0.4692,-3.5554069347617046,0.10799999999999998,0.1142,0.6687009658469553,-2.9727540398684194,0.0,571.0,284.0,5.0,5.0,11.086617721872493,0.1079,-1.5290651424444435,-1.8249868006986913,1.0,0.8152458463283225,3.5963873797885904,0.623633339920171,-2.9727540398684194,-3.5963873797885904,4.33532971449293,0.08259999999999999,0.5164,2.0706099218704166,0.1142,0.1016,1.039083582191806,0.623633339920171,4.0,508.0,254.0,9.769960307975012,0.11499999999999999,0.4692,-3.5554069347617046,0.10799999999999998,0.1142,0.6687009658469553,-2.9727540398684194,0.0,571.0,284.0,1079.0,538.0,323.54072273860834,323.5407227386084,0.85,-1.8249868006986913,100.0,1,median_of_seed_median_return_pct,-1.8249868006986913,1.0,1.0,-1.5290651424444435,11.086617721872493,-1.8249868006986913,0.8152458463283225,538.0,feasible_if_all_values_le_0,1.0,1.0,3142,0.0,False,COMPLETE
19,1.1337582226053744,5.042731973664659,0.0029465426240937393,0.026383882370063193,1.0,1.0,1.0,False,0.10698292008205677,True,True,True,True,True,True,True,0.0,0.0,-4.40243712046958,0.0,-222.0,-328.0,-0.21081130480468102,"[-4.40243712046958, -0.21081130480468102, -328.0, -222.0, 0.0, 0.0, 0.0]",1.454148945427913,0.08600000000000001,10.59756287953042,-1000000.0,15.0,1.1337582226053744,650.0,1.454148945427913,1.1337582226053744,1.640739254181789,0.46878582073386355,-1.1719534334479254,-1.640739254181789,5.927969590036442,0.0742,0.47539999999999993,2.6610012780143277,0.101,0.0854,0.9604986319477451,0.46878582073386355,3.0,427.0,213.0,9.71992800756476,0.08280000000000001,0.41,-1.2365336203057378,0.0756,0.08660000000000001,0.8974963023392197,-1.1719534334479254,2.0,433.0,215.0,5.0,5.0,10.59756287953042,0.08600000000000001,1.454148945427913,1.1337582226053744,3.0,1.060811304804681,1.640739254181789,0.46878582073386355,-1.1719534334479254,-1.640739254181789,5.927969590036442,0.0742,0.47539999999999993,2.6610012780143277,0.101,0.0854,0.9604986319477451,0.46878582073386355,3.0,427.0,213.0,9.71992800756476,0.08280000000000001,0.41,-1.2365336203057378,0.0756,0.08660000000000001,0.8974963023392197,-1.1719534334479254,2.0,433.0,215.0,860.0,428.0,339.38080237599394,339.3808023759901,0.85,1.1337582226053744,100.0,1,median_of_seed_median_return_pct,1.1337582226053744,1.0,1.0,1.454148945427913,10.59756287953042,1.1337582226053744,1.060811304804681,428.0,feasible_if_all_values_le_0,1.0,1.0,3142,0.0,True,COMPLETE
20,-0.7766092564937543,0.6796117628007536,0.0027261787520247616,0.03711791202898875,1.0,1.0,1.0,False,-0.07257976625162718,True,True,True,True,True,True,True,0.0,0.0,-4.299920672087541,0.0,-169.0,-381.0,-0.07250821517955486,"[-4.299920672087541, -0.07250821517955486, -381.0, -169.0, 0.0, 0.0, 0.0]",-0.1495822834599835,0.09659999999999999,10.700079327912459,-1000000.0,15.0,-0.7766092564937543,650.0,-0.1495822834599835,-0.7766092564937543,1.9538541342489446,0.03320354094766831,-1.9206505933012763,-1.9538541342489446,5.3435054382316105,0.0764,0.485,2.56609091771822,0.0964,0.09019999999999999,0.962686540547316,0.03320354094766831,3.0,451.0,225.0,10.310513694313206,0.1078,0.396,-2.6626681700546495,0.08940000000000001,0.10300000000000001,0.7607060479151037,-1.9206505933012763,1.0,515.0,256.0,5.0,5.0,10.700079327912459,0.09659999999999999,-0.1495822834599835,-0.7766092564937543,2.0,0.9225082151795548,1.9538541342489446,0.03320354094766831,-1.9206505933012763,-1.9538541342489446,5.3435054382316105,0.0764,0.485,2.56609091771822,0.0964,0.09019999999999999,0.962686540547316,0.03320354094766831,3.0,451.0,225.0,10.310513694313206,0.1078,0.396,-2.6626681700546495,0.08940000000000001,0.10300000000000001,0.7607060479151037,-1.9206505933012763,1.0,515.0,256.0,966.0,481.0,366.8138045817023,366.8138045817047,0.85,-0.7766092564937543,100.0,1,median_of_seed_median_return_pct,-0.7766092564937543,1.0,1.0,-0.1495822834599835,10.700079327912459,-0.7766092564937543,0.9225082151795548,481.0,feasible_if_all_values_le_0,1.0,1.0,3142,0.0,True,COMPLETE
21,-1.9820540881724358,0.5386650682221563,0.00399476910975724,0.028571708055716554,1.0,1.0,1.0,False,-0.2107145727716937,True,True,True,True,True,True,True,0.0,0.0,-5.593654429777082,0.0,-129.0,-421.0,-0.017505836837636513,"[-5.593654429777082, -0.017505836837636513, -421.0, -129.0, 0.0, 0.0, 0.0]",-0.5904047148013468,0.1046,9.406345570222918,-1000000.0,15.0,-1.9820540881724358,650.0,-0.5904047148013468,-1.9820540881724358,2.923507763808575,-0.02691803609603527,-2.95042579990461,-2.923507763808575,5.2256711930490525,0.09119999999999999,0.4795999999999999,2.286537255980021,0.08020000000000001,0.099,0.9220149687333014,-0.02691803609603527,2.0,495.0,247.0,8.9064762413411,0.12539999999999998,0.41740000000000005,-2.801605619104057,0.063,0.1102,0.7529526813948483,-2.95042579990461,1.0,551.0,274.0,5.0,5.0,9.406345570222918,0.1046,-0.5904047148013468,-1.9820540881724358,1.0,0.8675058368376365,2.923507763808575,-0.02691803609603527,-2.95042579990461,-2.923507763808575,5.2256711930490525,0.09119999999999999,0.4795999999999999,2.286537255980021,0.08020000000000001,0.099,0.9220149687333014,-0.02691803609603527,2.0,495.0,247.0,8.9064762413411,0.12539999999999998,0.41740000000000005,-2.801605619104057,0.063,0.1102,0.7529526813948483,-2.95042579990461,1.0,551.0,274.0,1046.0,521.0,250.32735873457514,250.32735873457338,0.85,-1.9820540881724358,100.0,1,median_of_seed_median_return_pct,-1.9820540881724358,1.0,1.0,-0.5904047148013468,9.406345570222918,-1.9820540881724358,0.8675058368376365,521.0,feasible_if_all_values_le_0,1.0,1.0,3142,0.0,True,COMPLETE
22,1.3320428203145385,8.348730757950445,0.0036340016708567243,0.12654244332412748,1.0,1.0,1.0,False,0.131639465279512,True,True,True,True,True,True,True,0.0,0.0,-4.881128600103377,0.0,-180.0,-370.0,-0.18087831176077784,"[-4.881128600103377, -0.18087831176077784, -370.0, -180.0, 0.0, 0.0, 0.0]",1.7736768410673154,0.0944,10.118871399896623,-1000000.0,15.0,1.3320428203145385,650.0,1.7736768410673154,1.3320428203145385,2.9567976366702053,1.992617875763547,-0.9641797609066582,-2.9567976366702053,7.65065544979342,0.06780000000000001,0.508,3.498881320412579,0.12179999999999999,0.09,1.387385340749249,1.992617875763547,4.0,450.0,225.0,10.085403456758591,0.1,0.4426,-1.6704540970239237,0.0984,0.0988,0.8752343744910387,-0.9641797609066582,1.0,494.0,245.0,5.0,5.0,10.118871399896623,0.0944,1.7736768410673154,1.3320428203145385,3.0,1.0308783117607778,2.9567976366702053,1.992617875763547,-0.9641797609066582,-2.9567976366702053,7.65065544979342,0.06780000000000001,0.508,3.498881320412579,0.12179999999999999,0.09,1.387385340749249,1.992617875763547,4.0,450.0,225.0,10.085403456758591,0.1,0.4426,-1.6704540970239237,0.0984,0.0988,0.8752343744910387,-0.9641797609066582,1.0,494.0,245.0,944.0,470.0,275.178739740163,275.17873974016476,0.85,1.3320428203145385,100.0,1,median_of_seed_median_return_pct,1.3320428203145385,1.0,1.0,1.7736768410673154,10.118871399896623,1.3320428203145385,1.0308783117607778,470.0,feasible_if_all_values_le_0,1.0,1.0,3142,0.0,True,COMPLETE
23,0.06815627178866634,5.1128003102248245,0.0038892708045490517,0.12145489466453124,1.0,1.0,1.0,False,0.006731546713108205,True,True,True,True,True,True,True,0.0,0.0,-4.875094878871298,0.0,-167.0,-383.0,-0.14429374129822314,"[-4.875094878871298, -0.14429374129822314, -383.0, -167.0, 0.0, 0.0, 0.0]",0.7354493077382607,0.097,10.124905121128702,-1000000.0,15.0,0.06815627178866634,650.0,0.7354493077382607,0.06815627178866634,5.010169474547688,2.471705645916278,-2.53846382863141,-5.010169474547688,6.161684846352289,0.07020000000000001,0.5128,3.7214635582983058,0.1026,0.09119999999999999,1.3803263701681565,2.471705645916278,3.0,456.0,228.0,9.968243766232199,0.1004,0.43479999999999996,-2.89853009698744,0.0982,0.1028,0.6988637116001686,-2.53846382863141,0.0,514.0,255.0,5.0,5.0,10.124905121128702,0.097,0.7354493077382607,0.06815627178866634,3.0,0.9942937412982231,5.010169474547688,2.471705645916278,-2.53846382863141,-5.010169474547688,6.161684846352289,0.07020000000000001,0.5128,3.7214635582983058,0.1026,0.09119999999999999,1.3803263701681565,2.471705645916278,3.0,456.0,228.0,9.968243766232199,0.1004,0.43479999999999996,-2.89853009698744,0.0982,0.1028,0.6988637116001686,-2.53846382863141,0.0,514.0,255.0,970.0,483.0,257.11760642389794,257.1176064238988,0.85,0.06815627178866634,100.0,1,median_of_seed_median_return_pct,0.06815627178866634,1.0,1.0,0.7354493077382607,10.124905121128702,0.06815627178866634,0.9942937412982231,483.0,feasible_if_all_values_le_0,1.0,1.0,3142,0.0,True,COMPLETE
24,0.4447870931247877,9.09099119975642,0.0037197605502650765,0.19546230980406984,1.0,1.0,1.0,False,0.044626621588927995,True,True,True,True,True,True,True,0.0,0.0,-5.033144403762332,0.0,-156.0,-394.0,-0.14574290281765756,"[-5.033144403762332, -0.14574290281765756, -394.0, -156.0, 0.0, 0.0, 0.0]",-0.1840793402362273,0.0992,9.966855596237668,-1000000.0,15.0,0.4447870931247877,650.0,-0.1840793402362273,0.4447870931247877,3.0469459705023905,1.1970637943326423,-1.8498821761697481,-3.0469459705023905,7.065988820862534,0.06860000000000001,0.5176000000000001,1.9265597244121533,0.11679999999999999,0.09280000000000001,1.1512737704491287,1.1970637943326423,3.0,464.0,232.0,9.818689777519873,0.10540000000000001,0.4638000000000001,-2.0663913349679697,0.10559999999999999,0.1056,0.8066546866406509,-1.8498821761697481,1.0,528.0,262.0,5.0,5.0,9.966855596237668,0.0992,-0.1840793402362273,0.4447870931247877,3.0,0.9957429028176575,3.0469459705023905,1.1970637943326423,-1.8498821761697481,-3.0469459705023905,7.065988820862534,0.06860000000000001,0.5176000000000001,1.9265597244121533,0.11679999999999999,0.09280000000000001,1.1512737704491287,1.1970637943326423,3.0,464.0,232.0,9.818689777519873,0.10540000000000001,0.4638000000000001,-2.0663913349679697,0.10559999999999999,0.1056,0.8066546866406509,-1.8498821761697481,1.0,528.0,262.0,992.0,494.0,268.8345086967327,268.834508696729,0.85,0.4447870931247877,100.0,1,median_of_seed_median_return_pct,0.4447870931247877,1.0,1.0,-0.1840793402362273,9.966855596237668,0.4447870931247877,0.9957429028176575,494.0,feasible_if_all_values_le_0,1.0,1.0,3142,0.0,True,COMPLETE
25,0.4354847938274453,5.6023126174507745,0.003404562864888113,0.09342329058384753,1.0,1.0,1.0,False,0.04432325927605514,True,True,True,True,True,True,True,0.0,0.0,-5.174802102996331,0.0,-168.0,-382.0,-0.17858345896341998,"[-5.174802102996331, -0.17858345896341998, -382.0, -168.0, 0.0, 0.0, 0.0]",2.161083099353902,0.0968,9.825197897003669,-1000000.0,15.0,0.4354847938274453,650.0,2.161083099353902,0.4354847938274453,0.16744234031469407,0.44050987322843405,0.27306753291374,0.16744234031469407,6.610576473930985,0.07519999999999999,0.4892,2.2075649140596054,0.11059999999999999,0.0928,1.0037035867092294,0.27306753291374,4.0,464.0,232.0,9.668507075750487,0.10359999999999998,0.4266,-0.08500668221443916,0.08920000000000002,0.1008,1.055386129009721,0.44050987322843405,4.0,504.0,250.0,5.0,5.0,9.825197897003669,0.0968,2.161083099353902,0.4354847938274453,3.0,1.02858345896342,0.16744234031469407,0.44050987322843405,0.27306753291374,0.16744234031469407,6.610576473930985,0.07519999999999999,0.4892,2.2075649140596054,0.11059999999999999,0.0928,1.0037035867092294,0.27306753291374,4.0,464.0,232.0,9.668507075750487,0.10359999999999998,0.4266,-0.08500668221443916,0.08920000000000002,0.1008,1.055386129009721,0.44050987322843405,4.0,504.0,250.0,968.0,482.0,293.72346456374333,293.72346456374396,0.85,0.4354847938274453,100.0,1,median_of_seed_median_return_pct,0.4354847938274453,1.0,1.0,2.161083099353902,9.825197897003669,0.4354847938274453,1.02858345896342,482.0,feasible_if_all_values_le_0,1.0,1.0,3142,0.0,True,COMPLETE
26,-0.11745539957048745,6.46813223189912,0.0031781382149850567,0.1931382891275199,1.0,1.0,1.0,False,-0.01054825530579521,True,True,True,True,True,True,True,0.0,0.0,-3.8649453236159843,0.0,-157.0,-393.0,-0.11309060957576478,"[-3.8649453236159843, -0.11309060957576478, -393.0, -157.0, 0.0, 0.0, 0.0]",0.19244931693991107,0.099,11.135054676384016,-1000000.0,15.0,-0.11745539957048745,650.0,0.19244931693991107,-0.11745539957048745,4.023604097309875,1.5178317281632658,-2.5057723691466083,-4.023604097309875,6.318292724161911,0.07399999999999998,0.509,2.4910275575582497,0.1286,0.096,1.2425485489729822,1.5178317281632658,4.0,480.0,240.0,9.077420657032075,0.0984,0.45420000000000005,-2.2139256963328853,0.1172,0.10200000000000001,0.7715331351819237,-2.5057723691466083,0.0,510.0,253.0,5.0,5.0,11.135054676384016,0.099,0.19244931693991107,-0.11745539957048745,2.0,0.9630906095757648,4.023604097309875,1.5178317281632658,-2.5057723691466083,-4.023604097309875,6.318292724161911,0.07399999999999998,0.509,2.4910275575582497,0.1286,0.096,1.2425485489729822,1.5178317281632658,4.0,480.0,240.0,9.077420657032075,0.0984,0.45420000000000005,-2.2139256963328853,0.1172,0.10200000000000001,0.7715331351819237,-2.5057723691466083,0.0,510.0,253.0,990.0,493.0,314.6496257730257,314.6496257730287,0.85,-0.11745539957048745,100.0,1,median_of_seed_median_return_pct,-0.11745539957048745,1.0,1.0,0.19244931693991107,11.135054676384016,-0.11745539957048745,0.9630906095757648,493.0,feasible_if_all_values_le_0,1.0,1.0,3142,0.0,True,COMPLETE
27,-0.1185627279339907,0.3079409937610954,0.0032753709009916486,0.20203105077083652,1.0,1.0,1.0,False,-0.012383999499012444,True,True,True,True,True,True,True,0.0,0.0,-5.426135922934636,0.0,-146.0,-404.0,-0.10782300227071029,"[-5.426135922934636, -0.10782300227071029, -404.0, -146.0, 0.0, 0.0, 0.0]",1.3577554899166744,0.1012,9.573864077065364,-1000000.0,15.0,-0.1185627279339907,650.0,1.3577554899166744,-0.1185627279339907,1.5444140294344155,0.9681349142657947,-0.5762791151686208,-1.5444140294344155,6.317403566055734,0.0774,0.5311999999999999,2.9391640383362083,0.10759999999999999,0.09480000000000001,1.122301128065832,0.9681349142657947,4.0,474.0,237.0,8.912725815621858,0.10400000000000001,0.4628,-1.5034366989382186,0.09140000000000001,0.1076,0.9230974424773185,-0.5762791151686208,1.0,538.0,267.0,5.0,5.0,9.573864077065364,0.1012,1.3577554899166744,-0.1185627279339907,2.0,0.9578230022707103,1.5444140294344155,0.9681349142657947,-0.5762791151686208,-1.5444140294344155,6.317403566055734,0.0774,0.5311999999999999,2.9391640383362083,0.10759999999999999,0.09480000000000001,1.122301128065832,0.9681349142657947,4.0,474.0,237.0,8.912725815621858,0.10400000000000001,0.4628,-1.5034366989382186,0.09140000000000001,0.1076,0.9230974424773185,-0.5762791151686208,1.0,538.0,267.0,1012.0,504.0,305.308934538449,305.3089345384522,0.85,-0.1185627279339907,100.0,1,median_of_seed_median_return_pct,-0.1185627279339907,1.0,1.0,1.3577554899166744,9.573864077065364,-0.1185627279339907,0.9578230022707103,504.0,feasible_if_all_values_le_0,1.0,1.0,3142,0.0,True,COMPLETE
28,-0.0017590506491860225,0.7260408556491691,0.003183019065836588,0.15430543709884426,1.0,1.0,1.0,False,-0.0001629346248061312,True,True,True,True,True,True,True,0.0,0.0,-4.203948201439442,0.0,-119.0,-431.0,-0.13601406959596574,"[-4.203948201439442, -0.13601406959596574, -431.0, -119.0, 0.0, 0.0, 0.0]",-0.323652133500989,0.10669999999999999,10.796051798560558,-1000000.0,15.0,-0.0017590506491860225,650.0,-0.323652133500989,-0.0017590506491860225,3.8076307990205005,0.09651531628598331,-3.711115482734517,-3.8076307990205005,7.566527841046433,0.0882,0.5170000000000001,1.840830046505193,0.0984,0.1,0.9758049596922316,0.09651531628598331,4.0,500.0,250.0,8.954128876000233,0.1224,0.4532,-2.1272065342378332,0.08700000000000001,0.11339999999999999,0.6656594246824404,-3.711115482734517,1.0,567.0,281.0,5.0,5.0,10.796051798560558,0.10669999999999999,-0.323652133500989,-0.0017590506491860225,2.0,0.9860140695959657,3.8076307990205005,0.09651531628598331,-3.711115482734517,-3.8076307990205005,7.566527841046433,0.0882,0.5170000000000001,1.840830046505193,0.0984,0.1,0.9758049596922316,0.09651531628598331,4.0,500.0,250.0,8.954128876000233,0.1224,0.4532,-2.1272065342378332,0.08700000000000001,0.11339999999999999,0.6656594246824404,-3.711115482734517,1.0,567.0,281.0,1067.0,531.0,314.16714110607177,314.1671411060683,0.85,-0.0017590506491860225,100.0,1,median_of_seed_median_return_pct,-0.0017590506491860225,1.0,1.0,-0.323652133500989,10.796051798560558,-0.0017590506491860225,0.9860140695959657,531.0,feasible_if_all_values_le_0,1.0,1.0,3142,0.0,True,COMPLETE
29,-1.2280837293098035,8.19230985907986,0.003813096121233056,0.08172786418724656,1.0,1.0,1.0,False,-0.12779456586364335,True,True,True,True,True,True,True,0.0,0.0,-5.390172531904312,0.0,-200.0,-350.0,-0.008682150889049778,"[-5.390172531904312, -0.008682150889049778, -350.0, -200.0, 0.0, 0.0, 0.0]",0.5215837742820127,0.0904,9.609827468095688,-1000000.0,15.0,-1.2280837293098035,650.0,0.5215837742820127,-1.2280837293098035,2.5845626669245503,0.5615013504135069,-2.0230613165110434,-2.5845626669245503,5.770732983613547,0.06640000000000001,0.4904,3.0951083597412588,0.1078,0.0876,1.047275329419691,0.5615013504135069,4.0,438.0,219.0,9.48753747010349,0.09119999999999999,0.422,-2.5146461195453673,0.08960000000000001,0.09319999999999999,0.6879453052732537,-2.0230613165110434,0.0,466.0,231.0,5.0,5.0,9.609827468095688,0.0904,0.5215837742820127,-1.2280837293098035,2.0,0.8586821508890498,2.5845626669245503,0.5615013504135069,-2.0230613165110434,-2.5845626669245503,5.770732983613547,0.06640000000000001,0.4904,3.0951083597412588,0.1078,0.0876,1.047275329419691,0.5615013504135069,4.0,438.0,219.0,9.48753747010349,0.09119999999999999,0.422,-2.5146461195453673,0.08960000000000001,0.09319999999999999,0.6879453052732537,-2.0230613165110434,0.0,466.0,231.0,904.0,450.0,262.25407600703915,262.2540760070403,0.85,-1.2280837293098035,100.0,1,median_of_seed_median_return_pct,-1.2280837293098035,1.0,1.0,0.5215837742820127,9.609827468095688,-1.2280837293098035,0.8586821508890498,450.0,feasible_if_all_values_le_0,1.0,1.0,3142,0.0,True,COMPLETE
30,1.619016007987173,9.765886660040207,0.0031786765429080944,0.08014511382557449,1.0,1.0,1.0,False,0.15842310825658532,True,True,True,True,True,True,True,0.0,0.0,-4.780430230134222,0.0,-188.0,-362.0,-0.18352207164642798,"[-4.780430230134222, -0.18352207164642798, -362.0, -188.0, 0.0, 0.0, 0.0]",1.4172404620870949,0.0928,10.219569769865778,-1000000.0,15.0,1.619016007987173,650.0,1.4172404620870949,1.619016007987173,2.1599682051540947,0.2361776506668134,-1.9237905544872813,-2.1599682051540947,5.203717424291154,0.06580000000000001,0.4760000000000001,2.9516053533101405,0.121,0.0876,1.000222800394366,0.2361776506668134,3.0,438.0,219.0,7.626643188147875,0.10679999999999998,0.417,-1.4004145770587972,0.0964,0.098,0.8156370771892952,-1.9237905544872813,1.0,490.0,243.0,5.0,5.0,10.219569769865778,0.0928,1.4172404620870949,1.619016007987173,3.0,1.033522071646428,2.1599682051540947,0.2361776506668134,-1.9237905544872813,-2.1599682051540947,5.203717424291154,0.06580000000000001,0.4760000000000001,2.9516053533101405,0.121,0.0876,1.000222800394366,0.2361776506668134,3.0,438.0,219.0,7.626643188147875,0.10679999999999998,0.417,-1.4004145770587972,0.0964,0.098,0.8156370771892952,-1.9237905544872813,1.0,490.0,243.0,928.0,462.0,314.59633797313774,314.59633797314285,0.85,1.619016007987173,100.0,1,median_of_seed_median_return_pct,1.619016007987173,1.0,1.0,1.4172404620870949,10.219569769865778,1.619016007987173,1.033522071646428,462.0,feasible_if_all_values_le_0,1.0,1.0,3142,0.0,True,COMPLETE
31,-1.8981160500465721,8.846013834592826,0.0030185012250929775,0.05370224384637325,1.0,1.0,1.0,False,-0.2092823395428942,True,True,True,True,False,True,True,0.0,0.0,-5.930357266684048,0.0,-192.0,-358.0,0.014013511862590367,"[-5.930357266684048, 0.014013511862590367, -358.0, -192.0, 0.0, 0.0, 0.0]",0.45574919569921535,0.092,9.069642733315952,-1000000.0,15.0,-1.8981160500465721,650.0,0.45574919569921535,-1.8981160500465721,3.532899031450154,0.6871644899341334,-2.8457345415160207,-3.532899031450154,4.41261525708957,0.0708,0.47240000000000004,2.661497133600592,0.1102,0.088,1.0090659681392296,0.6871644899341334,3.0,440.0,220.0,8.773157248650543,0.0994,0.39980000000000004,-2.14555011192634,0.099,0.096,0.7085393492003383,-2.8457345415160207,0.0,480.0,238.0,5.0,5.0,9.069642733315952,0.092,0.45574919569921535,-1.8981160500465721,2.0,0.8359864881374096,3.532899031450154,0.6871644899341334,-2.8457345415160207,-3.532899031450154,4.41261525708957,0.0708,0.47240000000000004,2.661497133600592,0.1102,0.088,1.0090659681392296,0.6871644899341334,3.0,440.0,220.0,8.773157248650543,0.0994,0.39980000000000004,-2.14555011192634,0.099,0.096,0.7085393492003383,-2.8457345415160207,0.0,480.0,238.0,920.0,458.0,331.290241556618,331.29024155662097,0.85,-1.8981160500465721,100.0,1,median_of_seed_median_return_pct,-1.8981160500465721,1.0,1.0,0.45574919569921535,9.069642733315952,-1.8981160500465721,0.8359864881374096,458.0,feasible_if_all_values_le_0,1.0,1.0,3142,0.0,False,COMPLETE
32,-0.8983745119203634,8.667196359774676,0.003319013575142836,0.09666442845454734,1.0,1.0,1.0,False,-0.08504531576587523,True,True,True,True,True,True,True,0.0,0.0,-4.436519767960698,0.0,-191.0,-359.0,-0.07115143056181328,"[-4.436519767960698, -0.07115143056181328, -359.0, -191.0, 0.0, 0.0, 0.0]",0.3867918310385866,0.09219999999999999,10.563480232039302,-1000000.0,15.0,-0.8983745119203634,650.0,0.3867918310385866,-0.8983745119203634,1.9539118509054543,0.25931917071826405,-1.6945926801871902,-1.9539118509054543,6.707770737841756,0.0744,0.48599999999999993,2.4723528483662642,0.11840000000000002,0.09,1.0013019525949918,0.25931917071826405,3.0,450.0,225.0,10.266734363890473,0.0978,0.4178,-2.0460728488863555,0.098,0.09440000000000001,0.7968369571968834,-1.6945926801871902,1.0,472.0,234.0,5.0,5.0,10.563480232039302,0.09219999999999999,0.3867918310385866,-0.8983745119203634,2.0,0.9211514305618133,1.9539118509054543,0.25931917071826405,-1.6945926801871902,-1.9539118509054543,6.707770737841756,0.0744,0.48599999999999993,2.4723528483662642,0.11840000000000002,0.09,1.0013019525949918,0.25931917071826405,3.0,450.0,225.0,10.266734363890473,0.0978,0.4178,-2.0460728488863555,0.098,0.09440000000000001,0.7968369571968834,-1.6945926801871902,1.0,472.0,234.0,922.0,459.0,301.2943386219697,301.2943386219676,0.85,-0.8983745119203634,100.0,1,median_of_seed_median_return_pct,-0.8983745119203634,1.0,1.0,0.3867918310385866,10.563480232039302,-0.8983745119203634,0.9211514305618133,459.0,feasible_if_all_values_le_0,1.0,1.0,3142,0.0,True,COMPLETE
33,-0.114935914856229,8.112285170266162,0.0030775057405007843,0.07991588495611625,1.0,1.0,1.0,False,-0.011214584713946258,True,True,True,True,True,True,True,0.0,0.0,-4.751210785960112,0.0,-181.0,-369.0,-0.09606319621840631,"[-4.751210785960112, -0.09606319621840631, -369.0, -181.0, 0.0, 0.0, 0.0]",1.633124058285489,0.09419999999999999,10.248789214039888,-1000000.0,15.0,-0.114935914856229,650.0,1.633124058285489,-0.114935914856229,3.811518041417561,1.8664429217275291,-1.9450751196900318,-3.811518041417561,3.960211010710879,0.0736,0.4814,3.3361432245990974,0.1182,0.08879999999999999,1.1531601246105907,1.8664429217275291,3.0,444.0,222.0,9.81642441226407,0.10200000000000001,0.41900000000000004,-1.6653908551286123,0.0948,0.0996,0.7945870831826314,-1.9450751196900318,1.0,498.0,247.0,5.0,5.0,10.248789214039888,0.09419999999999999,1.633124058285489,-0.114935914856229,2.0,0.9460631962184063,3.811518041417561,1.8664429217275291,-1.9450751196900318,-3.811518041417561,3.960211010710879,0.0736,0.4814,3.3361432245990974,0.1182,0.08879999999999999,1.1531601246105907,1.8664429217275291,3.0,444.0,222.0,9.81642441226407,0.10200000000000001,0.41900000000000004,-1.6653908551286123,0.0948,0.0996,0.7945870831826314,-1.9450751196900318,1.0,498.0,247.0,942.0,469.0,324.93846781168827,324.9384678116858,0.85,-0.114935914856229,100.0,1,median_of_seed_median_return_pct,-0.114935914856229,1.0,1.0,1.633124058285489,10.248789214039888,-0.114935914856229,0.9460631962184063,469.0,feasible_if_all_values_le_0,1.0,1.0,3142,0.0,True,COMPLETE
34,-0.8165636014542788,8.31642341443937,0.003510513052350897,0.1605723727562617,1.0,1.0,1.0,False,-0.06778514305218292,True,True,True,True,True,True,True,0.0,0.0,-2.9536493590392645,0.0,-168.0,-382.0,-0.08022845825776292,"[-2.9536493590392645, -0.08022845825776292, -382.0, -168.0, 0.0, 0.0, 0.0]",0.17916939413411317,0.0967,12.046350640960735,-1000000.0,15.0,-0.8165636014542788,650.0,0.17916939413411317,-0.8165636014542788,4.551200312954795,0.7706838041385167,-3.7805165088162784,-4.551200312954795,3.9348344425614523,0.0678,0.4974,3.0295404715687284,0.118,0.0912,1.0944981835657426,0.7706838041385167,5.0,456.0,228.0,9.12267886127921,0.10839999999999998,0.4462,-2.7359407326372236,0.10200000000000001,0.1022,0.6836402596464739,-3.7805165088162784,0.0,511.0,254.0,5.0,5.0,12.046350640960735,0.0967,0.17916939413411317,-0.8165636014542788,1.0,0.9302284582577629,4.551200312954795,0.7706838041385167,-3.7805165088162784,-4.551200312954795,3.9348344425614523,0.0678,0.4974,3.0295404715687284,0.118,0.0912,1.0944981835657426,0.7706838041385167,5.0,456.0,228.0,9.12267886127921,0.10839999999999998,0.4462,-2.7359407326372236,0.10200000000000001,0.1022,0.6836402596464739,-3.7805165088162784,0.0,511.0,254.0,967.0,482.0,284.85864746474215,284.8586474647378,0.85,-0.8165636014542788,100.0,1,median_of_seed_median_return_pct,-0.8165636014542788,1.0,1.0,0.17916939413411317,12.046350640960735,-0.8165636014542788,0.9302284582577629,482.0,feasible_if_all_values_le_0,1.0,1.0,3142,0.0,True,COMPLETE
35,-0.9830506230938507,2.386858075177321,0.0025342452841080844,0.28795009577571246,1.0,1.0,1.0,False,-0.12289058633547063,True,True,True,True,True,True,True,0.0,0.0,-7.000602711665092,0.0,-171.0,-379.0,-0.025052947930331637,"[-7.000602711665092, -0.025052947930331637, -379.0, -171.0, 0.0, 0.0, 0.0]",0.5530994093819119,0.0962,7.999397288334908,-1000000.0,15.0,-0.9830506230938507,650.0,0.5530994093819119,-0.9830506230938507,1.0158309124041476,0.016472454086757793,-0.9993584583173898,-1.0158309124041476,6.3009022475673415,0.064,0.5134000000000001,2.1364340819531935,0.1326,0.0888,0.9518782204460505,0.016472454086757793,3.0,444.0,222.0,7.196797378115005,0.10339999999999998,0.4624,-1.5080704624542385,0.11620000000000001,0.1036,0.8356161279178891,-0.9993584583173898,1.0,518.0,257.0,5.0,5.0,7.999397288334908,0.0962,0.5530994093819119,-0.9830506230938507,2.0,0.8750529479303316,1.0158309124041476,0.016472454086757793,-0.9993584583173898,-1.0158309124041476,6.3009022475673415,0.064,0.5134000000000001,2.1364340819531935,0.1326,0.0888,0.9518782204460505,0.016472454086757793,3.0,444.0,222.0,7.196797378115005,0.10339999999999998,0.4624,-1.5080704624542385,0.11620000000000001,0.1036,0.8356161279178891,-0.9993584583173898,1.0,518.0,257.0,962.0,479.0,394.5947956462096,394.5947956462133,0.85,-0.9830506230938507,100.0,1,median_of_seed_median_return_pct,-0.9830506230938507,1.0,1.0,0.5530994093819119,7.999397288334908,-0.9830506230938507,0.8750529479303316,479.0,feasible_if_all_values_le_0,1.0,1.0,3142,0.0,True,COMPLETE
36,-0.7600429037527778,0.6945984699625128,0.003192901138820875,0.023459768352750668,1.0,1.0,1.0,False,-0.08686306707443248,True,True,True,True,True,True,True,0.0,0.0,-6.2501028417347815,0.0,-155.0,-395.0,-0.09073395938873574,"[-6.2501028417347815, -0.09073395938873574, -395.0, -155.0, 0.0, 0.0, 0.0]",-0.03181664035483145,0.0994,8.749897158265219,-1000000.0,15.0,-0.7600429037527778,650.0,-0.03181664035483145,-0.7600429037527778,2.5350218589948015,0.394197324482648,-2.1408245345121535,-2.5350218589948015,5.6123348228357965,0.0922,0.45760000000000006,1.7188082050712896,0.091,0.09759999999999999,1.0250304605065115,0.394197324482648,3.0,488.0,244.0,8.749897158265219,0.1122,0.3916,-1.7141642097670928,0.07300000000000001,0.1012,0.8139278075477671,-2.1408245345121535,1.0,506.0,251.0,5.0,5.0,8.749897158265219,0.0994,-0.03181664035483145,-0.7600429037527778,2.0,0.9407339593887357,2.5350218589948015,0.394197324482648,-2.1408245345121535,-2.5350218589948015,5.6123348228357965,0.0922,0.45760000000000006,1.7188082050712896,0.091,0.09759999999999999,1.0250304605065115,0.394197324482648,3.0,488.0,244.0,8.749897158265219,0.1122,0.3916,-1.7141642097670928,0.07300000000000001,0.1012,0.8139278075477671,-2.1408245345121535,1.0,506.0,251.0,994.0,495.0,313.1947894789175,313.1947894789181,0.85,-0.7600429037527778,100.0,1,median_of_seed_median_return_pct,-0.7600429037527778,1.0,1.0,-0.03181664035483145,8.749897158265219,-0.7600429037527778,0.9407339593887357,495.0,feasible_if_all_values_le_0,1.0,1.0,3142,0.0,True,COMPLETE
37,3.401856704359152,0.3278629847430447,0.0029477004012138435,0.13013915972919118,1.0,1.0,1.0,False,0.2697108606997406,True,True,True,True,True,True,True,0.0,0.0,-2.387023661066742,0.0,-146.0,-404.0,-0.4325862141421609,"[-2.387023661066742, -0.4325862141421609, -404.0, -146.0, 0.0, 0.0, 0.0]",2.386486101318071,0.1012,12.612976338933258,-1000000.0,15.0,3.401856704359152,650.0,2.386486101318071,3.401856704359152,0.9987794247828141,1.4695163895697583,0.47073696478694416,-0.9987794247828141,5.799229287539676,0.08619999999999998,0.5193999999999999,3.1704692572177673,0.0938,0.0988,1.1739014086312545,1.4695163895697583,3.0,494.0,247.0,10.967188778627923,0.10600000000000001,0.44539999999999996,-0.854609906274457,0.09300000000000001,0.1036,0.9547055778965214,0.47073696478694416,3.0,518.0,257.0,5.0,5.0,12.612976338933258,0.1012,2.386486101318071,3.401856704359152,3.0,1.282586214142161,0.9987794247828141,1.4695163895697583,0.47073696478694416,-0.9987794247828141,5.799229287539676,0.08619999999999998,0.5193999999999999,3.1704692572177673,0.0938,0.0988,1.1739014086312545,1.4695163895697583,3.0,494.0,247.0,10.967188778627923,0.10600000000000001,0.44539999999999996,-0.854609906274457,0.09300000000000001,0.1036,0.9547055778965214,0.47073696478694416,3.0,518.0,257.0,1012.0,504.0,339.2475027612055,339.2475027612062,0.85,3.401856704359152,100.0,1,median_of_seed_median_return_pct,3.401856704359152,1.0,1.0,2.386486101318071,12.612976338933258,3.401856704359152,1.282586214142161,504.0,feasible_if_all_values_le_0,1.0,1.0,3142,0.0,True,COMPLETE
38,-0.6464309432722026,0.30311169378350045,0.002960591979016359,0.0658630621561754,1.0,1.0,1.0,False,-0.0727157120446532,True,True,True,True,True,True,True,0.0,0.0,-6.110161406722623,0.0,-129.0,-421.0,-0.08691373676052849,"[-6.110161406722623, -0.08691373676052849, -421.0, -129.0, 0.0, 0.0, 0.0]",1.342733710412083,0.1046,8.889838593277377,-1000000.0,15.0,-0.6464309432722026,650.0,1.342733710412083,-0.6464309432722026,0.19615372205133985,-0.6921072280859919,-0.8882609501373318,0.19615372205133985,6.329622885677733,0.09840000000000002,0.49280000000000007,2.2772123079562,0.0948,0.101,0.8438574087553526,-0.8882609501373318,2.0,505.0,252.0,8.889838593277377,0.1142,0.42460000000000003,-0.9032926101422923,0.08580000000000002,0.10819999999999999,0.8721752497074848,-0.6921072280859919,1.0,541.0,269.0,5.0,5.0,8.889838593277377,0.1046,1.342733710412083,-0.6464309432722026,2.0,0.9369137367605285,0.19615372205133985,-0.6921072280859919,-0.8882609501373318,0.19615372205133985,6.329622885677733,0.09840000000000002,0.49280000000000007,2.2772123079562,0.0948,0.101,0.8438574087553526,-0.8882609501373318,2.0,505.0,252.0,8.889838593277377,0.1142,0.42460000000000003,-0.9032926101422923,0.08580000000000002,0.10819999999999999,0.8721752497074848,-0.6921072280859919,1.0,541.0,269.0,1046.0,521.0,337.7702861750793,337.7702861750832,0.85,-0.6464309432722026,100.0,1,median_of_seed_median_return_pct,-0.6464309432722026,1.0,1.0,1.342733710412083,8.889838593277377,-0.6464309432722026,0.9369137367605285,521.0,feasible_if_all_values_le_0,1.0,1.0,3142,0.0,True,COMPLETE
39,-1.175525427931401,0.47465636096368236,0.0027710634050095327,0.12447245240445254,1.0,1.0,1.0,False,-0.09776022325285508,True,True,True,True,True,True,True,0.0,0.0,-2.975422019128114,0.0,-144.0,-406.0,-0.023328391647383095,"[-2.975422019128114, -0.023328391647383095, -406.0, -144.0, 0.0, 0.0, 0.0]",0.19284373545321837,0.1016,12.024577980871886,-1000000.0,15.0,-1.175525427931401,650.0,0.19284373545321837,-1.175525427931401,2.5347055687334974,-1.0552677742007521,-3.5899733429342495,-2.5347055687334974,7.31498234343001,0.09179999999999999,0.5147999999999999,3.218756378237675,0.09559999999999999,0.1,0.8335553565487127,-1.0552677742007521,2.0,500.0,250.0,10.423664198938676,0.1042,0.43240000000000006,-2.909528757021025,0.09880000000000001,0.1032,0.6914450473260723,-3.5899733429342495,2.0,516.0,256.0,5.0,5.0,12.024577980871886,0.1016,0.19284373545321837,-1.175525427931401,2.0,0.8733283916473831,2.5347055687334974,-1.0552677742007521,-3.5899733429342495,-2.5347055687334974,7.31498234343001,0.09179999999999999,0.5147999999999999,3.218756378237675,0.09559999999999999,0.1,0.8335553565487127,-1.0552677742007521,2.0,500.0,250.0,10.423664198938676,0.1042,0.43240000000000006,-2.909528757021025,0.09880000000000001,0.1032,0.6914450473260723,-3.5899733429342495,2.0,516.0,256.0,1016.0,506.0,360.87229119052216,360.87229119052074,0.85,-1.175525427931401,100.0,1,median_of_seed_median_return_pct,-1.175525427931401,1.0,1.0,0.19284373545321837,12.024577980871886,-1.175525427931401,0.8733283916473831,506.0,feasible_if_all_values_le_0,1.0,1.0,3142,0.0,True,COMPLETE
