feature,entry_rank,entry_hie_norm,entry_p_value,entry_n_samples,entry_n_bins_used,entry_min_bin_size_used,entry_min_action_count_in_bin,entry_reason,exit_rank,exit_hie_norm,exit_p_value,exit_n_samples,exit_n_bins_used,exit_min_bin_size_used,exit_min_action_count_in_bin,exit_reason,best_rank,mean_rank,best_hie_norm,best_p_value,regime_coverage_topk,best_regime_source,union_rank,in_top_7,in_top_14,in_top_20,in_top_26
volatility_168_sqrt_z,1.0,0.014219418233688996,0.0,33696,15,2246,1123,ok,6.0,0.006987641689229607,0.0,33696,15,2246,1123,ok,1.0,3.5,0.014219418233688996,0.0,2,entry,1,True,True,True,True
ema_spread_100_200_z,4.0,0.011759415711873777,0.0,33696,15,2246,1123,ok,1.0,0.008824782555188093,0.0,33696,15,2246,1123,ok,1.0,2.5,0.011759415711873777,0.0,2,exit,2,True,True,True,True
ADX_72_scaled,7.0,0.010188892766558544,0.0,33696,15,2246,1123,ok,2.0,0.008273697457016338,0.0,33696,15,2246,1123,ok,2.0,4.5,0.010188892766558544,0.0,2,exit,3,True,True,True,True
ADX_30_scaled,2.0,0.013150770896072861,0.0,33696,15,2246,1123,ok,16.0,0.004876593192034484,0.0,33696,15,2246,1123,ok,2.0,9.0,0.013150770896072861,0.0,1,entry,4,True,True,True,True
dist_to_low_24_sqrt_z,3.0,0.01199743996219882,0.0,33696,15,2246,1123,ok,13.0,0.005399348717882335,0.0,33696,15,2246,1123,ok,3.0,8.0,0.01199743996219882,0.0,2,entry,5,True,True,True,True
ema_spread_50_100_z,5.0,0.01121052829167779,0.0,33696,15,2246,1123,ok,3.0,0.0076785829351633805,0.0,33696,15,2246,1123,ok,3.0,4.0,0.01121052829167779,0.0,2,exit,6,True,True,True,True
dist_to_high_168_sqrt_z,9.0,0.009862741479969905,0.0,33696,15,2246,1123,ok,4.0,0.0075796556703866536,0.0,33696,15,2246,1123,ok,4.0,6.5,0.009862741479969905,0.0,2,exit,7,True,True,True,True
ret_accel_72_168_z,38.0,0.002615251103822769,0.0,33696,15,2246,1123,ok,5.0,0.007145293433055533,0.0,33696,15,2246,1123,ok,5.0,21.5,0.007145293433055533,0.0,1,exit,8,False,True,True,True
ema_spread_21_50_z,6.0,0.010389418028200814,0.0,33696,15,2246,1123,ok,21.0,0.0037326972159140714,0.0,33696,15,2246,1123,ok,6.0,13.5,0.010389418028200814,0.0,1,entry,9,False,True,True,True
ema_slope_200_z,14.0,0.007253014593953333,0.0,33696,15,2246,1123,ok,7.0,0.006733989232560966,0.0,33696,15,2246,1123,ok,7.0,10.5,0.007253014593953333,0.0,2,exit,10,False,True,True,True
volatility_72_sqrt_z,8.0,0.010127719716641947,0.0,33696,15,2246,1123,ok,15.0,0.005099125283609396,0.0,33696,15,2246,1123,ok,8.0,11.5,0.010127719716641947,0.0,1,entry,11,False,True,True,True
dist_ema_200_z,26.0,0.004742611101469785,0.0,33696,15,2246,1123,ok,8.0,0.006261458669769238,0.0,33696,15,2246,1123,ok,8.0,17.0,0.006261458669769238,0.0,1,exit,12,False,True,True,True
log_ret_6_z,30.0,0.004068329964857398,0.0,33696,15,2246,1123,ok,9.0,0.006168829748835203,0.0,33696,15,2246,1123,ok,9.0,19.5,0.006168829748835203,0.0,1,exit,13,False,True,True,True
RSI_72_bounded,10.0,0.009841814366743806,0.0,33696,15,2246,1123,ok,26.0,0.0023582831932746906,0.0,33696,15,2246,1123,ok,10.0,18.0,0.009841814366743806,0.0,1,entry,14,False,True,True,True
dist_to_low_72_sqrt_z,23.0,0.005031719439316018,0.0,33696,15,2246,1123,ok,10.0,0.006164867602037938,0.0,33696,15,2246,1123,ok,10.0,16.5,0.006164867602037938,0.0,1,exit,15,False,False,True,True
RSI_14_bounded,11.0,0.008863545976052989,0.0,33696,15,2246,1123,ok,14.0,0.00513687728577733,0.0,33696,15,2246,1123,ok,11.0,12.5,0.008863545976052989,0.0,2,entry,16,False,False,True,True
NATR_14_z,41.0,0.0024433215798330687,0.0,33696,15,2246,1123,ok,11.0,0.005970253892681965,0.0,33696,15,2246,1123,ok,11.0,26.0,0.005970253892681965,0.0,1,exit,17,False,False,True,True
dist_ema_9_z,12.0,0.008833172587075944,0.0,33696,15,2246,1123,ok,25.0,0.0025346519047573235,0.0,33696,15,2246,1123,ok,12.0,18.5,0.008833172587075944,0.0,1,entry,18,False,False,True,True
ema_slope_100_z,34.0,0.0036143421153407296,0.0,33696,15,2246,1123,ok,12.0,0.005673341501345075,0.0,33696,15,2246,1123,ok,12.0,23.0,0.005673341501345075,0.0,1,exit,19,False,False,True,True
RSI_30_bounded,13.0,0.008717114340235033,0.0,33696,15,2246,1123,ok,32.0,0.0016107440765402714,0.0,33696,15,2246,1123,ok,13.0,22.5,0.008717114340235033,0.0,1,entry,20,False,False,True,True
ret_accel_24_72_z,15.0,0.006337842326981424,0.0,33696,15,2246,1123,ok,22.0,0.0028978022119290903,0.0,33696,15,2246,1123,ok,15.0,18.5,0.006337842326981424,0.0,0,entry,21,False,False,False,True
vol_expansion_168_log1p_z,16.0,0.0060202944976806005,0.0,33696,15,2246,1123,ok,45.0,1.0950224278272191e-05,0.43333333333333335,33696,15,2246,1123,ok,16.0,30.5,0.0060202944976806005,0.0,0,entry,22,False,False,False,True
vol_expansion_24_log1p_z,17.0,0.00574981269617747,0.0,33696,15,2246,1123,ok,40.0,0.00026862989132014903,0.06666666666666667,33696,15,2246,1123,ok,17.0,28.5,0.00574981269617747,0.0,0,entry,23,False,False,False,True
ret_accel_6_24_z,25.0,0.004802534258679603,0.0,33696,15,2246,1123,ok,17.0,0.004807340017415895,0.0,33696,15,2246,1123,ok,17.0,21.0,0.004807340017415895,0.0,0,exit,24,False,False,False,True
ema_spread_9_21_z,18.0,0.005747003073345525,0.0,33696,15,2246,1123,ok,23.0,0.002721223858390409,0.0,33696,15,2246,1123,ok,18.0,20.5,0.005747003073345525,0.0,0,entry,25,False,False,False,True
dist_to_low_168_sqrt_z,46.0,0.0013078676862516847,0.0,33696,15,2246,1123,ok,18.0,0.004220242301755384,0.0,33696,15,2246,1123,ok,18.0,32.0,0.004220242301755384,0.0,0,exit,26,False,False,False,True
dist_ema_100_z,19.0,0.005638011614472527,0.0,33696,15,2246,1123,ok,33.0,0.0011891175489069927,0.0,33696,15,2246,1123,ok,19.0,26.0,0.005638011614472527,0.0,0,entry,27,False,False,False,False
price_pos_in_range_72_norm,48.0,0.001281556841709719,0.0,33696,15,2246,1123,ok,19.0,0.004040093057461891,0.0,33696,15,2246,1123,ok,19.0,33.5,0.004040093057461891,0.0,0,exit,28,False,False,False,False
ema_slope_21_z,20.0,0.005462934270829001,0.0,33696,15,2246,1123,ok,35.0,0.001104087726646108,0.0,33696,15,2246,1123,ok,20.0,27.5,0.005462934270829001,0.0,0,entry,29,False,False,False,False
MOM_pct_14_z,29.0,0.004187098971756398,0.0,33696,15,2246,1123,ok,20.0,0.003899489219451935,0.0,33696,15,2246,1123,ok,20.0,24.5,0.004187098971756398,0.0,0,exit,30,False,False,False,False
vol_expansion_72_log1p_z,21.0,0.005397975624956808,0.0,33696,15,2246,1123,ok,42.0,5.277099962974763e-05,0.36666666666666664,33696,15,2246,1123,ok,21.0,31.5,0.005397975624956808,0.0,0,entry,31,False,False,False,False
bb_width_20_sqrt_z,22.0,0.005302040951625231,0.0,33696,15,2246,1123,ok,38.0,0.0007846709234280991,0.0,33696,15,2246,1123,ok,22.0,30.0,0.005302040951625231,0.0,0,entry,32,False,False,False,False
body_sqrt_z,24.0,0.004803132828446799,0.0,33696,15,2246,1123,ok,34.0,0.0011857187023827098,0.0,33696,15,2246,1123,ok,24.0,29.0,0.004803132828446799,0.0,0,entry,33,False,False,False,False
bb_pos_20_norm,28.0,0.004353952092294389,0.0,33696,15,2246,1123,ok,24.0,0.0026049138394564353,0.0,33696,15,2246,1123,ok,24.0,26.0,0.004353952092294389,0.0,0,exit,34,False,False,False,False
range_sqrt_z,27.0,0.004681816823738139,0.0,33696,15,2246,1123,ok,53.0,-2.1116329509185405e-05,0.5666666666666667,33696,15,2246,1123,ok,27.0,40.0,0.004681816823738139,0.0,0,entry,35,False,False,False,False
price_pos_in_range_168_norm,33.0,0.0036563617996187014,0.0,33696,15,2246,1123,ok,27.0,0.0021325238409026226,0.0,33696,15,2246,1123,ok,27.0,30.0,0.0036563617996187014,0.0,0,exit,36,False,False,False,False
ADX_14_scaled,35.0,0.0032922797690652095,0.0,33696,15,2246,1123,ok,28.0,0.0019462543556788003,0.0,33696,15,2246,1123,ok,28.0,31.5,0.0032922797690652095,0.0,0,exit,37,False,False,False,False
ema_slope_9_z,32.0,0.0038496850435537633,0.0,33696,15,2246,1123,ok,29.0,0.0018560838410347502,0.0,33696,15,2246,1123,ok,29.0,30.5,0.0038496850435537633,0.0,0,exit,38,False,False,False,False
MACD_hist_pct_z,40.0,0.002593034900852609,0.0,33696,15,2246,1123,ok,30.0,0.0017196553923297109,0.0,33696,15,2246,1123,ok,30.0,35.0,0.002593034900852609,0.0,0,exit,39,False,False,False,False
volatility_24_sqrt_z,31.0,0.004029209423440205,0.0,33696,15,2246,1123,ok,48.0,-2.07712654209935e-06,0.6,33696,15,2246,1123,ok,31.0,39.5,0.004029209423440205,0.0,0,entry,40,False,False,False,False
dist_to_high_24_sqrt_z,51.0,0.0008659839622432441,0.0,33696,15,2246,1123,ok,31.0,0.0016183164928962879,0.0,33696,15,2246,1123,ok,31.0,41.0,0.0016183164928962879,0.0,0,exit,41,False,False,False,False
dist_ema_21_z,36.0,0.003134335264510568,0.0,33696,15,2246,1123,ok,36.0,0.001066652681366076,0.0,33696,15,2246,1123,ok,36.0,36.0,0.003134335264510568,0.0,0,both_tie,42,False,False,False,False
dist_ema_50_z,37.0,0.002989662365384449,0.0,33696,15,2246,1123,ok,41.0,5.543887297704275e-05,0.3,33696,15,2246,1123,ok,37.0,39.0,0.002989662365384449,0.0,0,entry,43,False,False,False,False
log_ret_168_z,45.0,0.0019509574719295264,0.0,33696,15,2246,1123,ok,37.0,0.0010218886916252834,0.0,33696,15,2246,1123,ok,37.0,41.0,0.0019509574719295264,0.0,0,exit,44,False,False,False,False
vol_ratio_24_log1p_z,39.0,0.00259689826888021,0.0,33696,15,2246,1123,ok,50.0,-4.915472978983537e-06,0.5666666666666667,33696,15,2246,1123,ok,39.0,44.5,0.00259689826888021,0.0,0,entry,45,False,False,False,False
ema_slope_50_z,49.0,0.0012217322439103118,0.0,33696,15,2246,1123,ok,39.0,0.0006063477501374037,0.0,33696,15,2246,1123,ok,39.0,44.0,0.0012217322439103118,0.0,0,exit,46,False,False,False,False
vol_ratio_72_log1p_z,42.0,0.002255548041141364,0.0,33696,15,2246,1123,ok,54.0,-2.1974578189976057e-05,0.5666666666666667,33696,15,2246,1123,ok,42.0,48.0,0.002255548041141364,0.0,0,entry,47,False,False,False,False
price_pos_in_range_24_norm,43.0,0.0021813412642457397,0.0,33696,15,2246,1123,ok,47.0,3.88341756213384e-06,0.5333333333333333,33696,15,2246,1123,ok,43.0,45.0,0.0021813412642457397,0.0,0,entry,48,False,False,False,False
log_ret_72_z,54.0,1.6746478921025876e-05,0.4666666666666667,33696,15,2246,1123,ok,43.0,3.084050818547013e-05,0.36666666666666664,33696,15,2246,1123,ok,43.0,48.5,3.084050818547013e-05,0.36666666666666664,0,exit,49,False,False,False,False
vol_ratio_168_log1p_z,44.0,0.002006736081405003,0.0,33696,15,2246,1123,ok,49.0,-4.544146694374085e-06,0.5,33696,15,2246,1123,ok,44.0,46.5,0.002006736081405003,0.0,0,entry,50,False,False,False,False
MOM_pct_72_z,47.0,0.0012828149831544122,0.0,33696,15,2246,1123,ok,44.0,1.3810765688071491e-05,0.36666666666666664,33696,15,2246,1123,ok,44.0,45.5,0.0012828149831544122,0.0,0,exit,51,False,False,False,False
log_ret_24_z,50.0,0.0009652876899597373,0.0,33696,15,2246,1123,ok,46.0,9.213118557227506e-06,0.4,33696,15,2246,1123,ok,46.0,48.0,0.0009652876899597373,0.0,0,exit,52,False,False,False,False
dist_to_high_72_sqrt_z,52.0,0.00045708518944198584,0.03333333333333333,33696,15,2246,1123,ok,51.0,-9.234777681499384e-06,0.6,33696,15,2246,1123,ok,51.0,51.5,0.00045708518944198584,0.03333333333333333,0,exit,53,False,False,False,False
MOM_pct_30_z,53.0,0.0001526692562695553,0.03333333333333333,33696,15,2246,1123,ok,52.0,-1.6451568396136373e-05,0.5333333333333333,33696,15,2246,1123,ok,52.0,52.5,0.0001526692562695553,0.03333333333333333,0,exit,54,False,False,False,False
