seed,n_symbols,seed_dro_score,dro_alpha,seed_dro_min_aggregate_half,mean_symbol_h1_return_pct,mean_symbol_h2_return_pct,mean_symbol_full_return_pct,median_symbol_full_return_pct,median_drawdown_abs,max_drawdown_abs,median_profit_factor,total_trades,min_symbol_trades,mean_executed_action_1_ratio,mean_constraint_applied_ratio,mean_forced_singleton_ratio,mean_decision_point_ratio,mean_bandit_consulted_ratio,mean_pending_update_queued_ratio,median_holding_bars,mean_holding_bars,p25_holding_bars,p75_holding_bars,share_trades_closed_before_horizon,share_trades_closed_after_horizon,median_time_between_entries,trial_number,bandit_name,method_group,set_name,z_window
3142,3,-4.440726310429789,0.5,-5.4215689448152355,-1.4981984072734509,-5.4215689448152355,-6.836725024077555,-6.441488492522307,8.903743167511792,9.78782505100375,0.7565017082958009,604,191,0.5743333333333333,0.40349999999999997,0.4135,0.5865,0.5865,0.5845,4.0,5.645631067961165,4.0,6.0,0.9174757281553398,0.0825242718446602,8.0,0,discounted_lints,corr,z24_a0p5_corr_pruned_top10,24
3143,3,-2.399409073566652,0.5,-2.7223859828560797,-1.4304783456983678,-2.7223859828560797,-4.118443062545226,-4.45599587654375,7.885738568930956,7.927566958884147,0.8160755236412808,620,185,0.5870000000000001,0.41383333333333333,0.4325,0.5675,0.5675,0.5645,4.0,5.305555555555555,4.0,5.0,0.9305555555555556,0.06944444444444445,7.0,0,discounted_lints,corr,z24_a0p5_corr_pruned_top10,24
3142,3,-3.339157027885399,0.5,-3.862891665520055,-1.7679531149814316,-3.862891665520055,-5.58264499346753,-6.197126500748751,8.89210116850444,9.103428574356231,0.7643770078655465,537,169,0.5063333333333334,0.3578333333333334,0.364,0.636,0.636,0.6325,4.0,5.65934065934066,4.0,6.0,0.8816568047337278,0.11834319526627218,8.0,1,discounted_lints,corr,z24_a0p5_corr_pruned_top10,24
3143,3,-4.947479145001346,0.5,-5.851293650778469,-2.2360356276699744,-5.851293650778469,-7.943642522945127,-7.481064298501961,10.648091634742606,12.088449820022484,0.6589729265280192,511,140,0.5191666666666667,0.3406666666666667,0.344,0.656,0.656,0.6535,4.0,6.0523255813953485,4.0,6.0,0.8546511627906976,0.14534883720930233,8.0,1,discounted_lints,corr,z24_a0p5_corr_pruned_top10,24
3142,3,-3.6705958843700373,0.5,-4.514436645451925,-1.139073601124374,-4.514436645451925,-5.56240903103861,-3.1374896097988714,7.270899065132685,12.616891877612634,0.8238197455523445,538,164,0.5543333333333335,0.3586666666666667,0.366,0.634,0.634,0.631,4.0,6.0109289617486334,4.0,6.0,0.8797814207650273,0.12021857923497267,9.0,2,discounted_lints,corr,z24_a0p5_corr_pruned_top10,24
3143,3,-4.881324786738872,0.5,-5.950845376657483,-1.6727630169830363,-5.950845376657483,-7.521968200132046,-5.934686218258944,9.897336314909245,14.7908254310803,0.7423097200927771,548,177,0.556,0.3655,0.357,0.643,0.643,0.641,4.0,5.917098445595855,4.0,6.0,0.864406779661017,0.13559322033898305,8.0,2,discounted_lints,corr,z24_a0p5_corr_pruned_top10,24
3142,3,-2.62198824275963,0.5,-3.372282464970496,-0.3711055761270325,-3.372282464970496,-3.701903385634297,-2.5030671485766764,7.135216523734533,11.227211356507883,0.8170119252040862,449,147,0.5216666666666666,0.29983333333333334,0.2955,0.7045,0.7045,0.701,4.0,6.741496598639456,4.0,7.0,0.8299319727891157,0.17006802721088435,10.0,3,discounted_lints,corr,z24_a0p5_corr_pruned_top10,24
3143,3,-3.8048235760063096,0.5,-4.296898317356746,-2.3285993519550003,-4.296898317356746,-6.498774881865507,-4.29737525211017,8.052647447109273,13.148526376731272,0.7057446596436288,507,155,0.5031666666666667,0.338,0.33599999999999997,0.664,0.664,0.662,4.0,6.032258064516129,4.0,6.0,0.875,0.125,8.0,3,discounted_lints,corr,z24_a0p5_corr_pruned_top10,24
3142,3,-3.872560918060084,0.5,-4.725978205745517,-1.3123090550037835,-4.725978205745517,-5.972336246901196,-6.759372324495738,9.071053653725825,10.887053325496632,0.6815362167218143,449,128,0.507,0.29950000000000004,0.3045,0.6955,0.6955,0.691,4.0,6.427631578947368,4.0,7.0,0.8092105263157895,0.19078947368421054,9.5,4,discounted_lints,corr,z24_a0p5_corr_pruned_top10,24
3143,3,-3.1188028315387744,0.5,-4.227178876069067,0.20632530205210534,-4.227178876069067,-4.033103320118566,-3.645990939843391,7.959342516883517,9.413917202296773,0.8044649174919206,443,126,0.5139999999999999,0.29516666666666663,0.274,0.726,0.726,0.721,4.0,7.218978102189781,4.0,8.0,0.7737226277372263,0.22627737226277372,10.0,4,discounted_lints,corr,z24_a0p5_corr_pruned_top10,24
3142,3,-3.919371569323072,0.5,-4.809472072245613,-1.24907006055545,-4.809472072245613,-6.0012322813821255,-5.6297112322506,8.004576628593984,11.469300921117442,0.7171044168037984,492,146,0.507,0.328,0.33799999999999997,0.662,0.662,0.6575,4.0,6.431952662721893,4.0,6.0,0.8284023668639053,0.17159763313609466,9.0,5,discounted_lints,corr,z24_a0p5_corr_pruned_top10,24
3143,3,-4.352666421706352,0.5,-5.025433905996476,-2.33436396883598,-5.025433905996476,-7.245237004839851,-7.195898095484409,10.463361658536474,11.27205594173244,0.6285743981604303,462,132,0.527,0.3076666666666667,0.31799999999999995,0.682,0.682,0.6775,4.0,6.679245283018868,4.0,7.0,0.7987421383647799,0.20125786163522014,9.0,5,discounted_lints,corr,z24_a0p5_corr_pruned_top10,24
3142,3,-3.726787203918404,0.5,-4.32653052633933,-1.927557236655623,-4.32653052633933,-6.1446741430542104,-6.7897139901380354,10.356498750714104,10.792091630979971,0.7234035204117816,517,155,0.5325,0.3446666666666667,0.35250000000000004,0.6475,0.6475,0.645,4.0,5.865591397849462,4.0,6.0,0.8693181818181818,0.13068181818181818,8.0,6,discounted_lints,corr,z24_a0p5_corr_pruned_top10,24
3143,3,-4.087594854548936,0.5,-5.384018591757626,-0.19832364292286334,-5.384018591757626,-5.581361536404136,-5.690926841530652,7.374608993401244,8.966024665067195,0.6883964285336107,510,162,0.5171666666666667,0.33983333333333327,0.33399999999999996,0.666,0.666,0.664,4.0,6.253086419753086,4.0,6.0,0.8502994011976048,0.1497005988023952,8.0,6,discounted_lints,corr,z24_a0p5_corr_pruned_top10,24
3142,3,-4.466535411958647,0.5,-5.370562916424755,-1.7544528985603212,-5.370562916424755,-7.024182220998772,-6.908810948244493,9.497737753335045,11.683482567103809,0.7104416722173298,483,149,0.5096666666666666,0.32216666666666666,0.30800000000000005,0.692,0.692,0.689,4.0,6.512987012987013,4.0,7.0,0.8246753246753247,0.17532467532467533,9.0,7,discounted_lints,corr,z24_a0p5_corr_pruned_top10,24
3143,3,-4.675102445512129,0.5,-5.735277460144457,-1.4945774016151454,-5.735277460144457,-7.154092515987702,-7.295909348832774,8.064489415768982,11.484820136730978,0.6770104148904852,485,148,0.5075,0.3233333333333333,0.32399999999999995,0.676,0.676,0.671,4.0,6.2457142857142856,4.0,6.0,0.8513513513513513,0.14864864864864866,9.0,7,discounted_lints,corr,z24_a0p5_corr_pruned_top10,24
3142,3,-4.699385133094559,0.5,-5.660391217946689,-1.816366878538167,-5.660391217946689,-7.393242813808695,-7.981642343264572,11.422621584918991,13.296387792666774,0.6462643008702915,488,146,0.5046666666666667,0.32583333333333336,0.32799999999999996,0.672,0.672,0.6685,4.0,6.280821917808219,4.0,6.0,0.8424657534246576,0.15753424657534246,9.0,8,discounted_lints,corr,z24_a0p5_corr_pruned_top10,24
3143,3,-3.395134539715166,0.5,-4.119272719696935,-1.2227199997698575,-4.119272719696935,-5.294045760876128,-5.150568377366261,8.787141562091039,10.362823317398629,0.7371791093452253,483,154,0.5013333333333333,0.32216666666666666,0.32199999999999995,0.678,0.678,0.6755,4.0,6.077922077922078,4.0,5.75,0.8571428571428571,0.14285714285714285,9.0,8,discounted_lints,corr,z24_a0p5_corr_pruned_top10,24
3142,3,-5.236687806215052,0.5,-6.715754855052662,-0.7994866597022235,-6.715754855052662,-7.474432538935228,-6.795615852664216,9.768731121398023,12.242844651343965,0.6530087043096552,517,167,0.494,0.34450000000000003,0.34550000000000003,0.6545,0.6545,0.653,4.0,5.796610169491525,4.0,6.0,0.8757062146892656,0.12429378531073447,8.0,9,discounted_lints,corr,z24_a0p5_corr_pruned_top10,24
3143,3,-3.771581601064693,0.5,-3.9873679003172917,-3.1242227033068963,-3.9873679003172917,-6.987603890622688,-5.827105431132306,8.137649694956329,11.841516866545465,0.6560296887200039,556,170,0.49766666666666665,0.37133333333333335,0.38,0.62,0.62,0.618,4.0,5.482352941176471,4.0,5.0,0.9117647058823529,0.08823529411764706,8.0,9,discounted_lints,corr,z24_a0p5_corr_pruned_top10,24
3142,3,-4.651244805020452,0.5,-5.640341012894134,-1.6839561813994077,-5.640341012894134,-7.224542580555045,-8.239273525678536,11.212578707714115,12.331060011566997,0.7021771374903768,584,190,0.5543333333333335,0.38966666666666666,0.381,0.619,0.619,0.617,4.0,5.889473684210526,4.0,5.0,0.8736842105263158,0.12631578947368421,8.0,10,discounted_lints,corr,z24_a0p5_corr_pruned_top10,24
3143,3,-3.8788616389774964,0.5,-4.474125994309863,-2.093068572980398,-4.474125994309863,-6.495447196363798,-6.700774579434265,9.233895926030966,11.78135338366605,0.724564775236781,623,201,0.5263333333333334,0.41583333333333333,0.404,0.596,0.596,0.593,4.0,5.044554455445544,4.0,5.0,0.9454545454545454,0.05454545454545454,7.0,10,discounted_lints,corr,z24_a0p5_corr_pruned_top10,24
3142,3,-5.336067305199176,0.5,-6.216567170009902,-2.6945677107670005,-6.216567170009902,-8.756629020519497,-7.922440453026713,10.237653314670336,12.460428888037189,0.6694497751702455,615,184,0.5455000000000001,0.41033333333333327,0.42200000000000004,0.578,0.578,0.5745,4.0,5.113744075829384,4.0,5.0,0.933649289099526,0.06635071090047394,7.5,11,discounted_lints,corr,z24_a0p5_corr_pruned_top10,24
3143,3,-4.758344845896578,0.5,-5.300247258830819,-3.1326376070938546,-5.300247258830819,-8.308897482464772,-7.795206243638719,9.497804751789463,10.088254551114384,0.6883706796621769,586,175,0.5656666666666667,0.39066666666666666,0.38849999999999996,0.6115,0.6115,0.607,4.0,5.592783505154639,4.0,5.0,0.9020618556701031,0.0979381443298969,8.0,11,discounted_lints,corr,z24_a0p5_corr_pruned_top10,24
3142,3,-3.4843790463743947,0.5,-4.0698642241964915,-1.727923512908103,-4.0698642241964915,-5.711328125123072,-6.588790065706107,7.959341445811918,10.714299026627295,0.7623671179825068,592,191,0.5293333333333333,0.39483333333333337,0.39,0.61,0.61,0.607,4.0,5.339805825242719,4.0,5.0,0.9162303664921466,0.08376963350785341,8.0,12,discounted_lints,corr,z24_a0p5_corr_pruned_top10,24
3143,3,-5.506821110727815,0.5,-6.0615425790657484,-3.842656705714017,-6.0615425790657484,-9.672510157428343,-9.277333322043512,11.832214578229172,16.0434835962452,0.6022854937282733,562,177,0.5571666666666667,0.375,0.38,0.62,0.62,0.6175,4.0,5.868421052631579,4.0,6.0,0.8871794871794871,0.11282051282051282,9.0,12,discounted_lints,corr,z24_a0p5_corr_pruned_top10,24
3142,3,-4.847663785213795,0.5,-5.348299291368737,-3.345757266748972,-5.348299291368737,-8.491669191352628,-7.760076134069527,8.859658913438828,13.733515748690618,0.6482733992657534,630,197,0.5913333333333334,0.42049999999999993,0.4315,0.5685,0.5685,0.5655,4.0,5.706976744186046,4.0,6.0,0.9069767441860465,0.09302325581395349,8.0,13,discounted_lints,corr,z24_a0p5_corr_pruned_top10,24
3143,3,-4.878206995511061,0.5,-5.482485044478946,-3.065372848607406,-5.482485044478946,-8.372467376429794,-8.815883328650953,9.772812570399282,16.18406717995463,0.680820744821569,575,180,0.5964999999999999,0.3833333333333333,0.362,0.638,0.638,0.6335,5.0,6.403314917127072,4.0,7.0,0.8555555555555555,0.14444444444444443,9.0,13,discounted_lints,corr,z24_a0p5_corr_pruned_top10,24
3142,3,-6.509951379787472,0.5,-8.320636544341548,-1.0778958861252426,-8.320636544341548,-9.308001773475754,-9.255539727153138,12.14366173357515,13.557420777462092,0.6723770417096033,663,210,0.5793333333333334,0.4423333333333333,0.43799999999999994,0.562,0.562,0.559,4.0,5.3428571428571425,4.0,5.75,0.9285714285714286,0.07142857142857142,8.0,14,discounted_lints,corr,z24_a0p5_corr_pruned_top10,24
3143,3,-4.422233512465125,0.5,-5.1644146955318115,-2.1956899632650644,-5.1644146955318115,-7.238356608169316,-6.6745585102817255,9.711012765966787,9.79361195790579,0.7572379105884337,651,205,0.6033333333333334,0.434,0.43000000000000005,0.57,0.57,0.567,4.0,5.570731707317073,4.0,6.0,0.9121951219512195,0.08780487804878048,8.0,14,discounted_lints,corr,z24_a0p5_corr_pruned_top10,24
3142,3,-4.484951131092945,0.5,-5.376809231134206,-1.8093768309691634,-5.376809231134206,-7.097456732589751,-7.401487227388859,8.940972752252174,9.428765412594187,0.7276792722942702,630,203,0.5998333333333333,0.42083333333333334,0.41300000000000003,0.587,0.587,0.583,5.0,5.616504854368932,4.0,6.0,0.9029126213592233,0.0970873786407767,8.0,15,discounted_lints,corr,z24_a0p5_corr_pruned_top10,24
3143,3,-5.429264415963191,0.5,-6.668583233991477,-1.7113079618783313,-6.668583233991477,-8.286104483324413,-9.543294224447186,12.192263493064004,13.768334592463283,0.6652743377834057,661,210,0.5845,0.4406666666666667,0.44199999999999995,0.558,0.558,0.555,4.0,5.3619047619047615,4.0,6.0,0.9380952380952381,0.06190476190476191,8.0,15,discounted_lints,corr,z24_a0p5_corr_pruned_top10,24
3142,3,-4.950275651367226,0.5,-6.078454319236999,-1.5657396477579058,-6.078454319236999,-7.5662357759136,-7.6534875812375835,10.419259669265902,13.097814142494013,0.6840153361693837,570,170,0.5238333333333334,0.38033333333333336,0.38949999999999996,0.6105,0.6105,0.6055,4.0,5.535294117647059,4.0,5.0,0.9282051282051282,0.07179487179487179,8.0,0,discounted_lints,hybrid,z72_a0p5_hybrid_corr5_bsstablehie5_top10,72
3143,3,-4.805455002415012,0.5,-6.115952280833355,-0.873963167159982,-6.115952280833355,-6.92776622317426,-9.137936540503445,9.917922150571478,10.44088610118572,0.6991411564821358,556,166,0.5233333333333333,0.3715,0.38349999999999995,0.6165,0.6165,0.6135,4.0,5.597989949748744,4.0,5.0,0.9319371727748691,0.06806282722513089,9.0,0,discounted_lints,hybrid,z72_a0p5_hybrid_corr5_bsstablehie5_top10,72
3142,3,-6.39135747301183,0.5,-7.825558182564311,-2.088755344354387,-7.825558182564311,-9.718975952983396,-12.500099341682125,13.41218851299255,15.406387485610606,0.5770281391392832,609,192,0.5428333333333333,0.4068333333333333,0.4075,0.5925,0.5925,0.5895,4.0,5.383177570093458,4.0,5.25,0.9299065420560748,0.07009345794392523,8.0,1,discounted_lints,hybrid,z72_a0p5_hybrid_corr5_bsstablehie5_top10,72
3143,3,-4.262896832173679,0.5,-4.911601511294925,-2.3167827948099426,-4.911601511294925,-7.150062053650118,-7.471783526736397,8.968394692674265,11.388433103396123,0.68760426079809,556,177,0.502,0.37033333333333335,0.378,0.622,0.622,0.6195,4.0,5.510526315789473,4.0,5.0,0.9322033898305084,0.06779661016949153,8.0,1,discounted_lints,hybrid,z72_a0p5_hybrid_corr5_bsstablehie5_top10,72
3142,3,-5.457388692510542,0.5,-6.478462476274132,-2.3941673412197733,-6.478462476274132,-8.72694222213737,-7.909741227659173,9.474489588709078,11.908869914703345,0.6684523082597952,649,193,0.5545,0.433,0.4555,0.5445,0.5445,0.5425,4.0,5.100877192982456,4.0,5.0,0.9473684210526315,0.05263157894736842,7.0,2,discounted_lints,hybrid,z72_a0p5_hybrid_corr5_bsstablehie5_top10,72
3143,3,-5.857230996641825,0.5,-6.479626606717805,-3.9900441664138833,-6.479626606717805,-10.242426296443407,-9.089773053813044,13.211751112540682,13.39298210035591,0.5706870413292805,536,169,0.515,0.35833333333333334,0.358,0.642,0.642,0.639,4.0,5.4972067039106145,4.0,5.0,0.9106145251396648,0.0893854748603352,8.0,2,discounted_lints,hybrid,z72_a0p5_hybrid_corr5_bsstablehie5_top10,72
3142,3,-4.048439534719215,0.5,-4.3732940478856674,-3.073875995219858,-4.3732940478856674,-7.312337224395148,-7.47791113329691,9.755005822976425,10.794049526800887,0.6199684774851916,434,111,0.4286666666666667,0.2901666666666667,0.2895,0.7105,0.7105,0.7055,4.0,5.772413793103448,4.0,5.0,0.9241379310344827,0.07586206896551724,8.0,3,discounted_lints,hybrid,z72_a0p5_hybrid_corr5_bsstablehie5_top10,72
3143,3,-2.6368270643909333,0.5,-3.3212281239900054,-0.5836238855937168,-3.3212281239900054,-3.915160234517915,-2.8144144630400048,7.261877464708933,9.348805615729939,0.8143593939428786,454,138,0.4618333333333333,0.3035,0.3175,0.6825,0.6825,0.68,4.0,5.7405063291139244,4.0,5.0,0.8670886075949367,0.13291139240506328,8.0,3,discounted_lints,hybrid,z72_a0p5_hybrid_corr5_bsstablehie5_top10,72
3142,3,-4.146331399742085,0.5,-5.2817068202341035,-0.7402051382660293,-5.2817068202341035,-6.002180707964329,-6.550937165873649,9.443832979519694,9.650793971921468,0.6212675424779758,398,120,0.41533333333333333,0.26616666666666666,0.24350000000000005,0.7565,0.7565,0.7535,4.0,6.102564102564102,4.0,5.0,0.8852459016393442,0.11475409836065574,8.0,4,discounted_lints,hybrid,z72_a0p5_hybrid_corr5_bsstablehie5_top10,72
3143,3,-4.7042894688813615,0.5,-5.8951519048391985,-1.1317021610078488,-5.8951519048391985,-6.957858755932523,-7.654349343698852,9.730237750784854,10.586586664788156,0.647303840519424,406,101,0.43483333333333335,0.27166666666666667,0.23199999999999998,0.768,0.768,0.766,4.0,5.844827586206897,4.0,5.0,0.896551724137931,0.10344827586206896,8.0,4,discounted_lints,hybrid,z72_a0p5_hybrid_corr5_bsstablehie5_top10,72
3142,3,-2.2016434218888965,0.5,-2.6177421019417633,-0.9533473817302962,-2.6177421019417633,-3.5419689877331315,-4.301037016578302,8.448699533984282,8.941297955217076,0.7466994059896497,322,68,0.383,0.21550000000000002,0.1935,0.8065,0.8065,0.805,4.0,6.484076433121019,4.0,5.0,0.865979381443299,0.13402061855670103,8.5,5,discounted_lints,hybrid,z72_a0p5_hybrid_corr5_bsstablehie5_top10,72
3143,3,-4.597577285837107,0.5,-5.415228115583496,-2.1446247965979417,-5.415228115583496,-7.457629102284161,-7.639148189325429,11.024844905852982,11.222487729453313,0.5955935359959253,341,76,0.38533333333333336,0.22749999999999995,0.1835,0.8165,0.8165,0.8115,4.0,7.252747252747253,4.0,8.0,0.8131868131868132,0.18681318681318682,11.0,5,discounted_lints,hybrid,z72_a0p5_hybrid_corr5_bsstablehie5_top10,72
3142,3,-5.383533054232397,0.5,-6.625949913465605,-1.656282476532774,-6.625949913465605,-8.173006974561778,-7.6650186196694285,9.187592531805999,13.470549904429985,0.6887082351392511,610,188,0.5318333333333333,0.4075,0.39749999999999996,0.6025,0.6025,0.601,4.0,5.1076233183856505,4.0,5.0,0.9547738693467337,0.04522613065326633,8.0,6,discounted_lints,hybrid,z72_a0p5_hybrid_corr5_bsstablehie5_top10,72
3143,3,-5.947329982130594,0.5,-6.874934669924404,-3.164515918749163,-6.874934669924404,-9.833862741774695,-11.106574862676343,13.454434648529922,13.771248706473383,0.6309411285382517,625,203,0.5325000000000001,0.417,0.40800000000000003,0.592,0.592,0.59,4.0,5.165137614678899,4.0,5.0,0.9541284403669725,0.045871559633027525,8.0,6,discounted_lints,hybrid,z72_a0p5_hybrid_corr5_bsstablehie5_top10,72
3142,3,-3.734252064874617,0.5,-4.72327456388734,-0.7671845678364467,-4.72327456388734,-5.460690051028696,-5.467484346090945,8.698962908093733,9.44739340644254,0.6738602307832353,401,107,0.40066666666666667,0.2675,0.24950000000000006,0.7505,0.7505,0.7455,4.0,5.805882352941176,4.0,5.0,0.8941176470588236,0.10588235294117647,8.5,7,discounted_lints,hybrid,z72_a0p5_hybrid_corr5_bsstablehie5_top10,72
3143,3,-4.7188072856044245,0.5,-5.408556535325651,-2.649559536440745,-5.408556535325651,-7.928091196684943,-8.114552774965833,10.120246234908247,12.040173408909116,0.5375744981567596,467,102,0.42933333333333334,0.311,0.3255,0.6745,0.6745,0.6695,4.0,5.41717791411043,4.0,5.0,0.9202453987730062,0.07975460122699386,8.0,7,discounted_lints,hybrid,z72_a0p5_hybrid_corr5_bsstablehie5_top10,72
3142,3,-4.237368108224773,0.5,-5.6290185270305715,-0.06241685180737866,-5.6290185270305715,-5.695494808105535,-6.216140563982431,8.89112109217699,9.83593915100206,0.672706126453798,328,83,0.3838333333333333,0.21883333333333335,0.16949999999999998,0.8305,0.8305,0.8255,4.0,7.447058823529412,4.0,6.0,0.8470588235294118,0.15294117647058825,10.0,8,discounted_lints,hybrid,z72_a0p5_hybrid_corr5_bsstablehie5_top10,72
3143,3,-3.619973242598534,0.5,-4.311539732889621,-1.545273771725275,-4.311539732889621,-5.791975834124607,-7.062557773046862,8.499807549081028,9.811849556026765,0.6500260441516353,343,81,0.3541666666666667,0.22883333333333333,0.22550000000000003,0.7745,0.7745,0.773,4.0,6.088495575221239,4.0,5.0,0.8761061946902655,0.12389380530973451,8.0,8,discounted_lints,hybrid,z72_a0p5_hybrid_corr5_bsstablehie5_top10,72
3142,3,-5.137742174117454,0.5,-6.161319515770084,-2.067010149159565,-6.161319515770084,-8.12934184745509,-8.507686039092977,10.246505459089516,13.161780509031495,0.5451955983382388,382,96,0.39766666666666667,0.25566666666666665,0.248,0.752,0.752,0.749,4.0,5.728395061728395,4.0,5.0,0.9032258064516129,0.0967741935483871,8.0,9,discounted_lints,hybrid,z72_a0p5_hybrid_corr5_bsstablehie5_top10,72
3143,3,-3.9306354403478148,0.5,-4.645741409580995,-1.7853175326482749,-4.645741409580995,-6.3401702185275335,-5.770936758015677,9.435749504311918,10.459979487731985,0.6746792631021168,400,114,0.40700000000000003,0.2675,0.23750000000000004,0.7625,0.7625,0.761,4.0,5.73109243697479,4.0,5.0,0.8859649122807017,0.11403508771929824,7.0,9,discounted_lints,hybrid,z72_a0p5_hybrid_corr5_bsstablehie5_top10,72
3142,3,-4.1096152890750535,0.5,-4.814459471966759,-1.995082740399934,-4.814459471966759,-6.708252507077354,-6.9260492844118176,8.598297701114266,13.395719336407785,0.7258839859348197,490,142,0.47766666666666663,0.32816666666666666,0.3395,0.6605,0.6605,0.658,4.0,5.85207100591716,4.0,6.0,0.9053254437869822,0.09467455621301775,8.0,10,discounted_lints,hybrid,z72_a0p5_hybrid_corr5_bsstablehie5_top10,72
3143,3,-4.417200559614819,0.5,-5.581547808727135,-0.9241588122778718,-5.581547808727135,-6.449926868813239,-6.633895438103165,8.877800773986543,10.757859342517161,0.68117799367242,506,150,0.4788333333333334,0.3378333333333334,0.35150000000000003,0.6485,0.6485,0.6435,4.0,5.645714285714286,4.0,5.0,0.9066666666666666,0.09333333333333334,8.0,10,discounted_lints,hybrid,z72_a0p5_hybrid_corr5_bsstablehie5_top10,72
3142,3,-1.274877883004232,0.5,-1.4907730877942542,-0.6271922686341654,-1.4907730877942542,-2.097940745979421,-0.41238503544615,4.002029208024915,6.669783811274854,0.8822698194684734,285,56,0.33049999999999996,0.19033333333333333,0.1915,0.8085,0.8085,0.807,4.0,6.333333333333333,4.0,5.0,0.8958333333333334,0.10416666666666667,9.0,11,discounted_lints,hybrid,z72_a0p5_hybrid_corr5_bsstablehie5_top10,72
3143,3,-2.725159670090213,0.5,-3.4846490859288295,-0.44669142257436345,-3.4846490859288295,-3.918379667583094,-4.3861911639369255,6.275197662188258,7.628929445479504,0.7017622425456079,261,69,0.29833333333333334,0.17433333333333334,0.19199999999999995,0.808,0.808,0.803,4.0,6.416666666666667,4.0,7.0,0.8541666666666666,0.14583333333333334,10.0,11,discounted_lints,hybrid,z72_a0p5_hybrid_corr5_bsstablehie5_top10,72
3142,3,-3.8307183655776313,0.5,-4.85869121399688,-0.7467998203198839,-4.85869121399688,-5.58385802901108,-5.269934247107411,6.89440084921753,10.688110833579078,0.5466396698779986,283,87,0.32,0.18883333333333333,0.1935,0.8065,0.8065,0.805,4.0,6.482758620689655,4.0,5.5,0.865979381443299,0.13402061855670103,10.0,12,discounted_lints,hybrid,z72_a0p5_hybrid_corr5_bsstablehie5_top10,72
3143,3,-1.6584449954874743,0.5,-2.044199542680421,-0.5011813539086344,-2.044199542680421,-2.5606460120496646,-3.504561854402477,5.528804770143692,5.603363654591432,0.7811790005326285,286,80,0.30750000000000005,0.1915,0.1955,0.8045,0.8045,0.803,4.0,6.148148148148148,4.0,5.0,0.8703703703703703,0.12962962962962962,9.0,12,discounted_lints,hybrid,z72_a0p5_hybrid_corr5_bsstablehie5_top10,72
3142,3,-1.7191041769062405,0.5,-1.7724241214042629,-1.7724241214042629,-1.559144343412174,-3.330428434799334,-3.16610224563344,5.637019524680653,6.1178667000297065,0.6447855510215472,206,48,0.2861666666666667,0.1376666666666667,0.134,0.866,0.866,0.863,4.0,6.985074626865671,4.0,8.0,0.7912087912087912,0.2087912087912088,12.0,13,discounted_lints,hybrid,z72_a0p5_hybrid_corr5_bsstablehie5_top10,72
3143,3,-3.958668865434621,0.5,-4.756048076202053,-1.5665312331323251,-4.756048076202053,-6.2703832760134945,-5.495382303911112,7.8557224329031445,10.290179733075245,0.59155649724798,308,77,0.36549999999999994,0.2061666666666667,0.16349999999999998,0.8365,0.8365,0.8315,4.0,7.077922077922078,4.0,5.0,0.8311688311688312,0.16883116883116883,10.5,13,discounted_lints,hybrid,z72_a0p5_hybrid_corr5_bsstablehie5_top10,72
3142,3,-1.8817060928548355,0.5,-2.158241996914323,-1.052098380676373,-2.158241996914323,-3.224527281404891,-2.8070662196195695,6.02308450708856,6.934908207751189,0.7350347516222114,256,77,0.2993333333333333,0.17166666666666666,0.16400000000000003,0.836,0.836,0.833,4.0,6.556701030927835,4.0,5.0,0.845360824742268,0.15463917525773196,10.0,14,discounted_lints,hybrid,z72_a0p5_hybrid_corr5_bsstablehie5_top10,72
3143,3,-2.666111418668358,0.5,-3.628047885101212,0.21969798063020315,-3.628047885101212,-3.463450822451552,-5.505522746165892,6.325650067360367,9.877888297932868,0.7542637299203393,332,81,0.36116666666666664,0.2215,0.1795,0.8205,0.8205,0.8155,4.0,6.925925925925926,4.0,7.0,0.8395061728395061,0.16049382716049382,9.0,14,discounted_lints,hybrid,z72_a0p5_hybrid_corr5_bsstablehie5_top10,72
3142,3,-3.357773408826117,0.5,-3.8100228552777247,-2.0010250694712926,-3.8100228552777247,-5.715869766710372,-3.1586082793363945,9.013226726793189,11.340685273878249,0.6889545086440356,350,101,0.37166666666666665,0.23416666666666666,0.20550000000000002,0.7945,0.7945,0.7895,4.0,6.336633663366337,4.0,5.75,0.8811881188118812,0.1188118811881188,10.0,15,discounted_lints,hybrid,z72_a0p5_hybrid_corr5_bsstablehie5_top10,72
3143,3,-3.627794083366549,0.5,-3.995970707348262,-2.5232642114214094,-3.995970707348262,-6.414092007590573,-5.483619617123137,8.066907253871369,8.688002864981337,0.5677812514873191,290,90,0.3666666666666667,0.19483333333333333,0.1895,0.8105,0.8105,0.807,4.0,6.797872340425532,4.0,7.75,0.8222222222222222,0.17777777777777778,12.0,15,discounted_lints,hybrid,z72_a0p5_hybrid_corr5_bsstablehie5_top10,72
3142,3,-4.313726568942774,0.5,-4.913518418278126,-2.5143510209367186,-4.913518418278126,-7.305285931571966,-7.001192921189315,9.203409235355842,9.768220086798296,0.7315657272977509,579,187,0.5491666666666667,0.3861666666666667,0.39,0.61,0.61,0.608,4.0,5.8,4.0,5.0,0.8871794871794871,0.11282051282051282,7.0,0,discounted_linucb,corr,z24_a0p5_corr_pruned_top10,24
3142,3,-3.638733362039941,0.5,-4.502988443741821,-1.0459681169343,-4.502988443741821,-5.495067993347732,-5.329083550363157,7.54424114155775,11.060762496361399,0.7719580906066801,515,162,0.541,0.34400000000000003,0.3385,0.6615,0.6615,0.657,4.0,6.165680473372781,4.0,6.0,0.8402366863905325,0.15976331360946747,9.0,1,discounted_linucb,corr,z24_a0p5_corr_pruned_top10,24
3142,3,-5.437968352749664,0.5,-6.567885298171006,-2.048217516485636,-6.567885298171006,-8.488822006250237,-6.4367042438647655,9.829331284130905,15.646086502736745,0.674102679213409,579,187,0.5101666666666667,0.38600000000000007,0.382,0.618,0.618,0.6155,4.0,5.059701492537314,4.0,5.0,0.93048128342246,0.06951871657754011,7.0,2,discounted_linucb,corr,z24_a0p5_corr_pruned_top10,24
3142,3,-6.061415356981197,0.5,-7.673176147990865,-1.2261329839521957,-7.673176147990865,-8.81907612267897,-9.962633068713089,11.253168068855334,11.736283563145433,0.6420562421851883,503,141,0.5265,0.3353333333333333,0.33399999999999996,0.666,0.666,0.6625,4.0,5.910179640718563,4.0,6.0,0.8622754491017964,0.1377245508982036,8.0,3,discounted_linucb,corr,z24_a0p5_corr_pruned_top10,24
3142,3,-5.179658204479433,0.5,-6.2074120564982,-2.0963966484231342,-6.2074120564982,-8.193105025952427,-6.916154953260934,9.475213670183091,13.54065432056304,0.6637427895314595,568,178,0.5541666666666666,0.3786666666666667,0.386,0.614,0.614,0.6115,4.0,5.937823834196891,4.0,6.0,0.8808290155440415,0.11917098445595854,7.0,4,discounted_linucb,corr,z24_a0p5_corr_pruned_top10,24
3142,3,-3.293043250669236,0.5,-4.195970796135957,-0.584260614269072,-4.195970796135957,-4.75230369013356,-4.210160505052141,8.738859882729777,9.894725372423219,0.7284153557378611,481,147,0.5345,0.3205,0.31200000000000006,0.688,0.688,0.683,4.0,6.705128205128205,4.0,7.0,0.8367346938775511,0.16326530612244897,10.0,5,discounted_linucb,corr,z24_a0p5_corr_pruned_top10,24
3142,3,-3.5479445116558512,0.5,-4.427220053726203,-0.9101178854447944,-4.427220053726203,-5.311403446630484,-5.29343054236665,7.542311194916918,11.52246421380313,0.7854280466575593,558,178,0.5579999999999999,0.37166666666666665,0.362,0.638,0.638,0.635,4.0,5.928176795580111,4.0,6.0,0.861878453038674,0.13812154696132597,8.5,6,discounted_linucb,corr,z24_a0p5_corr_pruned_top10,24
3142,3,-3.592477011620526,0.5,-4.422510843325289,-1.1023755165062377,-4.422510843325289,-5.465331070395937,-4.2937011733423125,11.301241281872654,12.300297090688916,0.7610004503019792,489,157,0.5126666666666666,0.326,0.32599999999999996,0.674,0.674,0.672,4.0,6.423312883435583,4.0,6.0,0.8343949044585988,0.16560509554140126,9.0,7,discounted_linucb,corr,z24_a0p5_corr_pruned_top10,24
3142,3,-3.6296656802150737,0.5,-4.583607987399955,-0.7678387586604293,-4.583607987399955,-5.335272942115051,-5.079303611155728,8.793702026921013,9.214207017252885,0.7685231473144548,539,162,0.5379999999999999,0.3591666666666667,0.368,0.632,0.632,0.63,4.0,5.967391304347826,4.0,6.0,0.8695652173913043,0.13043478260869565,7.0,8,discounted_linucb,corr,z24_a0p5_corr_pruned_top10,24
3142,3,-3.6503004298832336,0.5,-4.331746652691167,-1.6059617614594328,-4.331746652691167,-5.861122625995534,-6.35404602604609,9.378567808444293,11.349139702057453,0.7034808457686058,471,131,0.5361666666666666,0.31383333333333335,0.32799999999999996,0.672,0.672,0.6695,4.0,6.585365853658536,4.0,7.0,0.8292682926829268,0.17073170731707318,8.0,9,discounted_linucb,corr,z24_a0p5_corr_pruned_top10,24
3142,3,-6.282166791610498,0.5,-7.935245983959779,-1.3229292145626588,-7.935245983959779,-9.122065415688427,-10.109134773519546,12.389440940521224,13.19701232669347,0.6493404144360004,490,150,0.5308333333333333,0.32649999999999996,0.33599999999999997,0.664,0.664,0.662,4.0,6.541666666666667,4.0,7.0,0.8452380952380952,0.15476190476190477,9.0,10,discounted_linucb,corr,z24_a0p5_corr_pruned_top10,24
3142,3,-3.584917773201828,0.5,-4.712340850533258,-0.20264854120753592,-4.712340850533258,-4.888602910152159,-7.074852075387339,9.303872697550652,10.190207249946138,0.6925984320469313,518,162,0.5425,0.3453333333333333,0.33199999999999996,0.668,0.668,0.663,4.0,6.325301204819277,4.0,7.0,0.8493975903614458,0.15060240963855423,9.0,11,discounted_linucb,corr,z24_a0p5_corr_pruned_top10,24
3142,3,-5.055265044277245,0.5,-6.225953930262267,-1.5431983863221792,-6.225953930262267,-7.640604775957047,-6.473049523300811,9.17495107127857,14.858729319659147,0.7174773505409868,512,160,0.5483333333333333,0.3418333333333334,0.3405,0.6595,0.6595,0.657,4.0,6.15934065934066,4.0,6.0,0.85,0.15,8.0,12,discounted_linucb,corr,z24_a0p5_corr_pruned_top10,24
3142,3,-3.5085561276487827,0.5,-4.776996764878572,0.2967657840405831,-4.776996764878572,-4.488343818158787,-5.512012359377305,8.183578324783126,8.910083140710146,0.7716750377536136,462,130,0.5165000000000001,0.3086666666666667,0.33199999999999996,0.668,0.668,0.6655,4.0,6.475903614457831,4.0,7.0,0.8132530120481928,0.18674698795180722,9.0,13,discounted_linucb,corr,z24_a0p5_corr_pruned_top10,24
3142,3,-3.790929943907555,0.5,-4.690666365293694,-1.0917206797491381,-4.690666365293694,-5.7079139501154765,-5.947092318809199,9.180603037169021,11.467526066386924,0.7428675026413405,500,144,0.5275,0.33316666666666667,0.33799999999999997,0.662,0.662,0.659,4.0,6.0,4.0,6.0,0.863905325443787,0.13609467455621302,8.0,14,discounted_linucb,corr,z24_a0p5_corr_pruned_top10,24
3142,3,-4.3060455350657145,0.5,-5.125788385916629,-1.8468169825129703,-5.125788385916629,-6.874911723736024,-7.6567745805755205,11.276430146057647,11.640735897782061,0.6708756395052315,469,144,0.521,0.31283333333333335,0.3085,0.6915,0.6915,0.689,4.0,6.383116883116883,4.0,7.0,0.8245614035087719,0.17543859649122806,10.0,15,discounted_linucb,corr,z24_a0p5_corr_pruned_top10,24
3142,3,-4.015739433676508,0.5,-4.835319826065269,-1.5569982565102265,-4.835319826065269,-6.358071805536954,-5.965031633928364,8.269851538161122,10.861826860736379,0.6424358184890782,474,144,0.504,0.3156666666666666,0.2995,0.7005,0.7005,0.699,4.0,6.113333333333333,4.0,5.0,0.8466666666666667,0.15333333333333332,8.0,0,discounted_linucb,hybrid,z72_a0p5_hybrid_corr5_bsstablehie5_top10,72
3142,3,-4.368475279414914,0.5,-5.731625762799482,-0.279023829261212,-5.731625762799482,-5.993965969166903,-5.414276144198826,8.537562870333348,9.809368637876215,0.6433433957957323,354,87,0.3861666666666666,0.23550000000000001,0.21150000000000002,0.7885,0.7885,0.7835,4.0,7.481132075471698,4.0,7.0,0.8301886792452831,0.16981132075471697,10.5,1,discounted_linucb,hybrid,z72_a0p5_hybrid_corr5_bsstablehie5_top10,72
3142,3,-5.076483726176397,0.5,-6.270888869322906,-1.4932682967368678,-6.270888869322906,-7.688148364070268,-7.289332980399433,10.646250215200103,11.511916816238909,0.6510174567108641,469,142,0.5036666666666667,0.3128333333333333,0.2875,0.7125,0.7125,0.711,4.0,6.333333333333333,4.0,5.0,0.8402777777777778,0.1597222222222222,8.0,2,discounted_linucb,hybrid,z72_a0p5_hybrid_corr5_bsstablehie5_top10,72
3142,3,-2.170078695218176,0.5,-2.513162737189449,-1.1408265693043578,-2.513162737189449,-3.632214005278019,-3.317863175973912,5.984277284554529,7.482169145629269,0.6576826480638313,224,64,0.27016666666666667,0.15016666666666664,0.14349999999999996,0.8565,0.8565,0.8515,4.0,6.796875,4.0,6.0,0.8125,0.1875,11.5,3,discounted_linucb,hybrid,z72_a0p5_hybrid_corr5_bsstablehie5_top10,72
3142,3,-3.518173404531766,0.5,-4.449530135678148,-0.7241032110926193,-4.449530135678148,-5.1563049978458695,-6.316840493266184,7.462338443893268,8.684858055497912,0.6960912080345429,280,78,0.3425,0.1875,0.15949999999999998,0.8405,0.8405,0.837,4.0,6.942622950819672,4.0,6.0,0.85,0.15,11.0,4,discounted_linucb,hybrid,z72_a0p5_hybrid_corr5_bsstablehie5_top10,72
3142,3,-2.5621459600867924,0.5,-3.0526115551268718,-1.0907491749665545,-3.0526115551268718,-4.1515404364100466,-4.5649782731192134,6.19487861419471,8.924859926367235,0.6900632095160286,297,92,0.35516666666666663,0.19883333333333333,0.1855,0.8145,0.8145,0.8095,4.0,7.086021505376344,4.0,7.0,0.8260869565217391,0.17391304347826086,10.0,5,discounted_linucb,hybrid,z72_a0p5_hybrid_corr5_bsstablehie5_top10,72
3142,3,-3.6668416217730666,0.5,-4.551471196099551,-1.012952898793614,-4.551471196099551,-5.518447984907919,-4.558255178005499,8.016887615912516,10.007763598034913,0.7240643324081528,367,97,0.38800000000000007,0.24450000000000002,0.22999999999999998,0.77,0.77,0.7655,4.0,6.4,4.0,5.0,0.8956521739130435,0.10434782608695652,10.0,6,discounted_linucb,hybrid,z72_a0p5_hybrid_corr5_bsstablehie5_top10,72
3142,3,-5.57400640872493,0.5,-6.546148815174757,-2.657579189375451,-6.546148815174757,-9.026385103905492,-8.140496137945119,10.548067517238557,13.635606868711637,0.5142909324222167,428,127,0.4335,0.2855,0.2875,0.7125,0.7125,0.7075,4.0,5.881889763779528,4.0,5.0,0.8853503184713376,0.11464968152866242,8.0,7,discounted_linucb,hybrid,z72_a0p5_hybrid_corr5_bsstablehie5_top10,72
3142,3,-4.963215214787578,0.5,-6.486890890443249,-0.39218818782056725,-6.486890890443249,-6.888332201531824,-6.8866827940966875,9.516895738573371,12.323391140128626,0.6609203001148894,434,124,0.45966666666666667,0.2896666666666667,0.26949999999999996,0.7305,0.7305,0.729,4.0,6.837037037037037,4.0,6.0,0.8444444444444444,0.15555555555555556,8.0,8,discounted_linucb,hybrid,z72_a0p5_hybrid_corr5_bsstablehie5_top10,72
3142,3,-4.052713583665824,0.5,-4.929888725532957,-1.4211881580644237,-4.929888725532957,-6.308742714180194,-6.676698216419508,8.578182323795625,11.524923070149985,0.6632195654952522,431,127,0.46316666666666667,0.28883333333333333,0.26749999999999996,0.7325,0.7325,0.729,4.0,6.075187969924812,4.0,4.0,0.8661417322834646,0.13385826771653545,7.0,9,discounted_linucb,hybrid,z72_a0p5_hybrid_corr5_bsstablehie5_top10,72
3142,3,-4.359566259973345,0.5,-5.518114795570672,-0.8839206531813654,-5.518114795570672,-6.35591688081814,-6.141143594722709,8.190397811763184,13.310211164532927,0.6219167437073373,480,135,0.5141666666666667,0.31949999999999995,0.3295,0.6705,0.6705,0.669,4.0,5.988888888888889,4.0,5.0,0.8727272727272727,0.12727272727272726,7.0,10,discounted_linucb,hybrid,z72_a0p5_hybrid_corr5_bsstablehie5_top10,72
3142,3,-4.878651988685013,0.5,-5.545770317630346,-2.8772970018490143,-5.545770317630346,-8.263813095939371,-8.828844900048448,10.543206660704119,11.867432939402756,0.530059763844295,406,106,0.4046666666666667,0.2715,0.21550000000000002,0.7845,0.7845,0.7795,4.0,6.2075471698113205,4.0,5.0,0.8411214953271028,0.1588785046728972,8.0,11,discounted_linucb,hybrid,z72_a0p5_hybrid_corr5_bsstablehie5_top10,72
3142,3,-3.127737966109134,0.5,-3.820056854528024,-1.050781300852462,-3.820056854528024,-4.842454126609559,-5.006314710551063,7.394804987427383,8.478910871794055,0.7617792338268304,386,117,0.44916666666666666,0.2575,0.23950000000000005,0.7605,0.7605,0.7555,4.0,7.188034188034188,4.0,6.0,0.8583333333333333,0.14166666666666666,8.0,12,discounted_linucb,hybrid,z72_a0p5_hybrid_corr5_bsstablehie5_top10,72
3142,3,-4.158149392794677,0.5,-4.947370242910842,-1.7904868424461817,-4.947370242910842,-6.667668511718983,-7.716615244638536,10.176182496099695,11.067904236288129,0.6398487443442442,400,96,0.3945,0.2675,0.20750000000000002,0.7925,0.7925,0.7875,4.0,6.1875,4.0,5.0,0.883495145631068,0.11650485436893204,9.0,13,discounted_linucb,hybrid,z72_a0p5_hybrid_corr5_bsstablehie5_top10,72
3142,3,-3.794466610453914,0.5,-4.497098716925977,-1.6865702910377258,-4.497098716925977,-6.124199692800981,-5.0765050726007015,9.409454838891374,9.643948637750267,0.6908833232841536,459,125,0.4638333333333333,0.30550000000000005,0.27949999999999997,0.7205,0.7205,0.7155,4.0,6.628571428571429,4.0,5.0,0.8714285714285714,0.12857142857142856,8.0,14,discounted_linucb,hybrid,z72_a0p5_hybrid_corr5_bsstablehie5_top10,72
3142,3,-3.374844185783779,0.5,-4.143072104577257,-1.070160429403344,-4.143072104577257,-5.226223949955077,-6.041186272612098,7.249552472903186,8.453886942253419,0.5357193931155741,282,76,0.333,0.18766666666666668,0.1875,0.8125,0.8125,0.811,4.0,7.052631578947368,4.0,6.0,0.8404255319148937,0.1595744680851064,11.0,15,discounted_linucb,hybrid,z72_a0p5_hybrid_corr5_bsstablehie5_top10,72
3142,3,-3.0444274286811432,0.5,-3.190737859276009,-2.6054961368965457,-3.190737859276009,-5.717577940909076,-6.199988871840034,7.732649872422237,8.111293898309436,0.7623430988355543,605,193,0.5670000000000001,0.403,0.39549999999999996,0.6045,0.6045,0.603,4.0,5.528497409326425,4.0,5.0,0.9222797927461139,0.07772020725388601,7.0,0,sw_lints,corr,z48_a0p5_corr_pruned_top10,48
3143,3,-4.218390674782777,0.5,-4.990098944276752,-1.9032658663008517,-4.990098944276752,-6.810076441069513,-8.148203189548543,8.960074076192715,10.923552879848353,0.6668305078080288,670,208,0.5303333333333332,0.44683333333333336,0.4475,0.5525,0.5525,0.551,4.0,4.763392857142857,4.0,4.0,0.9705882352941176,0.029411764705882353,7.0,0,sw_lints,corr,z48_a0p5_corr_pruned_top10,48
3142,3,-4.020677913011064,0.5,-5.529759568562347,0.506567053642785,-5.529759568562347,-5.047354978141831,-3.2747895554034567,9.528133994806309,12.628095424825037,0.7659680502650074,486,136,0.5219999999999999,0.324,0.29400000000000004,0.706,0.706,0.701,4.0,6.870748299319728,4.0,7.0,0.8163265306122449,0.1836734693877551,9.0,1,sw_lints,corr,z48_a0p5_corr_pruned_top10,48
3143,3,-4.387352423270361,0.5,-5.005281582626201,-2.533564945202841,-5.005281582626201,-7.418619950854314,-6.94442360612928,8.09221551756173,10.499590854995178,0.6645929812514685,549,177,0.4875,0.3665,0.366,0.634,0.634,0.631,4.0,5.175141242937853,4.0,5.0,0.9378531073446328,0.062146892655367235,8.0,1,sw_lints,corr,z48_a0p5_corr_pruned_top10,48
3142,3,-4.63143874333261,0.5,-6.2055650635942206,0.09094021745222151,-6.2055650635942206,-6.125965740347939,-4.0968130029450105,9.809887131176499,12.668403109511372,0.7460494550156301,465,137,0.5449999999999999,0.31033333333333335,0.2975,0.7025,0.7025,0.6975,4.0,7.759124087591241,4.0,6.0,0.8378378378378378,0.16216216216216217,8.0,2,sw_lints,corr,z48_a0p5_corr_pruned_top10,48
3143,3,-4.186450837766311,0.5,-5.010706535663793,-1.7136837440738646,-5.010706535663793,-6.647712591135946,-7.332449345860715,10.8545980843627,11.461401981186004,0.6858325994487571,476,149,0.5265,0.31766666666666665,0.3035,0.6965,0.6965,0.6935,4.0,6.993288590604027,4.0,5.0,0.8657718120805369,0.1342281879194631,7.5,2,sw_lints,corr,z48_a0p5_corr_pruned_top10,48
3142,3,-6.1884972955674655,0.5,-7.266948151560567,-2.953144727588164,-7.266948151560567,-9.982968768602415,-8.668742427904075,10.369359385993459,16.420920308177944,0.6747678299995487,629,201,0.5543333333333333,0.41966666666666663,0.4215,0.5785,0.5785,0.5755,4.0,5.343283582089552,4.0,6.0,0.9402985074626866,0.05970149253731343,8.0,3,sw_lints,corr,z48_a0p5_corr_pruned_top10,48
3143,3,-5.122477942179838,0.5,-6.309829878416495,-1.560422133469867,-6.309829878416495,-7.733789333187964,-6.324207541438742,7.906478595843702,14.643827286596833,0.6856698554644056,606,184,0.5651666666666667,0.4043333333333334,0.4135,0.5865,0.5865,0.5835,4.0,5.5978260869565215,4.0,5.0,0.9184782608695652,0.08152173913043478,8.0,3,sw_lints,corr,z48_a0p5_corr_pruned_top10,48
3142,3,-5.764845506324356,0.5,-6.40715293173425,-3.8379232300946753,-6.40715293173425,-9.959353617623565,-11.82379236575899,13.644021913913118,15.090841116519528,0.6080852335194885,589,160,0.5748333333333333,0.3933333333333333,0.4175,0.5825,0.5825,0.581,4.0,5.626794258373206,4.0,6.0,0.9186602870813397,0.08133971291866028,8.0,4,sw_lints,corr,z48_a0p5_corr_pruned_top10,48
3143,3,-4.284305969754669,0.5,-4.708603293540107,-3.0114139983983566,-4.708603293540107,-7.582896625038553,-8.509657984131646,10.97159191928505,14.015274149729828,0.7128905416470174,618,197,0.5665,0.4126666666666667,0.4195,0.5805,0.5805,0.579,4.0,5.629441624365482,4.0,6.0,0.9138755980861244,0.0861244019138756,8.0,4,sw_lints,corr,z48_a0p5_corr_pruned_top10,48
3142,3,-3.8526235850214086,0.5,-4.084033086471624,-3.1583950806707612,-4.084033086471624,-7.133875205630187,-6.69009383978536,7.535444623000032,11.291640097215438,0.6657038052769588,597,181,0.5456666666666666,0.39866666666666667,0.4075,0.5925,0.5925,0.5875,4.0,5.596685082872928,4.0,5.0,0.9226519337016574,0.07734806629834254,7.0,5,sw_lints,corr,z48_a0p5_corr_pruned_top10,48
3143,3,-6.457904095878504,0.5,-7.090675161489705,-4.5595908990449034,-7.090675161489705,-11.299978834372082,-13.417374582648678,13.417374582649533,15.660139506962768,0.5414353781240913,560,179,0.5311666666666666,0.37366666666666665,0.37949999999999995,0.6205,0.6205,0.6175,4.0,5.731843575418995,4.0,5.0,0.8938547486033519,0.10614525139664804,8.0,5,sw_lints,corr,z48_a0p5_corr_pruned_top10,48
3142,3,-4.505498611479991,0.5,-5.414810170310773,-1.777563934987647,-5.414810170310773,-7.088092917096767,-8.05253719809993,9.712940069509612,11.591798483181293,0.7063953163196907,552,151,0.513,0.3686666666666667,0.39049999999999996,0.6095,0.6095,0.605,4.0,4.805128205128205,4.0,4.0,0.9487179487179487,0.05128205128205128,7.0,6,sw_lints,corr,z48_a0p5_corr_pruned_top10,48
3143,3,-3.8066762288664124,0.5,-4.966124626053496,-0.3283310373051629,-4.966124626053496,-5.269614617543746,-4.816416816974012,8.805242710312445,9.173087104804434,0.7824322155351856,502,165,0.5205000000000001,0.3356666666666667,0.3375,0.6625,0.6625,0.661,4.0,5.828402366863905,4.0,5.0,0.8875739644970414,0.11242603550295859,8.0,6,sw_lints,corr,z48_a0p5_corr_pruned_top10,48
3142,3,-5.852490741244971,0.5,-7.309764960584308,-1.4806680832269585,-7.309764960584308,-8.634538840056036,-9.587189289162124,11.617585084934346,15.305284420709864,0.6309508176631152,494,144,0.5303333333333334,0.329,0.3195,0.6805,0.6805,0.679,4.0,6.01875,4.0,5.0,0.88125,0.11875,8.0,7,sw_lints,corr,z48_a0p5_corr_pruned_top10,48
3143,3,-5.210533446793191,0.5,-6.357171936544603,-1.7706179775389537,-6.357171936544603,-8.003726814047207,-9.25232134395868,9.37349138194714,12.691825069908425,0.6309817268480811,504,143,0.5273333333333333,0.33699999999999997,0.358,0.642,0.642,0.64,4.0,5.615384615384615,4.0,5.0,0.8956043956043956,0.1043956043956044,7.0,7,sw_lints,corr,z48_a0p5_corr_pruned_top10,48
3142,3,-5.47107283914297,0.5,-6.271564609074484,-3.0695975293484263,-6.271564609074484,-9.171120796770326,-9.890403255121317,10.786299900834262,13.970565380125011,0.550213972767655,393,125,0.5295000000000001,0.2625,0.26549999999999996,0.7345,0.7345,0.7315,4.0,8.24,4.0,9.0,0.7575757575757576,0.24242424242424243,11.0,8,sw_lints,corr,z48_a0p5_corr_pruned_top10,48
3143,3,-4.732935206564214,0.5,-5.133554689142213,-3.5310767588302205,-5.133554689142213,-8.50822465081279,-7.711052642027083,12.91368097941482,13.42244761826662,0.6304410126945698,407,126,0.5166666666666667,0.27166666666666667,0.268,0.732,0.732,0.729,4.0,7.701492537313433,4.0,6.75,0.8231292517006803,0.17687074829931973,9.0,8,sw_lints,corr,z48_a0p5_corr_pruned_top10,48
3142,3,-5.504899048906513,0.5,-6.660307553931706,-2.0386735338309294,-6.660307553931706,-8.582544162428519,-7.715579120680749,10.578302963944285,14.32854114398825,0.6413799538830272,487,143,0.5333333333333333,0.3256666666666666,0.34550000000000003,0.6545,0.6545,0.653,4.0,6.255813953488372,4.0,5.0,0.8546511627906976,0.14534883720930233,8.0,9,sw_lints,corr,z48_a0p5_corr_pruned_top10,48
3143,3,-3.595421276323119,0.5,-4.259911372728413,-1.6019509871072366,-4.259911372728413,-5.766688896304672,-8.254533475460946,12.646957741966924,13.431278045449247,0.6836355907063859,468,143,0.5235,0.31283333333333335,0.3095,0.6905,0.6905,0.689,4.0,6.292207792207792,4.0,5.0,0.8713450292397661,0.1286549707602339,9.0,9,sw_lints,corr,z48_a0p5_corr_pruned_top10,48
3142,3,-4.897728425741717,0.5,-6.04111757096133,-1.4675609900828797,-6.04111757096133,-7.406535399104082,-8.23793550899926,11.031626225311953,11.795218273747698,0.688805430005708,582,190,0.5695,0.38833333333333336,0.38749999999999996,0.6125,0.6125,0.61,4.0,5.815789473684211,4.0,6.0,0.8947368421052632,0.10526315789473684,8.0,10,sw_lints,corr,z48_a0p5_corr_pruned_top10,48
3143,3,-4.961013732261499,0.5,-5.854812526431963,-2.2796173497501075,-5.854812526431963,-7.994592874938044,-6.963638944377449,10.258223655642528,15.589902679683343,0.6518369826695156,573,174,0.5535,0.3821666666666667,0.39549999999999996,0.6045,0.6045,0.6015,4.0,5.721393034825871,4.0,6.0,0.9191919191919192,0.08080808080808081,8.0,10,sw_lints,corr,z48_a0p5_corr_pruned_top10,48
3142,3,-4.658960981620745,0.5,-6.178684299584425,-0.09979102772970465,-6.178684299584425,-6.274274587848963,-4.554728567442656,9.57323607595304,12.985873097206236,0.7746566031271465,517,163,0.5101666666666667,0.3451666666666667,0.35150000000000003,0.6485,0.6485,0.647,4.0,5.779141104294479,4.0,5.0,0.9079754601226994,0.09202453987730061,7.0,11,sw_lints,corr,z48_a0p5_corr_pruned_top10,48
3143,3,-5.180240133607793,0.5,-6.527915292202802,-1.1372146578227678,-6.527915292202802,-7.63273558996899,-6.60849525392575,9.763391886226923,13.006361558520041,0.7094005132721395,538,172,0.502,0.359,0.35950000000000004,0.6405,0.6405,0.639,4.0,5.338888888888889,4.0,4.0,0.9193548387096774,0.08064516129032258,7.0,11,sw_lints,corr,z48_a0p5_corr_pruned_top10,48
3142,3,-4.578127671067913,0.5,-5.310226528172413,-2.381831099754413,-5.310226528172413,-7.567824580537586,-8.811934105151554,10.528237346217239,11.25203666023653,0.7100566309143069,591,193,0.5705,0.39433333333333337,0.386,0.614,0.614,0.6115,4.0,5.891191709844559,4.0,6.0,0.9067357512953368,0.09326424870466321,8.0,12,sw_lints,corr,z48_a0p5_corr_pruned_top10,48
3143,3,-7.00770366708151,0.5,-8.05988675271155,-3.8511544101913895,-8.05988675271155,-11.513558864515035,-7.815776554220677,12.06557075377489,20.023274025561342,0.6271203942012132,576,180,0.5733333333333334,0.38483333333333336,0.368,0.632,0.632,0.629,4.0,6.016304347826087,4.0,6.0,0.8858695652173914,0.11413043478260869,8.0,12,sw_lints,corr,z48_a0p5_corr_pruned_top10,48
3142,3,-5.023462460178508,0.5,-5.805765047848155,-2.6765546971695677,-5.805765047848155,-8.256896998112843,-4.105750492643512,8.673793064631074,17.26963717793135,0.784048830476383,602,164,0.48733333333333334,0.40116666666666667,0.43600000000000005,0.564,0.564,0.561,4.0,4.55,4.0,4.0,0.9636363636363636,0.03636363636363636,7.0,13,sw_lints,corr,z48_a0p5_corr_pruned_top10,48
3143,3,-4.32437533875088,0.5,-5.809325625151492,0.13047552045095667,-5.809325625151492,-5.691293711553002,-5.89551464992385,7.909309333437198,10.521204839984765,0.7117731150250187,500,156,0.5321666666666667,0.3336666666666666,0.3315,0.6685,0.6685,0.667,4.0,5.9397590361445785,4.0,5.75,0.8717948717948718,0.1282051282051282,8.0,13,sw_lints,corr,z48_a0p5_corr_pruned_top10,48
3142,3,-4.66064863663672,0.5,-5.879474930622552,-1.004169754679222,-5.879474930622552,-6.809093547816384,-8.123379174575152,11.502761127685602,12.355331723197594,0.662152240985322,501,153,0.5291666666666667,0.3348333333333333,0.33899999999999997,0.661,0.661,0.659,4.0,5.792899408284024,4.0,5.0,0.893491124260355,0.10650887573964497,7.0,14,sw_lints,corr,z48_a0p5_corr_pruned_top10,48
3143,3,-4.957588331958007,0.5,-6.024850319412452,-1.7558023695946723,-6.024850319412452,-7.66771025635012,-9.884348785227093,10.807725676293224,11.664053931498675,0.6090938997721378,518,148,0.5238333333333333,0.3463333333333333,0.35350000000000004,0.6465,0.6465,0.645,4.0,6.119318181818182,4.0,5.0,0.9278350515463918,0.07216494845360824,7.0,14,sw_lints,corr,z48_a0p5_corr_pruned_top10,48
3142,3,-3.664991079759325,0.5,-4.752003870793905,-0.4039527066555859,-4.752003870793905,-5.121636679458467,-3.478064518140156,5.063872196303743,11.316075262807734,0.7732001727221306,534,156,0.5015,0.3566666666666667,0.36650000000000005,0.6335,0.6335,0.629,4.0,5.112820512820512,4.0,4.5,0.9289617486338798,0.07103825136612021,7.0,15,sw_lints,corr,z48_a0p5_corr_pruned_top10,48
3143,3,-3.867124740385687,0.5,-4.197577191700275,-2.875767386441922,-4.197577191700275,-6.949305660202687,-8.406606267919503,9.65996350569588,10.567335903936659,0.663997525023271,504,153,0.5261666666666666,0.3365,0.34750000000000003,0.6525,0.6525,0.651,4.0,5.816091954022989,4.0,5.0,0.8850574712643678,0.11494252873563218,7.0,15,sw_lints,corr,z48_a0p5_corr_pruned_top10,48
3142,3,-3.363815400687158,0.5,-4.348865300749742,-0.4086657004994036,-4.348865300749742,-4.742229174032531,-5.139556977669956,8.445991022747156,8.70753053544442,0.7025591382319253,505,166,0.53,0.3375000000000001,0.3355,0.6645,0.6645,0.6615,4.0,6.0602409638554215,4.0,5.0,0.9127906976744186,0.0872093023255814,8.0,0,sw_lints,hybrid,z72_a0p5_hybrid_corr5_bsstablehie5_top10,72
3143,3,-5.6249677152460755,0.5,-6.441286219207465,-3.1760122033619034,-6.441286219207465,-9.416788951086982,-9.851636547757236,12.272305918345738,12.29480376045351,0.5841022089916178,519,160,0.4888333333333333,0.3475,0.35350000000000004,0.6465,0.6465,0.6415,4.0,5.58125,4.0,5.0,0.9398907103825137,0.060109289617486336,8.0,0,sw_lints,hybrid,z72_a0p5_hybrid_corr5_bsstablehie5_top10,72
3142,3,-3.010917572402163,0.5,-3.047033384234314,-2.90257013690571,-3.047033384234314,-5.851036626213319,-4.167452519458347,8.348060344872088,10.273623851886493,0.6244813974966624,302,85,0.4083333333333334,0.20283333333333334,0.1835,0.8165,0.8165,0.813,4.0,8.571428571428571,4.0,7.0,0.8,0.2,11.0,1,sw_lints,hybrid,z72_a0p5_hybrid_corr5_bsstablehie5_top10,72
3143,3,-2.9295526599809776,0.5,-3.9878902509675185,0.245460112978646,-3.9878902509675185,-3.7429937043976786,-3.9081638657451068,7.020552257988022,10.696602644372577,0.8171676918370981,334,88,0.4533333333333333,0.22350000000000003,0.21750000000000003,0.7825,0.7825,0.781,4.0,9.155963302752294,4.0,7.0,0.7889908256880734,0.21100917431192662,8.0,1,sw_lints,hybrid,z72_a0p5_hybrid_corr5_bsstablehie5_top10,72
3142,3,-3.754920258130737,0.5,-4.731774514037228,-0.8243574904112649,-4.731774514037228,-5.514575587742343,-6.066330201097559,8.742599900510628,10.747479038027762,0.6577005674744181,309,75,0.3928333333333333,0.2068333333333333,0.1795,0.8205,0.8205,0.819,4.0,7.111111111111111,4.0,5.0,0.8666666666666667,0.13333333333333333,7.5,2,sw_lints,hybrid,z72_a0p5_hybrid_corr5_bsstablehie5_top10,72
3143,3,-3.4663242786837145,0.5,-4.748587839193541,0.38046640284576566,-4.748587839193541,-4.423806434498619,-4.243555561076196,7.777080779926315,9.106938714843526,0.7520731773764552,308,81,0.42333333333333334,0.20683333333333334,0.1895,0.8105,0.8105,0.809,4.0,7.0246913580246915,4.0,6.0,0.8345864661654135,0.16541353383458646,9.0,2,sw_lints,hybrid,z72_a0p5_hybrid_corr5_bsstablehie5_top10,72
3142,3,-3.2469708364879,0.5,-4.23306868782514,-0.28867728247617963,-4.23306868782514,-4.498207095139225,-5.442140056293299,7.27095660759387,9.109173853560936,0.6399920559935145,347,89,0.4531666666666667,0.2328333333333333,0.23750000000000004,0.7625,0.7625,0.7575,4.0,8.021428571428572,4.0,5.0,0.8714285714285714,0.12857142857142856,8.0,3,sw_lints,hybrid,z72_a0p5_hybrid_corr5_bsstablehie5_top10,72
3143,3,-1.6755082399724825,0.5,-1.9979378254173177,-0.7082194836379766,-1.9979378254173177,-2.69943414170003,-2.721116973601967,6.424772073505791,7.148285137160427,0.7951877918974298,276,83,0.44849999999999995,0.1855,0.1895,0.8105,0.8105,0.8055,4.0,9.08433734939759,4.0,7.5,0.7872340425531915,0.2127659574468085,10.0,3,sw_lints,hybrid,z72_a0p5_hybrid_corr5_bsstablehie5_top10,72
3142,3,-4.15108813396764,0.5,-4.96977036292254,-1.6950414471029405,-4.96977036292254,-6.6019109878396804,-3.531566101937178,8.119885138530748,13.84911356033436,0.6799617601621013,332,70,0.383,0.22283333333333333,0.17149999999999999,0.8285,0.8285,0.8235,4.0,7.517647058823529,4.0,7.0,0.8,0.2,10.0,4,sw_lints,hybrid,z72_a0p5_hybrid_corr5_bsstablehie5_top10,72
3143,3,-2.8167270134955613,0.5,-2.9172505992120805,-2.5151562563460037,-2.9172505992120805,-5.3311922987344325,-3.8752296405828,8.377532148550948,12.38943136766082,0.7363201092708149,303,74,0.4663333333333333,0.20350000000000001,0.20350000000000001,0.7965,0.7965,0.7915,4.0,8.801980198019802,4.0,5.0,0.8415841584158416,0.15841584158415842,9.0,4,sw_lints,hybrid,z72_a0p5_hybrid_corr5_bsstablehie5_top10,72
3142,3,-3.3123368399774895,0.5,-4.021818633984842,-1.1838914579554327,-4.021818633984842,-5.18813298154274,-4.512046888402832,9.032313987650175,10.335617517680918,0.6593938772081956,370,115,0.4283333333333333,0.24749999999999997,0.25149999999999995,0.7485,0.7485,0.7435,4.0,6.707692307692308,4.0,5.0,0.8434782608695652,0.1565217391304348,9.0,5,sw_lints,hybrid,z72_a0p5_hybrid_corr5_bsstablehie5_top10,72
3143,3,-2.7489134530026016,0.5,-2.875437732718671,-2.3693406138543947,-2.875437732718671,-5.189654172124236,-5.146232867666811,8.634569768687106,8.843958895554827,0.7257301952060792,354,107,0.4276666666666667,0.23749999999999996,0.23750000000000004,0.7625,0.7625,0.761,4.0,7.130841121495327,4.0,5.0,0.8411214953271028,0.1588785046728972,8.5,5,sw_lints,hybrid,z72_a0p5_hybrid_corr5_bsstablehie5_top10,72
3142,3,-4.932484991686902,0.5,-6.191465947370641,-1.1555421246356852,-6.191465947370641,-7.235460147494014,-7.220252877491329,9.236991724426835,14.405317956097075,0.635441491021097,409,105,0.4811666666666667,0.2735,0.27349999999999997,0.7265,0.7265,0.725,4.0,6.455089820359281,4.0,5.0,0.8467153284671532,0.15328467153284672,9.0,6,sw_lints,hybrid,z72_a0p5_hybrid_corr5_bsstablehie5_top10,72
3143,3,-4.132753936069272,0.5,-5.021303464556969,-1.4671053506061795,-5.021303464556969,-6.380553687526106,-5.425976962758217,7.8498181892505015,12.155789500239077,0.6087984289612637,338,76,0.4515,0.2261666666666667,0.25349999999999995,0.7465,0.7465,0.7415,4.0,8.15079365079365,4.0,7.0,0.8333333333333334,0.16666666666666666,8.5,6,sw_lints,hybrid,z72_a0p5_hybrid_corr5_bsstablehie5_top10,72
3142,3,-3.679272330849805,0.5,-4.033217243913863,-2.6174375916576307,-4.033217243913863,-6.563826421987425,-6.309509643801081,9.634809761247997,12.712756192181429,0.6324505076868974,417,124,0.4911666666666667,0.27899999999999997,0.28,0.72,0.72,0.718,4.0,7.171428571428572,4.0,5.0,0.85,0.15,8.0,7,sw_lints,hybrid,z72_a0p5_hybrid_corr5_bsstablehie5_top10,72
3143,3,-3.6755775766896637,0.5,-4.4140212060075825,-1.4602466887359073,-4.4140212060075825,-5.788769773196267,-7.4600084037192875,8.272153469872013,10.838786370579257,0.623360445347462,424,130,0.48183333333333334,0.2836666666666667,0.27949999999999997,0.7205,0.7205,0.716,4.0,6.899280575539568,4.0,5.0,0.8846153846153846,0.11538461538461539,8.0,7,sw_lints,hybrid,z72_a0p5_hybrid_corr5_bsstablehie5_top10,72
3142,3,-3.613027854540338,0.5,-4.796381099421188,-0.06296811989778828,-4.796381099421188,-4.919320229614306,-5.0828251406813685,8.05081692440609,10.373092303499465,0.7922499300463749,511,151,0.502,0.34099999999999997,0.3335,0.6665,0.6665,0.6635,4.0,5.8344370860927155,4.0,6.0,0.8874172185430463,0.11258278145695365,9.0,8,sw_lints,hybrid,z72_a0p5_hybrid_corr5_bsstablehie5_top10,72
3143,3,-4.024689211620136,0.5,-4.6885846579614485,-2.0330028725961977,-4.6885846579614485,-6.572613525186074,-7.088751010737648,7.711037467829263,13.212409273394499,0.6083377991906499,514,159,0.4908333333333334,0.3433333333333333,0.3195,0.6805,0.6805,0.6775,4.0,5.2578616352201255,4.0,5.0,0.9182389937106918,0.08176100628930817,8.0,8,sw_lints,hybrid,z72_a0p5_hybrid_corr5_bsstablehie5_top10,72
3142,3,-0.9367769725353562,0.5,-1.0829040443997868,-0.4983957569420642,-1.0829040443997868,-1.561510855576335,-0.9796331822539361,7.015253560603019,7.552847493138437,0.8575547136104349,311,101,0.3895,0.20883333333333332,0.20950000000000002,0.7905,0.7905,0.7855,4.0,7.028301886792453,4.0,5.0,0.8773584905660378,0.12264150943396226,9.0,9,sw_lints,hybrid,z72_a0p5_hybrid_corr5_bsstablehie5_top10,72
3143,3,-2.8396704420708203,0.5,-2.984269735774936,-2.984269735774936,-2.4058725609584735,-5.308568730457867,-5.9066588297864815,7.241500952756342,13.199435506721136,0.5733014660886635,341,97,0.3778333333333333,0.22883333333333333,0.24150000000000005,0.7585,0.7585,0.7555,4.0,6.241666666666666,4.0,5.0,0.85,0.15,9.0,9,sw_lints,hybrid,z72_a0p5_hybrid_corr5_bsstablehie5_top10,72
3142,3,-5.788201688451044,0.5,-6.669607331063543,-3.1439847606135456,-6.669607331063543,-9.582178230099702,-9.854030534161451,12.856136018231934,16.17637727030681,0.6128909138752142,478,138,0.49533333333333335,0.31966666666666665,0.3155,0.6845,0.6845,0.6815,4.0,6.388535031847134,4.0,5.0,0.9044585987261147,0.09554140127388536,8.0,10,sw_lints,hybrid,z72_a0p5_hybrid_corr5_bsstablehie5_top10,72
3143,3,-4.885868504415781,0.5,-5.730000635596707,-2.3534721108730006,-5.730000635596707,-7.946564293694032,-8.315397088313158,11.793212281467957,13.850284117945854,0.631970910683058,477,136,0.49566666666666664,0.3195,0.3275,0.6725,0.6725,0.6675,4.0,5.7975460122699385,4.0,6.0,0.9079754601226994,0.09202453987730061,8.0,10,sw_lints,hybrid,z72_a0p5_hybrid_corr5_bsstablehie5_top10,72
3142,3,-2.906875586507022,0.5,-3.2196107200832293,-1.9686701857783984,-3.2196107200832293,-5.148006671089537,-4.079764809827669,8.996631428040857,9.470343420493876,0.7211482764365476,365,107,0.44316666666666665,0.24483333333333332,0.23550000000000004,0.7645,0.7645,0.7595,4.0,6.085470085470085,4.0,4.5,0.8803418803418803,0.11965811965811966,8.0,11,sw_lints,hybrid,z72_a0p5_hybrid_corr5_bsstablehie5_top10,72
3143,3,-3.345265022382728,0.5,-3.8142576858981445,-1.9382870318364793,-3.8142576858981445,-5.695603415619747,-5.911696908727182,11.124395140793986,11.717812815243677,0.6577015046494312,373,113,0.4355,0.25016666666666665,0.24950000000000006,0.7505,0.7505,0.749,4.0,6.637096774193548,4.0,5.0,0.8629032258064516,0.13709677419354838,8.0,11,sw_lints,hybrid,z72_a0p5_hybrid_corr5_bsstablehie5_top10,72
3142,3,-3.6068023019680022,0.5,-4.66122450160098,-0.44353570306906825,-4.66122450160098,-5.114644975271303,-3.5662358486355905,8.853284506557069,9.579433666810889,0.7597365275299933,344,96,0.4208333333333334,0.23083333333333333,0.24550000000000005,0.7545,0.7545,0.7495,4.0,6.9523809523809526,4.0,5.0,0.8492063492063492,0.15079365079365079,7.5,12,sw_lints,hybrid,z72_a0p5_hybrid_corr5_bsstablehie5_top10,72
3143,3,-1.3555022817534614,0.5,-1.424784865027447,-1.1476545319315041,-1.424784865027447,-2.550212062675842,-2.3573032334917254,5.69195544555019,7.050897592630633,0.8742328008635822,344,103,0.42,0.23083333333333333,0.21750000000000003,0.7825,0.7825,0.7775,4.0,7.553398058252427,4.0,5.5,0.8333333333333334,0.16666666666666666,9.0,12,sw_lints,hybrid,z72_a0p5_hybrid_corr5_bsstablehie5_top10,72
3142,3,-2.3282239767287254,0.5,-2.8447824064631977,-0.7785486875253081,-2.8447824064631977,-3.5903742338080655,-1.8515834576477541,5.2224653723051855,9.522400807092769,0.7433535072581532,324,69,0.3633333333333333,0.21566666666666667,0.252,0.748,0.748,0.7465,4.0,5.714285714285714,4.0,5.0,0.9285714285714286,0.07142857142857142,9.0,13,sw_lints,hybrid,z72_a0p5_hybrid_corr5_bsstablehie5_top10,72
3143,3,-3.3493618253986317,0.5,-4.4187646880619935,-0.14115323740854593,-4.4187646880619935,-4.531376973841039,-4.034334031430276,6.612128914891491,10.002452354858649,0.6531638141797359,274,47,0.3475,0.1835,0.14949999999999997,0.8505,0.8505,0.849,4.0,7.986666666666666,4.0,7.0,0.8266666666666667,0.17333333333333334,10.0,13,sw_lints,hybrid,z72_a0p5_hybrid_corr5_bsstablehie5_top10,72
3142,3,-2.975240257217224,0.5,-4.2247722899380316,0.7733558409452002,-4.2247722899380316,-3.495076780702425,-3.2103747922494486,6.37083312900435,7.948274480211803,0.7571318073451057,299,69,0.4673333333333334,0.20083333333333334,0.22750000000000004,0.7725,0.7725,0.7675,4.0,9.606837606837606,4.0,6.0,0.8290598290598291,0.17094017094017094,7.0,14,sw_lints,hybrid,z72_a0p5_hybrid_corr5_bsstablehie5_top10,72
3143,3,-4.019948284750762,0.5,-5.024180402343837,-1.0072519319715385,-5.024180402343837,-6.034512969727928,-6.031345086671092,8.625523938603497,11.387725976827735,0.6239700328639461,330,95,0.42350000000000004,0.22150000000000003,0.20350000000000001,0.7965,0.7965,0.7935,4.0,7.653465346534653,4.0,6.0,0.8210526315789474,0.17894736842105263,9.0,14,sw_lints,hybrid,z72_a0p5_hybrid_corr5_bsstablehie5_top10,72
3142,3,-4.957694475030319,0.5,-6.19640302289313,-1.241568831441886,-6.19640302289313,-7.356449207101822,-7.541833527758646,8.782095013144852,12.504891616053593,0.6085276053805242,344,93,0.44316666666666665,0.23083333333333333,0.24350000000000005,0.7565,0.7565,0.7515,4.0,7.161538461538462,4.0,6.0,0.8307692307692308,0.16923076923076924,9.0,15,sw_lints,hybrid,z72_a0p5_hybrid_corr5_bsstablehie5_top10,72
3143,3,-3.887273576827077,0.5,-5.110482458050122,-0.21764693315794448,-5.110482458050122,-5.317472136761388,-4.7098606684789495,9.088094112032262,9.686106982452403,0.67113757603277,343,94,0.45816666666666667,0.2295,0.23550000000000004,0.7645,0.7645,0.7595,4.0,7.769230769230769,4.0,6.25,0.8484848484848485,0.15151515151515152,10.0,15,sw_lints,hybrid,z72_a0p5_hybrid_corr5_bsstablehie5_top10,72
3142,3,-4.29650281762491,0.5,-5.583395602615575,-0.43582446265291913,-5.583395602615575,-6.022379762334033,-4.961734035863008,10.217098523029255,10.225115512255966,0.7104841890035424,528,152,0.5446666666666666,0.35266666666666663,0.3255,0.6745,0.6745,0.673,4.0,6.631578947368421,4.0,5.0,0.8486842105263158,0.1513157894736842,8.0,0,sw_linucb,corr,z48_a0p5_corr_pruned_top10,48
3142,3,-4.544212816528774,0.5,-5.819192677277996,-0.7192732342811111,-5.819192677277996,-6.536465514057103,-7.884989890981697,11.680470147849443,12.836742076424091,0.6689392909365008,489,154,0.5371666666666667,0.32683333333333336,0.3135,0.6865,0.6865,0.6835,4.0,6.818181818181818,4.0,5.0,0.8653846153846154,0.1346153846153846,7.5,1,sw_linucb,corr,z48_a0p5_corr_pruned_top10,48
3142,3,-4.119214163612572,0.5,-4.531993730238281,-2.880875463735444,-4.531993730238281,-7.276319504333055,-6.413074235996152,10.708102241499862,12.369807752591644,0.6728207836044511,384,119,0.5248333333333334,0.25633333333333336,0.26349999999999996,0.7365,0.7365,0.7335,4.0,7.7368421052631575,4.0,8.0,0.7819548872180451,0.21804511278195488,10.0,2,sw_linucb,corr,z48_a0p5_corr_pruned_top10,48
3142,3,-4.500697505363508,0.5,-5.363443917443903,-1.9124582691223229,-5.363443917443903,-7.168955773480559,-8.291054823007581,12.842303338436201,13.328028645365231,0.6920916410358741,477,150,0.5216666666666666,0.31883333333333336,0.3135,0.6865,0.6865,0.685,4.0,6.333333333333333,4.0,5.25,0.8653846153846154,0.1346153846153846,8.0,3,sw_linucb,corr,z48_a0p5_corr_pruned_top10,48
3142,3,-5.573103732855493,0.5,-6.69258747177803,-2.214652516087886,-6.69258747177803,-8.719215064281471,-6.939056778838548,11.537047692877012,18.142300673865787,0.6922228643315949,443,128,0.5196666666666667,0.2956666666666667,0.29200000000000004,0.708,0.708,0.706,4.0,6.698630136986301,4.0,7.0,0.821917808219178,0.1780821917808219,10.0,4,sw_linucb,corr,z48_a0p5_corr_pruned_top10,48
3142,3,-4.564696858237678,0.5,-5.480258920727217,-1.8180106707690584,-5.480258920727217,-7.2174210746845375,-9.49574715750633,10.917808944837514,12.745878895183417,0.6412145324215696,483,142,0.5359999999999999,0.3235,0.3135,0.6865,0.6865,0.685,4.0,6.743589743589744,4.0,5.0,0.8589743589743589,0.14102564102564102,8.0,5,sw_linucb,corr,z48_a0p5_corr_pruned_top10,48
3142,3,-2.858418673795969,0.5,-3.9223647193295847,0.3334194628048775,-3.9223647193295847,-3.6233070010295525,-0.7398183768513422,8.16195418656045,11.66914858549044,0.9187187611127302,410,135,0.5241666666666667,0.2738333333333334,0.27149999999999996,0.7285,0.7285,0.7255,4.0,7.466666666666667,4.0,6.0,0.8142857142857143,0.18571428571428572,9.0,6,sw_linucb,corr,z48_a0p5_corr_pruned_top10,48
3142,3,-3.4296592841757714,0.5,-3.9709670558612777,-1.8057359691192525,-3.9709670558612777,-5.694163461446844,-6.999197520742584,8.320824830589347,9.734750186001017,0.7139853369074726,473,129,0.5251666666666667,0.31616666666666665,0.3375,0.6625,0.6625,0.661,4.0,6.101190476190476,4.0,5.0,0.8809523809523809,0.11904761904761904,7.0,7,sw_linucb,corr,z48_a0p5_corr_pruned_top10,48
3142,3,-4.122497286804572,0.5,-4.5896548736172695,-2.721024526366478,-4.5896548736172695,-7.187622164056092,-8.108945808782186,10.079858605562519,11.609828137632782,0.6513635826361986,451,130,0.5128333333333334,0.3016666666666667,0.29800000000000004,0.702,0.702,0.699,4.0,7.033557046979865,4.0,6.0,0.8322147651006712,0.16778523489932887,9.0,8,sw_linucb,corr,z48_a0p5_corr_pruned_top10,48
3142,3,-4.424304376300066,0.5,-5.326282539965899,-1.7183698853025693,-5.326282539965899,-6.899106545479987,-9.948647729106808,11.450930069015353,11.675306879714542,0.6172863525223611,454,126,0.5315,0.3025,0.30400000000000005,0.696,0.696,0.691,4.0,6.348684210526316,4.0,5.25,0.8552631578947368,0.14473684210526316,8.0,9,sw_linucb,corr,z48_a0p5_corr_pruned_top10,48
3142,3,-4.184832251129155,0.5,-4.761427358194347,-2.455046929933576,-4.761427358194347,-7.074942224144231,-6.9859365521953265,9.645766156313318,13.149538925686032,0.7038356700206687,531,162,0.5393333333333333,0.35433333333333333,0.34550000000000003,0.6545,0.6545,0.6515,4.0,5.815028901734104,4.0,4.0,0.884393063583815,0.11560693641618497,7.0,10,sw_linucb,corr,z48_a0p5_corr_pruned_top10,48
3142,3,-5.405913756966436,0.5,-7.020039534932587,-0.5635364230679821,-7.020039534932587,-7.561377669057189,-9.353753524305287,11.908493237043205,13.278682199144576,0.6046721867250134,473,142,0.523,0.31566666666666665,0.3295,0.6705,0.6705,0.6675,4.0,6.265060240963855,4.0,5.0,0.8732394366197183,0.1267605633802817,8.0,11,sw_linucb,corr,z48_a0p5_corr_pruned_top10,48
3142,3,-4.66403636801295,0.5,-6.111214279785327,-0.32250263269582025,-6.111214279785327,-6.436048039292179,-4.896839390095609,9.521363486775414,12.124971001419349,0.7519315887397405,475,147,0.5358333333333333,0.3176666666666667,0.3035,0.6965,0.6965,0.6935,4.0,6.7687074829931975,4.0,6.0,0.8639455782312925,0.1360544217687075,8.0,12,sw_linucb,corr,z48_a0p5_corr_pruned_top10,48
3142,3,-3.8620166008777588,0.5,-4.801403322247448,-1.0438564367686902,-4.801403322247448,-5.8480330379468946,-6.7630474426681575,10.866361017639537,11.254110551107422,0.6988817920048495,486,158,0.5141666666666667,0.3245,0.31799999999999995,0.682,0.682,0.679,4.0,6.118343195266272,4.0,5.0,0.8816568047337278,0.11834319526627218,7.5,13,sw_linucb,corr,z48_a0p5_corr_pruned_top10,48
3142,3,-3.207552457765527,0.5,-4.274242262551128,-0.007483043408725483,-4.274242262551128,-4.280499415122185,-4.102322892733268,8.2483666392272,10.83848993134776,0.768370416860491,427,141,0.5195,0.28533333333333327,0.2825,0.7175,0.7175,0.715,4.0,7.2695035460992905,4.0,7.0,0.8344827586206897,0.16551724137931034,9.0,14,sw_linucb,corr,z48_a0p5_corr_pruned_top10,48
3142,3,-2.622302544741067,0.5,-3.784657268926772,0.86476162781605,-3.784657268926772,-3.052177634312965,-3.605447617175006,9.478501911579729,12.084927625576814,0.7884422335660864,419,136,0.5178333333333334,0.2796666666666667,0.27749999999999997,0.7225,0.7225,0.7195,4.0,7.573529411764706,4.0,6.25,0.8161764705882353,0.18382352941176472,9.0,15,sw_linucb,corr,z48_a0p5_corr_pruned_top10,48
3142,3,-4.205368956975946,0.5,-5.929193661056764,0.9661051552665093,-5.929193661056764,-5.0010881640533835,-3.1257952090450125,9.926758465168284,12.35799399133507,0.7406979103103831,357,103,0.513,0.23949999999999996,0.21750000000000003,0.7825,0.7825,0.7775,4.0,8.815533980582524,4.0,8.0,0.7777777777777778,0.2222222222222222,9.0,0,sw_linucb,hybrid,z72_a0p5_hybrid_corr5_bsstablehie5_top10,72
3142,3,-2.6619392463668996,0.5,-3.2365878159168027,-0.9379935377171892,-3.2365878159168027,-4.164509356525662,-4.566252830829132,8.713778359620328,11.21725572201676,0.717307235337726,320,100,0.4716666666666667,0.21416666666666664,0.20350000000000001,0.7965,0.7965,0.7915,4.0,9.11,4.0,7.0,0.8118811881188119,0.18811881188118812,10.0,1,sw_linucb,hybrid,z72_a0p5_hybrid_corr5_bsstablehie5_top10,72
3142,3,-3.930887522943296,0.5,-5.2272988201629405,-0.041653631284362724,-5.2272988201629405,-5.247286043251147,-3.575171033447322,7.404897278904398,13.137518990072362,0.7319573790724763,375,114,0.46416666666666667,0.2515,0.25749999999999995,0.7425,0.7425,0.7375,4.0,7.515625,4.0,6.0,0.828125,0.171875,9.0,2,sw_linucb,hybrid,z72_a0p5_hybrid_corr5_bsstablehie5_top10,72
3142,3,-2.7734639479922047,0.5,-4.01365278960352,0.9471025768417407,-4.01365278960352,-3.127241172150626,-2.3782290152559504,8.451497146257713,9.78963276296765,0.8493559213510261,417,116,0.5098333333333334,0.2795,0.24750000000000005,0.7525,0.7525,0.7475,4.0,8.017241379310345,4.0,7.0,0.8292682926829268,0.17073170731707318,7.5,3,sw_linucb,hybrid,z72_a0p5_hybrid_corr5_bsstablehie5_top10,72
3142,3,-2.8070741320724304,0.5,-3.5183429002334248,-0.6732678275894485,-3.5183429002334248,-4.198802691275361,-4.3390436590870385,10.934445654298452,10.937163506030734,0.6942861733143258,342,100,0.4383333333333333,0.22883333333333333,0.2015,0.7985,0.7985,0.7935,4.0,7.76,4.0,5.0,0.84,0.16,7.0,4,sw_linucb,hybrid,z72_a0p5_hybrid_corr5_bsstablehie5_top10,72
3142,3,-4.0565793159541705,0.5,-5.4632799149381315,0.16352248099771316,-5.4632799149381315,-5.305744894298307,-3.3625456691475097,7.992417548883801,11.933776117597695,0.736121854140923,331,98,0.4628333333333334,0.2215,0.22550000000000003,0.7745,0.7745,0.773,4.0,8.061946902654867,4.0,5.25,0.8141592920353983,0.18584070796460178,8.5,5,sw_linucb,hybrid,z72_a0p5_hybrid_corr5_bsstablehie5_top10,72
3142,3,-3.0308467853319874,0.5,-3.801225556780785,-0.7197104709855943,-3.801225556780785,-4.54029122021008,-4.511389033956026,8.425034867613457,9.558097866867632,0.7531454106251368,432,115,0.46399999999999997,0.28950000000000004,0.27949999999999997,0.7205,0.7205,0.7155,4.0,6.086330935251799,4.0,4.0,0.8920863309352518,0.1079136690647482,6.0,6,sw_linucb,hybrid,z72_a0p5_hybrid_corr5_bsstablehie5_top10,72
3142,3,-3.321932474417885,0.5,-3.8123965942488085,-1.8505401149251144,-3.8123965942488085,-5.591577821296042,-6.14175635165889,8.608662598618377,10.89878258274668,0.7129275482758619,380,104,0.45366666666666666,0.2548333333333333,0.24550000000000005,0.7545,0.7545,0.7495,4.0,6.884615384615385,4.0,5.0,0.8269230769230769,0.17307692307692307,8.0,7,sw_linucb,hybrid,z72_a0p5_hybrid_corr5_bsstablehie5_top10,72
3142,3,-2.952412343310288,0.5,-3.155435090118541,-2.343344102885529,-3.155435090118541,-5.39874249209078,-3.630314650691502,6.258912091470004,11.17747256131988,0.5805876982990974,322,89,0.4283333333333334,0.215,0.1995,0.8005,0.8005,0.7955,4.0,7.393939393939394,4.0,5.0,0.8656716417910447,0.13432835820895522,9.0,8,sw_linucb,hybrid,z72_a0p5_hybrid_corr5_bsstablehie5_top10,72
3142,3,-4.45975578067949,0.5,-6.1148820401091335,0.5056229976094376,-6.1148820401091335,-5.668253392480408,-6.635489738177924,7.429279340689865,10.795735994038724,0.6837332948895432,417,116,0.451,0.2785,0.27949999999999997,0.7205,0.7205,0.719,4.0,6.575539568345324,4.0,5.25,0.8561151079136691,0.14388489208633093,8.0,9,sw_linucb,hybrid,z72_a0p5_hybrid_corr5_bsstablehie5_top10,72
3142,3,-3.9266618201028436,0.5,-4.772364506010888,-1.3895537623787109,-4.772364506010888,-6.113269946153455,-5.6614898518108525,10.316820770382352,10.643257865740086,0.6591788854526834,355,101,0.466,0.23816666666666664,0.25149999999999995,0.7485,0.7485,0.7435,4.0,7.464,4.0,6.0,0.8527131782945736,0.14728682170542637,8.0,10,sw_linucb,hybrid,z72_a0p5_hybrid_corr5_bsstablehie5_top10,72
3142,3,-4.487369251069881,0.5,-6.1671045226304555,0.5518365636118442,-6.1671045226304555,-5.672489604646944,-6.468217952121047,10.695843049094334,10.830124131025032,0.7802752618172295,443,124,0.5301666666666667,0.29683333333333334,0.27349999999999997,0.7265,0.7265,0.723,4.0,7.814516129032258,4.0,5.0,0.8455882352941176,0.15441176470588236,7.0,11,sw_linucb,hybrid,z72_a0p5_hybrid_corr5_bsstablehie5_top10,72
3142,3,-3.3533197688902074,0.5,-4.1740451650876915,-0.8911435802977558,-4.1740451650876915,-5.065471912545639,-4.210221140734771,9.831096785344162,10.723785418787934,0.7284138519272864,410,124,0.5076666666666667,0.2748333333333333,0.25549999999999995,0.7445,0.7445,0.743,4.0,7.21259842519685,4.0,5.0,0.8503937007874016,0.14960629921259844,7.0,12,sw_linucb,hybrid,z72_a0p5_hybrid_corr5_bsstablehie5_top10,72
3142,3,-3.670772844174542,0.5,-4.114770702357677,-2.338779269625139,-4.114770702357677,-6.377470229506329,-5.716704272032292,9.613830255389866,9.749983241673643,0.6634010826844284,378,116,0.45249999999999996,0.2535,0.23950000000000005,0.7605,0.7605,0.7555,4.0,7.241379310344827,4.0,5.0,0.865546218487395,0.13445378151260504,7.0,13,sw_linucb,hybrid,z72_a0p5_hybrid_corr5_bsstablehie5_top10,72
3142,3,-3.3674319336148395,0.5,-4.334616708182985,-0.4658776099104034,-4.334616708182985,-4.794583580132638,-2.879432506756119,8.818476711361512,12.120596366984381,0.7749466331882078,290,88,0.44250000000000006,0.19483333333333333,0.1975,0.8025,0.8025,0.7975,4.0,8.591836734693878,4.0,7.75,0.8061224489795918,0.19387755102040816,9.0,14,sw_linucb,hybrid,z72_a0p5_hybrid_corr5_bsstablehie5_top10,72
3142,3,-3.280950367061327,0.5,-4.193973551804553,-0.5418808128316485,-4.193973551804553,-4.743879650002222,-4.788260307506997,7.340292657381509,8.865504966270644,0.7463173342904169,394,110,0.4885,0.26416666666666666,0.24550000000000005,0.7545,0.7545,0.7495,4.0,7.909090909090909,4.0,5.0,0.8688524590163934,0.13114754098360656,8.0,15,sw_linucb,hybrid,z72_a0p5_hybrid_corr5_bsstablehie5_top10,72
