z_window,alpha_out,top_k,feature,frequency_top_k,n_appearances,n_subsamples_total,mean_union_rank,median_union_rank,mean_best_rank,mean_best_hie_norm,median_best_hie_norm,median_regime_coverage_topk,median_entry_n_samples,median_entry_n_bins_used,median_entry_min_bin_size_used,median_entry_min_action_count_in_bin,median_exit_n_samples,median_exit_n_bins_used,median_exit_min_bin_size_used,median_exit_min_action_count_in_bin,min_entry_min_bin_size_used,min_exit_min_bin_size_used,min_entry_min_action_count_in_bin,min_exit_min_action_count_in_bin,is_stable_at_pi
24,0.5,7,dist_ema_9_z,0.0,0,50,,,,,,,,,,,,,,,,,,,False
24,0.5,7,ema_slope_9_z,0.02,1,50,6.0,6.0,4.0,0.012065035933329693,0.012065035933329693,1.0,16800.0,15.0,1120.0,560.0,16800.0,15.0,1120.0,560.0,1120.0,1120.0,560.0,560.0,False
24,0.5,7,dist_ema_21_z,0.0,0,50,,,,,,,,,,,,,,,,,,,False
24,0.5,7,ema_slope_21_z,0.22,11,50,4.181818181818182,4.0,3.0,0.01903263407333613,0.016684061972635056,2.0,16800.0,15.0,1120.0,560.0,16800.0,15.0,1120.0,560.0,1120.0,1120.0,560.0,560.0,False
24,0.5,7,dist_ema_50_z,0.0,0,50,,,,,,,,,,,,,,,,,,,False
24,0.5,7,ema_slope_50_z,0.34,17,50,4.411764705882353,5.0,3.1176470588235294,0.017433408451829068,0.018123159127016453,2.0,16800.0,15.0,1120.0,560.0,16800.0,15.0,1120.0,560.0,1120.0,1120.0,560.0,560.0,False
24,0.5,7,dist_ema_100_z,0.0,0,50,,,,,,,,,,,,,,,,,,,False
24,0.5,7,ema_slope_100_z,0.08,4,50,5.25,5.5,3.75,0.015267123388751871,0.016288767446736158,2.0,16800.0,15.0,1120.0,560.0,16800.0,15.0,1120.0,560.0,1120.0,1120.0,560.0,560.0,False
24,0.5,7,dist_ema_200_z,0.16,8,50,4.75,5.0,3.375,0.014233014934646085,0.014432739817745455,1.5,16800.0,15.0,1120.0,560.0,16800.0,15.0,1120.0,560.0,1120.0,1120.0,560.0,560.0,False
24,0.5,7,ema_slope_200_z,0.06,3,50,5.666666666666667,6.0,3.3333333333333335,0.01736635791043913,0.017542658163096525,2.0,16800.0,15.0,1120.0,560.0,16800.0,15.0,1120.0,560.0,1120.0,1120.0,560.0,560.0,False
24,0.5,7,ema_spread_9_21_z,0.3,15,50,4.4,5.0,3.0,0.018490278873602224,0.01821481051511953,2.0,16800.0,15.0,1120.0,560.0,16800.0,15.0,1120.0,560.0,1120.0,1120.0,560.0,560.0,False
24,0.5,7,ema_spread_21_50_z,0.06,3,50,7.0,7.0,4.666666666666667,0.01664467242284799,0.01732079390246949,1.0,16800.0,15.0,1120.0,560.0,16800.0,15.0,1120.0,560.0,1120.0,1120.0,560.0,560.0,False
24,0.5,7,ema_spread_50_100_z,0.48,24,50,4.25,4.0,2.75,0.015439587023836644,0.014894967327034103,2.0,16800.0,15.0,1120.0,560.0,16800.0,15.0,1120.0,560.0,1120.0,1120.0,560.0,560.0,False
24,0.5,7,ema_spread_100_200_z,0.32,16,50,3.5,3.5,2.375,0.019685344074083847,0.01882120499505832,2.0,16800.0,15.0,1120.0,560.0,16800.0,15.0,1120.0,560.0,1120.0,1120.0,560.0,560.0,False
24,0.5,7,MOM_pct_14_z,0.0,0,50,,,,,,,,,,,,,,,,,,,False
24,0.5,7,ADX_14_scaled,0.14,7,50,4.714285714285714,5.0,3.142857142857143,0.01861454457237837,0.018854659643049443,2.0,16800.0,15.0,1120.0,560.0,16800.0,15.0,1120.0,560.0,1120.0,1120.0,560.0,560.0,False
24,0.5,7,RSI_14_bounded,0.36,18,50,4.444444444444445,5.5,3.2777777777777777,0.01767785731464723,0.01836373889117618,2.0,16800.0,15.0,1120.0,560.0,16800.0,15.0,1120.0,560.0,1120.0,1120.0,560.0,560.0,False
24,0.5,7,MOM_pct_30_z,0.0,0,50,,,,,,,,,,,,,,,,,,,False
24,0.5,7,ADX_30_scaled,0.64,32,50,3.0,3.0,2.09375,0.01987121620457593,0.019945719852517335,2.0,16800.0,15.0,1120.0,560.0,16800.0,15.0,1120.0,560.0,1120.0,1120.0,560.0,560.0,True
24,0.5,7,RSI_30_bounded,0.4,20,50,3.85,4.0,2.75,0.01860061026245389,0.018202403241646348,2.0,16800.0,15.0,1120.0,560.0,16800.0,15.0,1120.0,560.0,1120.0,1120.0,560.0,560.0,False
24,0.5,7,MOM_pct_72_z,0.0,0,50,,,,,,,,,,,,,,,,,,,False
24,0.5,7,ADX_72_scaled,0.78,39,50,1.7435897435897436,1.0,1.358974358974359,0.024382735011988795,0.022682837822605273,2.0,16800.0,15.0,1120.0,560.0,16800.0,15.0,1120.0,560.0,1120.0,1120.0,560.0,560.0,True
24,0.5,7,RSI_72_bounded,0.52,26,50,3.5384615384615383,3.5,2.6538461538461537,0.01939807176933949,0.019145445555234508,2.0,16800.0,15.0,1120.0,560.0,16800.0,15.0,1120.0,560.0,1120.0,1120.0,560.0,560.0,False
24,0.5,7,MACD_hist_pct_z,0.02,1,50,3.0,3.0,2.0,0.024689730866222392,0.024689730866222392,2.0,16800.0,15.0,1120.0,560.0,16800.0,15.0,1120.0,560.0,1120.0,1120.0,560.0,560.0,False
24,0.5,7,NATR_14_z,0.12,6,50,4.5,4.5,3.0,0.01419895006478561,0.014512907724793134,1.5,16800.0,15.0,1120.0,560.0,16800.0,15.0,1120.0,560.0,1120.0,1120.0,560.0,560.0,False
24,0.5,7,bb_width_20_sqrt_z,0.2,10,50,5.3,5.5,3.4,0.01210721729649603,0.011159051397745534,1.0,16800.0,15.0,1120.0,560.0,16800.0,15.0,1120.0,560.0,1120.0,1120.0,560.0,560.0,False
24,0.5,7,bb_pos_20_norm,0.0,0,50,,,,,,,,,,,,,,,,,,,False
24,0.5,7,volatility_24_sqrt_z,0.28,14,50,4.785714285714286,4.5,3.0714285714285716,0.013123073339571455,0.01202271421304249,1.0,16800.0,15.0,1120.0,560.0,16800.0,15.0,1120.0,560.0,1120.0,1120.0,560.0,560.0,False
24,0.5,7,volatility_72_sqrt_z,0.24,12,50,4.416666666666667,4.0,3.0833333333333335,0.018322389943081264,0.017371304795014503,2.0,16800.0,15.0,1120.0,560.0,16800.0,15.0,1120.0,560.0,1120.0,1120.0,560.0,560.0,False
24,0.5,7,volatility_168_sqrt_z,0.22,11,50,5.363636363636363,5.0,3.909090909090909,0.019054769961042564,0.018686678351557018,2.0,16800.0,15.0,1120.0,560.0,16800.0,15.0,1120.0,560.0,1120.0,1120.0,560.0,560.0,False
24,0.5,7,log_ret_6_z,0.02,1,50,7.0,7.0,5.0,0.01210764608464121,0.01210764608464121,2.0,16800.0,15.0,1120.0,560.0,16800.0,15.0,1120.0,560.0,1120.0,1120.0,560.0,560.0,False
24,0.5,7,log_ret_24_z,0.0,0,50,,,,,,,,,,,,,,,,,,,False
24,0.5,7,log_ret_72_z,0.04,2,50,5.0,5.0,3.5,0.0227619314191648,0.0227619314191648,2.0,16800.0,15.0,1120.0,560.0,16800.0,15.0,1120.0,560.0,1120.0,1120.0,560.0,560.0,False
24,0.5,7,log_ret_168_z,0.06,3,50,6.0,6.0,4.0,0.011005646733323512,0.01038587212412534,1.0,16800.0,15.0,1120.0,560.0,16800.0,15.0,1120.0,560.0,1120.0,1120.0,560.0,560.0,False
24,0.5,7,ret_accel_6_24_z,0.08,4,50,4.75,5.0,3.5,0.014758305236178604,0.014692270528587736,2.0,16800.0,15.0,1120.0,560.0,16800.0,15.0,1120.0,560.0,1120.0,1120.0,560.0,560.0,False
24,0.5,7,ret_accel_24_72_z,0.14,7,50,5.0,6.0,3.2857142857142856,0.01641214702507395,0.015895404770163712,2.0,16800.0,15.0,1120.0,560.0,16800.0,15.0,1120.0,560.0,1120.0,1120.0,560.0,560.0,False
24,0.5,7,ret_accel_72_168_z,0.02,1,50,4.0,4.0,3.0,0.01380385335646006,0.01380385335646006,1.0,16800.0,15.0,1120.0,560.0,16800.0,15.0,1120.0,560.0,1120.0,1120.0,560.0,560.0,False
24,0.5,7,vol_ratio_24_log1p_z,0.0,0,50,,,,,,,,,,,,,,,,,,,False
24,0.5,7,vol_ratio_72_log1p_z,0.0,0,50,,,,,,,,,,,,,,,,,,,False
24,0.5,7,vol_ratio_168_log1p_z,0.0,0,50,,,,,,,,,,,,,,,,,,,False
24,0.5,7,range_sqrt_z,0.0,0,50,,,,,,,,,,,,,,,,,,,False
24,0.5,7,body_sqrt_z,0.0,0,50,,,,,,,,,,,,,,,,,,,False
24,0.5,7,vol_expansion_24_log1p_z,0.0,0,50,,,,,,,,,,,,,,,,,,,False
24,0.5,7,vol_expansion_72_log1p_z,0.0,0,50,,,,,,,,,,,,,,,,,,,False
24,0.5,7,vol_expansion_168_log1p_z,0.02,1,50,7.0,7.0,5.0,0.015157276548303789,0.015157276548303789,1.0,16800.0,15.0,1120.0,560.0,16800.0,15.0,1120.0,560.0,1120.0,1120.0,560.0,560.0,False
24,0.5,7,dist_to_high_24_sqrt_z,0.0,0,50,,,,,,,,,,,,,,,,,,,False
24,0.5,7,dist_to_low_24_sqrt_z,0.02,1,50,5.0,5.0,3.0,0.01402541994656964,0.01402541994656964,2.0,16800.0,15.0,1120.0,560.0,16800.0,15.0,1120.0,560.0,1120.0,1120.0,560.0,560.0,False
24,0.5,7,price_pos_in_range_24_norm,0.0,0,50,,,,,,,,,,,,,,,,,,,False
24,0.5,7,dist_to_high_72_sqrt_z,0.04,2,50,4.5,4.5,3.5,0.01773492746261257,0.01773492746261257,1.0,16800.0,15.0,1120.0,560.0,16800.0,15.0,1120.0,560.0,1120.0,1120.0,560.0,560.0,False
24,0.5,7,dist_to_low_72_sqrt_z,0.0,0,50,,,,,,,,,,,,,,,,,,,False
24,0.5,7,price_pos_in_range_72_norm,0.24,12,50,4.333333333333333,4.0,2.9166666666666665,0.014527415295614762,0.013686479294346715,2.0,16800.0,15.0,1120.0,560.0,16800.0,15.0,1120.0,560.0,1118.0,1118.0,559.0,559.0,False
24,0.5,7,dist_to_high_168_sqrt_z,0.0,0,50,,,,,,,,,,,,,,,,,,,False
24,0.5,7,dist_to_low_168_sqrt_z,0.02,1,50,5.0,5.0,4.0,0.019455618898703952,0.019455618898703952,2.0,16800.0,15.0,1120.0,560.0,16800.0,15.0,1120.0,560.0,1120.0,1120.0,560.0,560.0,False
24,0.5,7,price_pos_in_range_168_norm,0.34,17,50,4.294117647058823,4.0,2.8823529411764706,0.017216871044207608,0.01635249973232311,2.0,16800.0,15.0,1120.0,560.0,16800.0,15.0,1120.0,560.0,1116.0,1116.0,558.0,558.0,False
24,0.5,14,dist_ema_9_z,0.02,1,50,14.0,14.0,11.0,0.009067410638801676,0.009067410638801676,1.0,16800.0,15.0,1120.0,560.0,16800.0,15.0,1120.0,560.0,1120.0,1120.0,560.0,560.0,False
24,0.5,14,ema_slope_9_z,0.06,3,50,9.333333333333334,9.0,5.333333333333333,0.013366235324631473,0.012065035933329693,1.0,16800.0,15.0,1120.0,560.0,16800.0,15.0,1120.0,560.0,1120.0,1120.0,560.0,560.0,False
24,0.5,14,dist_ema_21_z,0.02,1,50,14.0,14.0,10.0,0.009295252536184462,0.009295252536184462,1.0,16800.0,15.0,1120.0,560.0,16800.0,15.0,1120.0,560.0,1120.0,1120.0,560.0,560.0,False
24,0.5,14,ema_slope_21_z,0.54,27,50,8.37037037037037,9.0,5.666666666666667,0.015275299708349413,0.015258982806452437,2.0,16800.0,15.0,1120.0,560.0,16800.0,15.0,1120.0,560.0,1120.0,1120.0,560.0,560.0,False
24,0.5,14,dist_ema_50_z,0.02,1,50,13.0,13.0,9.0,0.011929465517660387,0.011929465517660387,1.0,16800.0,15.0,1120.0,560.0,16800.0,15.0,1120.0,560.0,1120.0,1120.0,560.0,560.0,False
24,0.5,14,ema_slope_50_z,0.64,32,50,7.3125,7.0,5.03125,0.01621548776483642,0.015909855117114236,2.0,16800.0,15.0,1120.0,560.0,16800.0,15.0,1120.0,560.0,1120.0,1120.0,560.0,560.0,True
24,0.5,14,dist_ema_100_z,0.12,6,50,10.833333333333334,10.0,7.0,0.013201880506427103,0.012484573969994556,1.0,16800.0,15.0,1120.0,560.0,16800.0,15.0,1120.0,560.0,1120.0,1120.0,560.0,560.0,False
24,0.5,14,ema_slope_100_z,0.22,11,50,7.909090909090909,9.0,5.2727272727272725,0.014022327841764508,0.015066215592649812,2.0,16800.0,15.0,1120.0,560.0,16800.0,15.0,1120.0,560.0,1120.0,1120.0,560.0,560.0,False
24,0.5,14,dist_ema_200_z,0.38,19,50,8.263157894736842,9.0,5.894736842105263,0.012420789240681348,0.013996867621097087,1.0,16800.0,15.0,1120.0,560.0,16800.0,15.0,1120.0,560.0,1120.0,1120.0,560.0,560.0,False
24,0.5,14,ema_slope_200_z,0.28,14,50,9.214285714285714,8.5,6.357142857142857,0.013779415250985845,0.013409773945773917,1.0,16800.0,15.0,1120.0,560.0,16800.0,15.0,1120.0,560.0,1120.0,1120.0,560.0,560.0,False
24,0.5,14,ema_spread_9_21_z,0.68,34,50,8.029411764705882,8.5,5.794117647058823,0.016031790654928654,0.015099083318128148,1.0,16800.0,15.0,1120.0,560.0,16800.0,15.0,1120.0,560.0,1120.0,1120.0,560.0,560.0,True
24,0.5,14,ema_spread_21_50_z,0.24,12,50,11.333333333333334,12.5,7.666666666666667,0.013868661275285623,0.012954030622687407,1.0,16800.0,15.0,1120.0,560.0,16800.0,15.0,1120.0,560.0,1120.0,1120.0,560.0,560.0,False
24,0.5,14,ema_spread_50_100_z,0.76,38,50,6.2894736842105265,6.0,4.105263157894737,0.014629045084847104,0.014316221784605149,2.0,16800.0,15.0,1120.0,560.0,16800.0,15.0,1120.0,560.0,1120.0,1120.0,560.0,560.0,True
24,0.5,14,ema_spread_100_200_z,0.6,30,50,6.9,6.5,4.633333333333334,0.01660598562866638,0.016224568080788093,2.0,16800.0,15.0,1120.0,560.0,16800.0,15.0,1120.0,560.0,1120.0,1120.0,560.0,560.0,True
24,0.5,14,MOM_pct_14_z,0.02,1,50,14.0,14.0,12.0,0.008597327207226446,0.008597327207226446,1.0,16800.0,15.0,1120.0,560.0,16800.0,15.0,1120.0,560.0,1120.0,1120.0,560.0,560.0,False
24,0.5,14,ADX_14_scaled,0.28,14,50,7.714285714285714,8.0,5.142857142857143,0.016178405560699858,0.015955980227159106,2.0,16800.0,15.0,1120.0,560.0,16800.0,15.0,1120.0,560.0,1120.0,1120.0,560.0,560.0,False
24,0.5,14,RSI_14_bounded,0.7,35,50,7.428571428571429,7.0,5.114285714285714,0.016255104896366744,0.016673573185130852,2.0,16800.0,15.0,1120.0,560.0,16800.0,15.0,1120.0,560.0,1120.0,1120.0,560.0,560.0,True
24,0.5,14,MOM_pct_30_z,0.0,0,50,,,,,,,,,,,,,,,,,,,False
24,0.5,14,ADX_30_scaled,0.8,40,50,4.325,3.0,2.85,0.018649882172730912,0.01895474719488327,2.0,16800.0,15.0,1120.0,560.0,16800.0,15.0,1120.0,560.0,1120.0,1120.0,560.0,560.0,True
24,0.5,14,RSI_30_bounded,0.66,33,50,6.454545454545454,5.0,4.333333333333333,0.016800220318849174,0.017009536192154784,2.0,16800.0,15.0,1120.0,560.0,16800.0,15.0,1120.0,560.0,1120.0,1120.0,560.0,560.0,True
24,0.5,14,MOM_pct_72_z,0.14,7,50,11.285714285714286,12.0,8.285714285714286,0.014266024951636242,0.01428044133166595,2.0,16800.0,15.0,1120.0,560.0,16800.0,15.0,1120.0,560.0,1120.0,1120.0,560.0,560.0,False
24,0.5,14,ADX_72_scaled,0.9,45,50,3.0,1.0,2.1555555555555554,0.02290663917501989,0.021734197768515706,2.0,16800.0,15.0,1120.0,560.0,16800.0,15.0,1120.0,560.0,1120.0,1120.0,560.0,560.0,True
24,0.5,14,RSI_72_bounded,0.7,35,50,5.457142857142857,4.0,3.857142857142857,0.01815666900408681,0.018396042953265357,2.0,16800.0,15.0,1120.0,560.0,16800.0,15.0,1120.0,560.0,1120.0,1120.0,560.0,560.0,True
24,0.5,14,MACD_hist_pct_z,0.06,3,50,9.333333333333334,11.0,6.333333333333333,0.015365081338735672,0.011684445833915702,1.0,16800.0,15.0,1120.0,560.0,16800.0,15.0,1120.0,560.0,1120.0,1120.0,560.0,560.0,False
24,0.5,14,NATR_14_z,0.36,18,50,9.5,11.0,6.444444444444445,0.012836668047172602,0.013167328569695491,1.0,16800.0,15.0,1120.0,560.0,16800.0,15.0,1120.0,560.0,1120.0,1120.0,560.0,560.0,False
24,0.5,14,bb_width_20_sqrt_z,0.38,19,50,8.0,7.0,5.473684210526316,0.011393625207798741,0.010804759611703685,1.0,16800.0,15.0,1120.0,560.0,16800.0,15.0,1120.0,560.0,1120.0,1120.0,560.0,560.0,False
24,0.5,14,bb_pos_20_norm,0.06,3,50,12.0,12.0,9.0,0.010963812872585446,0.009628882180938603,2.0,16800.0,15.0,1120.0,560.0,16800.0,15.0,1120.0,560.0,1120.0,1120.0,560.0,560.0,False
24,0.5,14,volatility_24_sqrt_z,0.56,28,50,8.035714285714286,7.5,5.428571428571429,0.012574834146017492,0.01181456991419369,1.0,16800.0,15.0,1120.0,560.0,16800.0,15.0,1120.0,560.0,1120.0,1120.0,560.0,560.0,False
24,0.5,14,volatility_72_sqrt_z,0.54,27,50,7.814814814814815,8.0,5.555555555555555,0.01597669595347793,0.01505377728870605,2.0,16800.0,15.0,1120.0,560.0,16800.0,15.0,1120.0,560.0,1120.0,1120.0,560.0,560.0,False
24,0.5,14,volatility_168_sqrt_z,0.5,25,50,8.76,8.0,6.2,0.015957300855724107,0.015666227455732984,2.0,16800.0,15.0,1120.0,560.0,16800.0,15.0,1120.0,560.0,1120.0,1120.0,560.0,560.0,False
24,0.5,14,log_ret_6_z,0.02,1,50,7.0,7.0,5.0,0.01210764608464121,0.01210764608464121,2.0,16800.0,15.0,1120.0,560.0,16800.0,15.0,1120.0,560.0,1120.0,1120.0,560.0,560.0,False
24,0.5,14,log_ret_24_z,0.0,0,50,,,,,,,,,,,,,,,,,,,False
24,0.5,14,log_ret_72_z,0.12,6,50,9.333333333333334,9.5,7.0,0.01590862038655741,0.0147289647210736,1.0,16800.0,15.0,1120.0,560.0,16800.0,15.0,1120.0,560.0,1120.0,1120.0,560.0,560.0,False
24,0.5,14,log_ret_168_z,0.22,11,50,9.454545454545455,10.0,6.363636363636363,0.010841509994546054,0.01038587212412534,1.0,16800.0,15.0,1120.0,560.0,16800.0,15.0,1120.0,560.0,1120.0,1120.0,560.0,560.0,False
24,0.5,14,ret_accel_6_24_z,0.26,13,50,8.615384615384615,9.0,6.076923076923077,0.01477265988592527,0.014687378820907981,1.0,16800.0,15.0,1120.0,560.0,16800.0,15.0,1120.0,560.0,1120.0,1120.0,560.0,560.0,False
24,0.5,14,ret_accel_24_72_z,0.26,13,50,7.3076923076923075,7.0,5.0,0.01555337672872598,0.014850903500551405,2.0,16800.0,15.0,1120.0,560.0,16800.0,15.0,1120.0,560.0,1120.0,1120.0,560.0,560.0,False
24,0.5,14,ret_accel_72_168_z,0.08,4,50,10.25,11.5,7.25,0.014405735344549989,0.013788446070719357,1.5,16800.0,15.0,1120.0,560.0,16800.0,15.0,1120.0,560.0,1120.0,1120.0,560.0,560.0,False
24,0.5,14,vol_ratio_24_log1p_z,0.02,1,50,14.0,14.0,9.0,0.005248885477011411,0.005248885477011411,1.0,16800.0,15.0,1120.0,560.0,16800.0,15.0,1120.0,560.0,1120.0,1120.0,560.0,560.0,False
24,0.5,14,vol_ratio_72_log1p_z,0.0,0,50,,,,,,,,,,,,,,,,,,,False
24,0.5,14,vol_ratio_168_log1p_z,0.02,1,50,11.0,11.0,7.0,0.00927537303019288,0.00927537303019288,1.0,16800.0,15.0,1120.0,560.0,16800.0,15.0,1120.0,560.0,1120.0,1120.0,560.0,560.0,False
24,0.5,14,range_sqrt_z,0.0,0,50,,,,,,,,,,,,,,,,,,,False
24,0.5,14,body_sqrt_z,0.0,0,50,,,,,,,,,,,,,,,,,,,False
24,0.5,14,vol_expansion_24_log1p_z,0.0,0,50,,,,,,,,,,,,,,,,,,,False
24,0.5,14,vol_expansion_72_log1p_z,0.04,2,50,12.5,12.5,8.0,0.004770652716625773,0.004770652716625773,1.0,16800.0,15.0,1120.0,560.0,16800.0,15.0,1120.0,560.0,1120.0,1120.0,560.0,560.0,False
24,0.5,14,vol_expansion_168_log1p_z,0.04,2,50,10.5,10.5,7.5,0.016462683767193426,0.016462683767193426,1.0,16800.0,15.0,1120.0,560.0,16800.0,15.0,1120.0,560.0,1120.0,1120.0,560.0,560.0,False
24,0.5,14,dist_to_high_24_sqrt_z,0.08,4,50,11.75,11.5,6.75,0.013939364754277983,0.013330362219892561,1.5,16800.0,15.0,1120.0,560.0,16800.0,15.0,1120.0,560.0,1120.0,1120.0,560.0,560.0,False
24,0.5,14,dist_to_low_24_sqrt_z,0.08,4,50,11.25,13.0,7.25,0.012522652688468056,0.013938006635786121,2.0,16800.0,15.0,1120.0,560.0,16800.0,15.0,1120.0,560.0,1120.0,1120.0,560.0,560.0,False
24,0.5,14,price_pos_in_range_24_norm,0.04,2,50,13.0,13.0,8.5,0.011684848050797891,0.011684848050797891,1.0,16800.0,15.0,1120.0,560.0,16800.0,15.0,1120.0,560.0,1120.0,1120.0,560.0,560.0,False
24,0.5,14,dist_to_high_72_sqrt_z,0.14,7,50,9.714285714285714,12.0,6.857142857142857,0.013191367500314593,0.012688803658477243,1.0,16800.0,15.0,1120.0,560.0,16800.0,15.0,1120.0,560.0,1120.0,1120.0,560.0,560.0,False
24,0.5,14,dist_to_low_72_sqrt_z,0.02,1,50,12.0,12.0,7.0,0.010809840420551997,0.010809840420551997,2.0,16800.0,15.0,1120.0,560.0,16800.0,15.0,1120.0,560.0,1120.0,1120.0,560.0,560.0,False
24,0.5,14,price_pos_in_range_72_norm,0.52,26,50,7.3076923076923075,8.0,4.961538461538462,0.013231518536338678,0.013107481594870185,1.0,16800.0,15.0,1120.0,560.0,16800.0,15.0,1120.0,560.0,1118.0,1118.0,559.0,559.0,False
24,0.5,14,dist_to_high_168_sqrt_z,0.12,6,50,11.5,12.0,8.0,0.014797955211110278,0.015811148568306982,2.0,16800.0,15.0,1120.0,560.0,16800.0,15.0,1120.0,560.0,1120.0,1120.0,560.0,560.0,False
24,0.5,14,dist_to_low_168_sqrt_z,0.1,5,50,10.4,11.0,7.8,0.014665701842192925,0.014009237615512815,1.0,16800.0,15.0,1120.0,560.0,16800.0,15.0,1120.0,560.0,1120.0,1120.0,560.0,560.0,False
24,0.5,14,price_pos_in_range_168_norm,0.58,29,50,7.517241379310345,7.0,5.206896551724138,0.015160462563569716,0.013984198326019492,2.0,16800.0,15.0,1120.0,560.0,16800.0,15.0,1120.0,560.0,1116.0,1116.0,558.0,558.0,False
24,0.5,20,dist_ema_9_z,0.08,4,50,16.75,16.5,12.5,0.010403143642847792,0.009843784002770084,1.0,16800.0,15.0,1120.0,560.0,16800.0,15.0,1120.0,560.0,1120.0,1120.0,560.0,560.0,False
24,0.5,20,ema_slope_9_z,0.12,6,50,12.666666666666666,14.0,8.833333333333334,0.01194310682536992,0.011162143139011538,1.0,16800.0,15.0,1120.0,560.0,16800.0,15.0,1120.0,560.0,1120.0,1120.0,560.0,560.0,False
24,0.5,20,dist_ema_21_z,0.06,3,50,17.0,17.0,11.333333333333334,0.011118516792533192,0.009295252536184462,1.0,16800.0,15.0,1120.0,560.0,16800.0,15.0,1120.0,560.0,1120.0,1120.0,560.0,560.0,False
24,0.5,20,ema_slope_21_z,0.7,35,50,10.228571428571428,11.0,6.942857142857143,0.014516537030912368,0.014590753569779458,1.0,16800.0,15.0,1120.0,560.0,16800.0,15.0,1120.0,560.0,1120.0,1120.0,560.0,560.0,True
24,0.5,20,dist_ema_50_z,0.04,2,50,15.5,15.5,12.0,0.013192281952646157,0.013192281952646157,0.5,16800.0,15.0,1120.0,560.0,16800.0,15.0,1120.0,560.0,1120.0,1120.0,560.0,560.0,False
24,0.5,20,ema_slope_50_z,0.8,40,50,9.375,8.5,6.525,0.015006304427219752,0.015061642148380572,2.0,16800.0,15.0,1120.0,560.0,16800.0,15.0,1120.0,560.0,1120.0,1120.0,560.0,560.0,True
24,0.5,20,dist_ema_100_z,0.18,9,50,13.777777777777779,13.0,9.555555555555555,0.011626533564494286,0.01177951096429286,1.0,16800.0,15.0,1120.0,560.0,16800.0,15.0,1120.0,560.0,1120.0,1120.0,560.0,560.0,False
24,0.5,20,ema_slope_100_z,0.48,24,50,13.166666666666666,15.0,9.333333333333334,0.013478693226710275,0.01326567708434595,1.0,16800.0,15.0,1120.0,560.0,16800.0,15.0,1120.0,560.0,1120.0,1120.0,560.0,560.0,False
24,0.5,20,dist_ema_200_z,0.54,27,50,10.851851851851851,11.0,7.555555555555555,0.011818319657817346,0.01187806984106976,1.0,16800.0,15.0,1120.0,560.0,16800.0,15.0,1120.0,560.0,1120.0,1120.0,560.0,560.0,False
24,0.5,20,ema_slope_200_z,0.42,21,50,11.714285714285714,12.0,8.238095238095237,0.01334493696780896,0.01298653494322094,1.0,16800.0,15.0,1120.0,560.0,16800.0,15.0,1120.0,560.0,1120.0,1120.0,560.0,560.0,False
24,0.5,20,ema_spread_9_21_z,0.78,39,50,9.153846153846153,9.0,6.564102564102564,0.015609720613454016,0.01495893919236857,1.0,16800.0,15.0,1120.0,560.0,16800.0,15.0,1120.0,560.0,1120.0,1120.0,560.0,560.0,True
24,0.5,20,ema_spread_21_50_z,0.44,22,50,13.909090909090908,14.0,9.681818181818182,0.013199448584783852,0.012196029473623887,1.0,16800.0,15.0,1120.0,560.0,16800.0,15.0,1120.0,560.0,1120.0,1120.0,560.0,560.0,False
24,0.5,20,ema_spread_50_100_z,0.82,41,50,7.170731707317073,6.0,4.829268292682927,0.014238658817911226,0.014296182025886728,1.0,16800.0,15.0,1120.0,560.0,16800.0,15.0,1120.0,560.0,1120.0,1120.0,560.0,560.0,True
24,0.5,20,ema_spread_100_200_z,0.78,39,50,9.282051282051283,9.0,6.333333333333333,0.015143093304694936,0.01432729987864334,2.0,16800.0,15.0,1120.0,560.0,16800.0,15.0,1120.0,560.0,1120.0,1120.0,560.0,560.0,True
24,0.5,20,MOM_pct_14_z,0.12,6,50,16.833333333333332,17.0,11.833333333333334,0.010199148720016102,0.009384912781609495,1.0,16800.0,15.0,1120.0,560.0,16800.0,15.0,1120.0,560.0,1120.0,1120.0,560.0,560.0,False
24,0.5,20,ADX_14_scaled,0.52,26,50,12.538461538461538,12.0,8.653846153846153,0.013076253131525146,0.012262335789765155,1.0,16800.0,15.0,1120.0,560.0,16800.0,15.0,1120.0,560.0,1120.0,1120.0,560.0,560.0,False
24,0.5,20,RSI_14_bounded,0.8,40,50,8.6,8.0,5.975,0.015851904619554286,0.015065605725507747,2.0,16800.0,15.0,1120.0,560.0,16800.0,15.0,1120.0,560.0,1120.0,1120.0,560.0,560.0,True
24,0.5,20,MOM_pct_30_z,0.08,4,50,18.0,18.5,13.25,0.009445677866955451,0.009229812421456984,1.0,16800.0,15.0,1120.0,560.0,16800.0,15.0,1120.0,560.0,1120.0,1120.0,560.0,560.0,False
24,0.5,20,ADX_30_scaled,0.94,47,50,6.212765957446808,4.0,4.191489361702128,0.017814469494439034,0.017839628455816103,2.0,16800.0,15.0,1120.0,560.0,16800.0,15.0,1120.0,560.0,1120.0,1120.0,560.0,560.0,True
24,0.5,20,RSI_30_bounded,0.8,40,50,8.525,7.5,5.925,0.01555681165686289,0.015677457717723414,2.0,16800.0,15.0,1120.0,560.0,16800.0,15.0,1120.0,560.0,1120.0,1120.0,560.0,560.0,True
24,0.5,20,MOM_pct_72_z,0.22,11,50,13.818181818181818,13.0,9.909090909090908,0.011831110136842597,0.010168857418830113,2.0,16800.0,15.0,1120.0,560.0,16800.0,15.0,1120.0,560.0,1120.0,1120.0,560.0,560.0,False
24,0.5,20,ADX_72_scaled,0.98,49,50,4.122448979591836,1.0,2.836734693877551,0.022170417399593238,0.020862429918311443,2.0,16800.0,15.0,1120.0,560.0,16800.0,15.0,1120.0,560.0,1120.0,1120.0,560.0,560.0,True
24,0.5,20,RSI_72_bounded,0.84,42,50,7.4523809523809526,5.0,5.309523809523809,0.01727520334562021,0.017747622404056362,2.0,16800.0,15.0,1120.0,560.0,16800.0,15.0,1120.0,560.0,1120.0,1120.0,560.0,560.0,True
24,0.5,20,MACD_hist_pct_z,0.16,8,50,14.875,16.5,10.375,0.01226193053309741,0.010059992906973514,1.0,16800.0,15.0,1120.0,560.0,16800.0,15.0,1120.0,560.0,1120.0,1120.0,560.0,560.0,False
24,0.5,20,NATR_14_z,0.56,28,50,12.285714285714286,13.0,8.392857142857142,0.011859357124612368,0.012362596996118275,1.0,16800.0,15.0,1120.0,560.0,16800.0,15.0,1120.0,560.0,1120.0,1120.0,560.0,560.0,False
24,0.5,20,bb_width_20_sqrt_z,0.5,25,50,10.44,10.0,7.32,0.01027504392287073,0.0095303574505467,1.0,16800.0,15.0,1120.0,560.0,16800.0,15.0,1120.0,560.0,1120.0,1120.0,560.0,560.0,False
24,0.5,20,bb_pos_20_norm,0.18,9,50,15.88888888888889,17.0,11.555555555555555,0.01140473240003821,0.009769308742114458,1.0,16800.0,15.0,1120.0,560.0,16800.0,15.0,1120.0,560.0,1120.0,1120.0,560.0,560.0,False
24,0.5,20,volatility_24_sqrt_z,0.7,35,50,9.971428571428572,9.0,6.828571428571428,0.011565791687873847,0.01163637859619926,1.0,16800.0,15.0,1120.0,560.0,16800.0,15.0,1120.0,560.0,1120.0,1120.0,560.0,560.0,True
24,0.5,20,volatility_72_sqrt_z,0.66,33,50,9.606060606060606,9.0,6.909090909090909,0.014876458799962713,0.014481084361737895,2.0,16800.0,15.0,1120.0,560.0,16800.0,15.0,1120.0,560.0,1120.0,1120.0,560.0,560.0,True
24,0.5,20,volatility_168_sqrt_z,0.6,30,50,10.2,10.0,7.2,0.0151155614013461,0.014351588169785767,1.0,16800.0,15.0,1120.0,560.0,16800.0,15.0,1120.0,560.0,1120.0,1120.0,560.0,560.0,True
24,0.5,20,log_ret_6_z,0.06,3,50,13.666666666666666,15.0,9.666666666666666,0.009534212628307892,0.008348356696740167,1.0,16800.0,15.0,1120.0,560.0,16800.0,15.0,1120.0,560.0,1120.0,1120.0,560.0,560.0,False
24,0.5,20,log_ret_24_z,0.12,6,50,19.333333333333332,19.5,13.666666666666666,0.00974147915084847,0.007825785311229988,1.0,16800.0,15.0,1120.0,560.0,16800.0,15.0,1120.0,560.0,1120.0,1120.0,560.0,560.0,False
24,0.5,20,log_ret_72_z,0.22,11,50,13.0,14.0,9.818181818181818,0.012803213105366447,0.010572930835036187,1.0,16800.0,15.0,1120.0,560.0,16800.0,15.0,1120.0,560.0,1120.0,1120.0,560.0,560.0,False
24,0.5,20,log_ret_168_z,0.46,23,50,13.391304347826088,15.0,9.521739130434783,0.008995382289263904,0.00817438045982083,1.0,16800.0,15.0,1120.0,560.0,16800.0,15.0,1120.0,560.0,1120.0,1120.0,560.0,560.0,False
24,0.5,20,ret_accel_6_24_z,0.42,21,50,12.047619047619047,12.0,8.476190476190476,0.013327938040471832,0.014257427241793463,1.0,16800.0,15.0,1120.0,560.0,16800.0,15.0,1120.0,560.0,1120.0,1120.0,560.0,560.0,False
24,0.5,20,ret_accel_24_72_z,0.48,24,50,12.0,12.0,8.333333333333334,0.013712810086303267,0.013640573326123534,1.0,16800.0,15.0,1120.0,560.0,16800.0,15.0,1120.0,560.0,1120.0,1120.0,560.0,560.0,False
24,0.5,20,ret_accel_72_168_z,0.16,8,50,14.0,14.5,10.0,0.012511526896218463,0.012352368268244818,1.0,16800.0,15.0,1120.0,560.0,16800.0,15.0,1120.0,560.0,1120.0,1120.0,560.0,560.0,False
24,0.5,20,vol_ratio_24_log1p_z,0.06,3,50,17.0,17.0,12.333333333333334,0.007912493415831593,0.00830839763559188,1.0,16800.0,15.0,1120.0,560.0,16800.0,15.0,1120.0,560.0,1120.0,1120.0,560.0,560.0,False
24,0.5,20,vol_ratio_72_log1p_z,0.0,0,50,,,,,,,,,,,,,,,,,,,False
24,0.5,20,vol_ratio_168_log1p_z,0.08,4,50,16.25,17.0,10.5,0.00865563866787715,0.008336610298062597,1.0,16800.0,15.0,1120.0,560.0,16800.0,15.0,1120.0,560.0,1120.0,1120.0,560.0,560.0,False
24,0.5,20,range_sqrt_z,0.08,4,50,18.5,18.5,12.75,0.012099409944883205,0.012558266271295804,1.0,16800.0,15.0,1120.0,560.0,16800.0,15.0,1120.0,560.0,1120.0,1120.0,560.0,560.0,False
24,0.5,20,body_sqrt_z,0.02,1,50,20.0,20.0,15.0,0.007131848948223829,0.007131848948223829,0.0,16800.0,15.0,1120.0,560.0,16800.0,15.0,1120.0,560.0,1120.0,1120.0,560.0,560.0,False
24,0.5,20,vol_expansion_24_log1p_z,0.0,0,50,,,,,,,,,,,,,,,,,,,False
24,0.5,20,vol_expansion_72_log1p_z,0.1,5,50,15.4,16.0,10.4,0.006682512260148166,0.006069671128607623,1.0,16800.0,15.0,1120.0,560.0,16800.0,15.0,1120.0,560.0,1120.0,1120.0,560.0,560.0,False
24,0.5,20,vol_expansion_168_log1p_z,0.06,3,50,12.0,14.0,8.333333333333334,0.015713926768297953,0.015157276548303789,1.0,16800.0,15.0,1120.0,560.0,16800.0,15.0,1120.0,560.0,1120.0,1120.0,560.0,560.0,False
24,0.5,20,dist_to_high_24_sqrt_z,0.18,9,50,14.777777777777779,16.0,10.0,0.011861367303909484,0.011111074228662865,1.0,16800.0,15.0,1120.0,560.0,16800.0,15.0,1120.0,560.0,1120.0,1120.0,560.0,560.0,False
24,0.5,20,dist_to_low_24_sqrt_z,0.28,14,50,15.357142857142858,16.0,10.785714285714286,0.01175287238859021,0.010768898287874057,1.0,16800.0,15.0,1120.0,560.0,16800.0,15.0,1120.0,560.0,1120.0,1120.0,560.0,560.0,False
24,0.5,20,price_pos_in_range_24_norm,0.1,5,50,16.4,17.0,11.8,0.009486649384042211,0.00905187827187337,1.0,16800.0,15.0,1120.0,560.0,16800.0,15.0,1120.0,560.0,1120.0,1120.0,560.0,560.0,False
24,0.5,20,dist_to_high_72_sqrt_z,0.38,19,50,14.68421052631579,16.0,10.789473684210526,0.01256585142784952,0.0121133203410132,1.0,16800.0,15.0,1120.0,560.0,16800.0,15.0,1120.0,560.0,1120.0,1120.0,560.0,560.0,False
24,0.5,20,dist_to_low_72_sqrt_z,0.08,4,50,16.5,17.0,10.75,0.007746565955811316,0.007180186391448379,1.0,16800.0,15.0,1120.0,560.0,16800.0,15.0,1120.0,560.0,1120.0,1120.0,560.0,560.0,False
24,0.5,20,price_pos_in_range_72_norm,0.58,29,50,8.413793103448276,8.0,5.896551724137931,0.012772574553936818,0.013094265659977067,1.0,16800.0,15.0,1120.0,560.0,16800.0,15.0,1120.0,560.0,1118.0,1118.0,559.0,559.0,False
24,0.5,20,dist_to_high_168_sqrt_z,0.34,17,50,15.529411764705882,17.0,11.0,0.0118403591512946,0.01080175608235956,1.0,16800.0,15.0,1120.0,560.0,16800.0,15.0,1120.0,560.0,1120.0,1120.0,560.0,560.0,False
24,0.5,20,dist_to_low_168_sqrt_z,0.12,6,50,11.5,12.5,8.666666666666666,0.01350952029703531,0.012912394926964638,1.0,16800.0,15.0,1120.0,560.0,16800.0,15.0,1120.0,560.0,1120.0,1120.0,560.0,560.0,False
24,0.5,20,price_pos_in_range_168_norm,0.72,36,50,9.055555555555555,9.5,6.25,0.014605985715965589,0.01311883273368622,1.0,16800.0,15.0,1120.0,560.0,16800.0,15.0,1120.0,560.0,1116.0,1116.0,558.0,558.0,True
24,0.5,26,dist_ema_9_z,0.28,14,50,21.857142857142858,23.0,16.142857142857142,0.00932735954189807,0.009334463039022245,0.0,16800.0,15.0,1120.0,560.0,16800.0,15.0,1120.0,560.0,1120.0,1120.0,560.0,560.0,False
24,0.5,26,ema_slope_9_z,0.26,13,50,18.53846153846154,21.0,13.076923076923077,0.009617947181547962,0.010163088317870439,1.0,16800.0,15.0,1120.0,560.0,16800.0,15.0,1120.0,560.0,1120.0,1120.0,560.0,560.0,False
24,0.5,26,dist_ema_21_z,0.1,5,50,19.8,20.0,14.4,0.008792011957421552,0.006122392635714624,1.0,16800.0,15.0,1120.0,560.0,16800.0,15.0,1120.0,560.0,1120.0,1120.0,560.0,560.0,False
24,0.5,26,ema_slope_21_z,0.8,40,50,11.9,11.0,8.225,0.013892220639702307,0.013534709949960422,1.0,16800.0,15.0,1120.0,560.0,16800.0,15.0,1120.0,560.0,1120.0,1120.0,560.0,560.0,True
24,0.5,26,dist_ema_50_z,0.12,6,50,20.5,21.5,15.0,0.011941279518768841,0.011790512466708869,0.0,16800.0,15.0,1120.0,560.0,16800.0,15.0,1120.0,560.0,1120.0,1120.0,560.0,560.0,False
24,0.5,26,ema_slope_50_z,0.96,48,50,11.645833333333334,10.5,8.3125,0.014187929685055112,0.013802426493402492,1.5,16800.0,15.0,1120.0,560.0,16800.0,15.0,1120.0,560.0,1120.0,1120.0,560.0,560.0,True
24,0.5,26,dist_ema_100_z,0.34,17,50,18.235294117647058,20.0,13.117647058823529,0.011135172323973723,0.01200117749042312,0.0,16800.0,15.0,1120.0,560.0,16800.0,15.0,1120.0,560.0,1120.0,1120.0,560.0,560.0,False
24,0.5,26,ema_slope_100_z,0.68,34,50,16.441176470588236,18.0,11.823529411764707,0.012234383403671075,0.01195475069639626,1.0,16800.0,15.0,1120.0,560.0,16800.0,15.0,1120.0,560.0,1120.0,1120.0,560.0,560.0,True
24,0.5,26,dist_ema_200_z,0.68,34,50,13.323529411764707,13.0,9.411764705882353,0.011568144104709669,0.011335595627288697,1.0,16800.0,15.0,1120.0,560.0,16800.0,15.0,1120.0,560.0,1120.0,1120.0,560.0,560.0,True
24,0.5,26,ema_slope_200_z,0.62,31,50,15.35483870967742,15.0,10.870967741935484,0.011800934722459326,0.011945147613728668,1.0,16800.0,15.0,1120.0,560.0,16800.0,15.0,1120.0,560.0,1120.0,1120.0,560.0,560.0,True
24,0.5,26,ema_spread_9_21_z,0.86,43,50,10.511627906976743,10.0,7.627906976744186,0.014952028279361526,0.01459826209281645,1.0,16800.0,15.0,1120.0,560.0,16800.0,15.0,1120.0,560.0,1120.0,1120.0,560.0,560.0,True
24,0.5,26,ema_spread_21_50_z,0.64,32,50,16.8125,16.5,12.15625,0.011852181744754964,0.011817565327419788,1.0,16800.0,15.0,1120.0,560.0,16800.0,15.0,1120.0,560.0,1120.0,1120.0,560.0,560.0,True
24,0.5,26,ema_spread_50_100_z,0.86,43,50,7.8604651162790695,6.0,5.395348837209302,0.01398549419239236,0.014134666266345686,1.0,16800.0,15.0,1120.0,560.0,16800.0,15.0,1120.0,560.0,1120.0,1120.0,560.0,560.0,True
24,0.5,26,ema_spread_100_200_z,0.86,43,50,10.651162790697674,10.0,7.465116279069767,0.014556814046193757,0.013879389396375341,2.0,16800.0,15.0,1120.0,560.0,16800.0,15.0,1120.0,560.0,1120.0,1120.0,560.0,560.0,True
24,0.5,26,MOM_pct_14_z,0.24,12,50,19.75,20.5,13.916666666666666,0.009219617276113803,0.008623940676257436,0.5,16800.0,15.0,1120.0,560.0,16800.0,15.0,1120.0,560.0,1120.0,1120.0,560.0,560.0,False
24,0.5,26,ADX_14_scaled,0.72,36,50,15.666666666666666,17.5,11.083333333333334,0.011731853699496121,0.010128407769091796,1.0,16800.0,15.0,1120.0,560.0,16800.0,15.0,1120.0,560.0,1120.0,1120.0,560.0,560.0,True
24,0.5,26,RSI_14_bounded,0.84,42,50,9.238095238095237,8.0,6.4523809523809526,0.01558729755019489,0.015014894870388568,2.0,16800.0,15.0,1120.0,560.0,16800.0,15.0,1120.0,560.0,1120.0,1120.0,560.0,560.0,True
24,0.5,26,MOM_pct_30_z,0.3,15,50,21.933333333333334,22.0,16.0,0.009286828311200182,0.008241415118225737,0.0,16800.0,15.0,1120.0,560.0,16800.0,15.0,1120.0,560.0,1120.0,1120.0,560.0,560.0,False
24,0.5,26,ADX_30_scaled,0.96,48,50,6.541666666666667,4.0,4.4375,0.01757665008241913,0.01753302304249263,2.0,16800.0,15.0,1120.0,560.0,16800.0,15.0,1120.0,560.0,1120.0,1120.0,560.0,560.0,True
24,0.5,26,RSI_30_bounded,0.9,45,50,10.222222222222221,9.0,7.222222222222222,0.014960813283202597,0.014807488606050523,2.0,16800.0,15.0,1120.0,560.0,16800.0,15.0,1120.0,560.0,1120.0,1120.0,560.0,560.0,True
24,0.5,26,MOM_pct_72_z,0.3,15,50,16.133333333333333,17.0,11.666666666666666,0.01117558952654764,0.009858367516273892,1.0,16800.0,15.0,1120.0,560.0,16800.0,15.0,1120.0,560.0,1120.0,1120.0,560.0,560.0,False
24,0.5,26,ADX_72_scaled,0.98,49,50,4.122448979591836,1.0,2.836734693877551,0.022170417399593238,0.020862429918311443,2.0,16800.0,15.0,1120.0,560.0,16800.0,15.0,1120.0,560.0,1120.0,1120.0,560.0,560.0,True
24,0.5,26,RSI_72_bounded,0.92,46,50,8.91304347826087,6.0,6.326086956521739,0.016758201798746618,0.017143196320644483,2.0,16800.0,15.0,1120.0,560.0,16800.0,15.0,1120.0,560.0,1118.0,1118.0,559.0,559.0,True
24,0.5,26,MACD_hist_pct_z,0.3,15,50,18.8,20.0,13.4,0.009871841601103885,0.009721067316068921,1.0,16800.0,15.0,1120.0,560.0,16800.0,15.0,1120.0,560.0,1120.0,1120.0,560.0,560.0,False
24,0.5,26,NATR_14_z,0.64,32,50,13.875,14.0,9.71875,0.01143856681918505,0.012124378384530732,1.0,16800.0,15.0,1120.0,560.0,16800.0,15.0,1120.0,560.0,1120.0,1120.0,560.0,560.0,True
24,0.5,26,bb_width_20_sqrt_z,0.72,36,50,14.11111111111111,13.5,10.0,0.00968940773165302,0.009087672708989414,1.0,16800.0,15.0,1120.0,560.0,16800.0,15.0,1120.0,560.0,1120.0,1120.0,560.0,560.0,True
24,0.5,26,bb_pos_20_norm,0.36,18,50,19.38888888888889,20.5,14.38888888888889,0.010169921575246658,0.0096278741638397,0.5,16800.0,15.0,1120.0,560.0,16800.0,15.0,1120.0,560.0,1120.0,1120.0,560.0,560.0,False
24,0.5,26,volatility_24_sqrt_z,0.76,38,50,10.947368421052632,11.0,7.7368421052631575,0.01127873348244061,0.01103243002965329,1.0,16800.0,15.0,1120.0,560.0,16800.0,15.0,1120.0,560.0,1120.0,1120.0,560.0,560.0,True
24,0.5,26,volatility_72_sqrt_z,0.82,41,50,12.170731707317072,11.0,8.731707317073171,0.013766097651159746,0.01263907078009524,2.0,16800.0,15.0,1120.0,560.0,16800.0,15.0,1120.0,560.0,1120.0,1120.0,560.0,560.0,True
24,0.5,26,volatility_168_sqrt_z,0.74,37,50,12.621621621621621,12.0,9.162162162162161,0.014028345528867453,0.013201086489842195,1.0,16800.0,15.0,1120.0,560.0,16800.0,15.0,1120.0,560.0,1120.0,1120.0,560.0,560.0,True
24,0.5,26,log_ret_6_z,0.12,6,50,19.5,22.0,14.0,0.008598019198188025,0.008247495900141233,0.5,16800.0,15.0,1120.0,560.0,16800.0,15.0,1120.0,560.0,1120.0,1120.0,560.0,560.0,False
24,0.5,26,log_ret_24_z,0.2,10,50,21.3,20.0,15.4,0.010348135525340368,0.009473946413431633,0.5,16800.0,15.0,1120.0,560.0,16800.0,15.0,1120.0,560.0,1120.0,1120.0,560.0,560.0,False
24,0.5,26,log_ret_72_z,0.26,13,50,14.538461538461538,15.0,10.692307692307692,0.011695462731096565,0.010437295049559148,1.0,16800.0,15.0,1120.0,560.0,16800.0,15.0,1120.0,560.0,1120.0,1120.0,560.0,560.0,False
24,0.5,26,log_ret_168_z,0.54,27,50,15.037037037037036,16.0,10.666666666666666,0.008393447888769208,0.007467905263161212,1.0,16800.0,15.0,1120.0,560.0,16800.0,15.0,1120.0,560.0,1120.0,1120.0,560.0,560.0,False
24,0.5,26,ret_accel_6_24_z,0.56,28,50,14.785714285714286,16.0,10.392857142857142,0.012491539440935284,0.013637871991319606,1.0,16800.0,15.0,1120.0,560.0,16800.0,15.0,1120.0,560.0,1120.0,1120.0,560.0,560.0,False
24,0.5,26,ret_accel_24_72_z,0.66,33,50,15.333333333333334,16.0,10.727272727272727,0.012829443958336666,0.013449346562730669,1.0,16800.0,15.0,1120.0,560.0,16800.0,15.0,1120.0,560.0,1120.0,1120.0,560.0,560.0,True
24,0.5,26,ret_accel_72_168_z,0.28,14,50,18.214285714285715,20.0,13.642857142857142,0.01081400505333883,0.009969196151538323,1.0,16800.0,15.0,1120.0,560.0,16800.0,15.0,1120.0,560.0,1120.0,1120.0,560.0,560.0,False
24,0.5,26,vol_ratio_24_log1p_z,0.14,7,50,21.857142857142858,25.0,16.285714285714285,0.00863202477855963,0.00830839763559188,0.0,16800.0,15.0,1120.0,560.0,16800.0,15.0,1120.0,560.0,1120.0,1120.0,560.0,560.0,False
24,0.5,26,vol_ratio_72_log1p_z,0.02,1,50,24.0,24.0,16.0,0.00351171493844199,0.00351171493844199,0.0,16800.0,15.0,1120.0,560.0,16800.0,15.0,1120.0,560.0,1120.0,1120.0,560.0,560.0,False
24,0.5,26,vol_ratio_168_log1p_z,0.12,6,50,18.5,19.5,12.833333333333334,0.007695705865722426,0.007108727429746053,1.0,16800.0,15.0,1120.0,560.0,16800.0,15.0,1120.0,560.0,1120.0,1120.0,560.0,560.0,False
24,0.5,26,range_sqrt_z,0.16,8,50,21.0,20.5,14.875,0.012528188629121716,0.012558266271295804,0.0,16800.0,15.0,1120.0,560.0,16800.0,15.0,1120.0,560.0,1120.0,1120.0,560.0,560.0,False
24,0.5,26,body_sqrt_z,0.06,3,50,23.333333333333332,24.0,17.666666666666668,0.007389712111979326,0.007474510195351947,0.0,16800.0,15.0,1120.0,560.0,16800.0,15.0,1120.0,560.0,1120.0,1120.0,560.0,560.0,False
24,0.5,26,vol_expansion_24_log1p_z,0.06,3,50,22.0,21.0,15.333333333333334,0.007331160883816172,0.007137589531981514,0.0,16800.0,15.0,1120.0,560.0,16800.0,15.0,1120.0,560.0,1120.0,1120.0,560.0,560.0,False
24,0.5,26,vol_expansion_72_log1p_z,0.22,11,50,19.90909090909091,22.0,14.0,0.007543398391894304,0.006396039371577789,0.0,16800.0,15.0,1120.0,560.0,16800.0,15.0,1120.0,560.0,1120.0,1120.0,560.0,560.0,False
24,0.5,26,vol_expansion_168_log1p_z,0.14,7,50,18.857142857142858,22.0,14.428571428571429,0.01307122191289157,0.014216412770507003,0.0,16800.0,15.0,1120.0,560.0,16800.0,15.0,1120.0,560.0,1120.0,1120.0,560.0,560.0,False
24,0.5,26,dist_to_high_24_sqrt_z,0.3,15,50,18.4,17.0,13.266666666666667,0.010282608196440897,0.009241730304112794,1.0,16800.0,15.0,1120.0,560.0,16800.0,15.0,1120.0,560.0,1120.0,1120.0,560.0,560.0,False
24,0.5,26,dist_to_low_24_sqrt_z,0.4,20,50,17.8,17.0,13.15,0.011052998221873975,0.01037097491487865,1.0,16800.0,15.0,1120.0,560.0,16800.0,15.0,1120.0,560.0,1120.0,1120.0,560.0,560.0,False
24,0.5,26,price_pos_in_range_24_norm,0.24,12,50,21.25,24.0,15.333333333333334,0.009032592925772747,0.008969313863718076,0.0,16800.0,15.0,1120.0,560.0,16800.0,15.0,1120.0,560.0,1118.0,1118.0,559.0,559.0,False
24,0.5,26,dist_to_high_72_sqrt_z,0.56,28,50,17.535714285714285,18.5,13.107142857142858,0.011345408838132804,0.010768863649828764,1.0,16800.0,15.0,1120.0,560.0,16800.0,15.0,1120.0,560.0,1120.0,1120.0,560.0,560.0,False
24,0.5,26,dist_to_low_72_sqrt_z,0.22,11,50,21.636363636363637,24.0,15.454545454545455,0.007796688007360805,0.007312029037606249,0.0,16800.0,15.0,1120.0,560.0,16800.0,15.0,1120.0,560.0,1120.0,1120.0,560.0,560.0,False
24,0.5,26,price_pos_in_range_72_norm,0.68,34,50,10.529411764705882,9.5,7.470588235294118,0.01225126028651865,0.012812032121328976,1.0,16800.0,15.0,1120.0,560.0,16800.0,15.0,1120.0,560.0,1118.0,1118.0,559.0,559.0,True
24,0.5,26,dist_to_high_168_sqrt_z,0.5,25,50,17.92,18.0,12.96,0.01059463180555527,0.009388177996867586,1.0,16800.0,15.0,1120.0,560.0,16800.0,15.0,1120.0,560.0,1120.0,1120.0,560.0,560.0,False
24,0.5,26,dist_to_low_168_sqrt_z,0.22,11,50,17.181818181818183,17.0,12.727272727272727,0.010347311046025078,0.00891173058474165,1.0,16800.0,15.0,1120.0,560.0,16800.0,15.0,1120.0,560.0,1120.0,1120.0,560.0,560.0,False
24,0.5,26,price_pos_in_range_168_norm,0.78,39,50,10.179487179487179,11.0,7.076923076923077,0.014194962005721026,0.012824047835151786,1.0,16800.0,15.0,1120.0,560.0,16800.0,15.0,1120.0,560.0,1116.0,1116.0,558.0,558.0,True
