,MOM_pct_14_z,MACD_hist_pct_z,dist_to_low_24_sqrt_z,MOM_pct_30_z,range_sqrt_z,bb_width_20_sqrt_z,vol_ratio_72_log1p_z,body_sqrt_z,ret_accel_6_24_z,NATR_14_z
MOM_pct_14_z,1.0,0.7888824635124754,0.6841677985398045,0.6634527968161782,0.031200328044891198,0.054253617567258085,0.0007367705901412062,0.018122755963335936,0.4580508748485778,0.12453539251624371
MACD_hist_pct_z,0.7888824635124754,1.0,0.6063413456018738,0.3541661793798258,0.015211349856931329,0.04896653343947979,0.006448799400646789,0.0052446400035256425,0.099728188326296,0.08414316820648059
dist_to_low_24_sqrt_z,0.6841677985398045,0.6063413456018738,1.0,0.5670015839985596,0.11529244098171577,0.39542967021509323,0.09882007508917087,0.05146636717850081,0.3858518414837808,0.21430492636561127
MOM_pct_30_z,0.6634527968161782,0.3541661793798258,0.5670015839985596,1.0,0.04048302955608501,0.04601613682287856,0.011261000387605682,0.03404062976491553,0.7179636691761404,0.12205121262169678
range_sqrt_z,0.031200328044891198,0.015211349856931329,0.11529244098171577,0.04048302955608501,1.0,0.2856398040375093,0.7455200059919685,0.6883916011990484,0.021432547949965432,0.48011310499517995
bb_width_20_sqrt_z,0.054253617567258085,0.04896653343947979,0.39542967021509323,0.04601613682287856,0.2856398040375093,1.0,0.26929186953185713,0.14696435474706673,0.028745514884116797,0.5536818357454125
vol_ratio_72_log1p_z,0.0007367705901412062,0.006448799400646789,0.09882007508917087,0.011261000387605682,0.7455200059919685,0.26929186953185713,1.0,0.4531667247524317,0.009740738029274013,0.3085396497024198
body_sqrt_z,0.018122755963335936,0.0052446400035256425,0.05146636717850081,0.03404062976491553,0.6883916011990484,0.14696435474706673,0.4531667247524317,1.0,0.018798430201435127,0.26578033592135064
ret_accel_6_24_z,0.4580508748485778,0.099728188326296,0.3858518414837808,0.7179636691761404,0.021432547949965432,0.028745514884116797,0.009740738029274013,0.018798430201435127,1.0,0.0807298288109932
NATR_14_z,0.12453539251624371,0.08414316820648059,0.21430492636561127,0.12205121262169678,0.48011310499517995,0.5536818357454125,0.3085396497024198,0.26578033592135064,0.0807298288109932,1.0
