seed,n_symbols,seed_dro_score,dro_alpha,seed_dro_min_aggregate_half,mean_symbol_h1_return_pct,mean_symbol_h2_return_pct,mean_symbol_full_return_pct,median_symbol_full_return_pct,median_drawdown_abs,max_drawdown_abs,median_profit_factor,total_trades,min_symbol_trades,mean_executed_action_1_ratio,mean_constraint_applied_ratio,mean_forced_singleton_ratio,mean_decision_point_ratio,mean_bandit_consulted_ratio,mean_pending_update_queued_ratio,median_holding_bars,mean_holding_bars,p25_holding_bars,p75_holding_bars,share_trades_closed_before_horizon,share_trades_closed_after_horizon,median_time_between_entries,confirmation_seed,original_trial_number,confirmation_rank,bandit_name,method_group,set_name,z_window
8000,3,-4.087604494174501,0.5,-5.138756355350638,-0.9341489106460895,-5.138756355350638,-6.05008946066042,-6.9292213379375305,8.782800008674696,9.959416136445565,0.6716550612538973,444,141,0.5146666666666667,0.2965,0.29800000000000004,0.702,0.702,0.6995,4.0,6.798657718120805,4.0,5.0,0.8506493506493507,0.14935064935064934,8.5,8000,32,1,sw_lints,corr,z48_a0p5_corr_pruned_top10,48
8001,3,-3.9752819749505734,0.5,-5.532265853411947,0.6956696604335474,-5.532265853411947,-4.854161679883162,-4.504851552417588,8.52779565023849,11.391633027411952,0.7538875131024594,415,120,0.5258333333333333,0.2771666666666667,0.2915,0.7085,0.7085,0.707,4.0,6.74496644295302,4.0,7.0,0.8053691275167785,0.19463087248322147,9.0,8001,32,1,sw_lints,corr,z48_a0p5_corr_pruned_top10,48
8002,3,-4.9875181179221535,0.5,-6.348590236654313,-0.9043017617256751,-6.348590236654313,-7.16412308341674,-8.0858624590186,9.974535066330182,12.943701980549104,0.6466264673929384,426,127,0.5138333333333333,0.2848333333333333,0.2995,0.7005,0.7005,0.6975,4.0,6.713333333333333,4.0,5.75,0.84,0.16,9.0,8002,32,1,sw_lints,corr,z48_a0p5_corr_pruned_top10,48
8003,3,-2.7580981843389134,0.5,-3.587197496903771,-0.27080024664433894,-3.587197496903771,-3.803255980144175,-5.9184216894556885,9.089208347246148,9.299981456919271,0.7071049080827068,427,130,0.5211666666666667,0.2851666666666666,0.29400000000000004,0.706,0.706,0.7035,4.0,6.802721088435374,4.0,6.0,0.8503401360544217,0.14965986394557823,8.0,8003,32,1,sw_lints,corr,z48_a0p5_corr_pruned_top10,48
8004,3,-3.2637424821196284,0.5,-4.149840947117622,-0.6054470871256471,-4.149840947117622,-4.680349357863929,-6.631523439560594,8.386303558393848,10.295101614699952,0.7068925825149688,426,126,0.5228333333333334,0.2848333333333333,0.277,0.723,0.723,0.721,4.0,6.760869565217392,4.0,5.0,0.8333333333333334,0.16666666666666666,8.0,8004,32,1,sw_lints,corr,z48_a0p5_corr_pruned_top10,48
8005,3,-4.190800632281595,0.5,-5.214842985955214,-1.1186735712607383,-5.214842985955214,-6.23038985042994,-6.240243502674314,7.259976466314777,12.255126361065694,0.7415870493737904,449,123,0.535,0.30083333333333334,0.3235,0.6765,0.6765,0.675,4.0,6.341614906832298,4.0,6.0,0.8571428571428571,0.14285714285714285,8.0,8005,32,1,sw_lints,corr,z48_a0p5_corr_pruned_top10,48
8006,3,-4.403303946094996,0.5,-5.3979650505403685,-1.41932063275888,-5.3979650505403685,-6.711356431472251,-5.038990288673029,8.907576741959321,12.664128072813485,0.7451319835115393,455,128,0.5158333333333333,0.3041666666666667,0.31999999999999995,0.68,0.68,0.6775,4.0,6.1125,4.0,5.0,0.8862275449101796,0.11377245508982035,7.0,8006,32,1,sw_lints,corr,z48_a0p5_corr_pruned_top10,48
8007,3,-3.0179251984396815,0.5,-4.241859189118169,0.6538767735957814,-4.241859189118169,-3.633037382801818,-4.47013619679979,7.13621033206322,8.943194372241358,0.7704820482843378,424,137,0.5185000000000001,0.2841666666666667,0.2835,0.7165,0.7165,0.715,4.0,7.065693430656935,4.0,5.0,0.8467153284671532,0.15328467153284672,9.0,8007,32,1,sw_lints,corr,z48_a0p5_corr_pruned_top10,48
8008,3,-3.7564638149336935,0.5,-4.8715555260789785,-0.411188681497839,-4.8715555260789785,-5.312240096142836,-6.32578130642295,7.648390585160724,10.361603765846827,0.7142934626188981,446,138,0.515,0.29816666666666664,0.2935,0.7065,0.7065,0.704,4.0,6.425925925925926,4.0,5.0,0.863013698630137,0.136986301369863,8.0,8008,32,1,sw_lints,corr,z48_a0p5_corr_pruned_top10,48
8009,3,-3.567537257272665,0.5,-4.183103343709959,-1.720838997960783,-4.183103343709959,-5.81650613061229,-7.724826972718457,9.82540788838866,13.144520601509612,0.6729068657669092,453,144,0.514,0.3028333333333333,0.30300000000000005,0.697,0.697,0.695,4.0,6.596026490066225,4.0,6.0,0.8807947019867549,0.11920529801324503,8.0,8009,32,1,sw_lints,corr,z48_a0p5_corr_pruned_top10,48
8010,3,-3.245980674294718,0.5,-4.095757334459749,-0.6966506937996275,-4.095757334459749,-4.766935890039984,-4.089707672472242,5.7210092549667575,10.31326142758463,0.7357287695629499,447,140,0.5206666666666666,0.29916666666666664,0.29500000000000004,0.705,0.705,0.703,4.0,6.945578231292517,4.0,5.0,0.8428571428571429,0.15714285714285714,9.0,8010,32,1,sw_lints,corr,z48_a0p5_corr_pruned_top10,48
8011,3,-3.4038003324611235,0.5,-4.214455873139318,-0.9718337104265395,-4.214455873139318,-5.116572130699592,-4.729795903735479,7.668532354306768,11.561030924682758,0.7519081249402204,417,127,0.5323333333333333,0.27899999999999997,0.28600000000000003,0.714,0.714,0.709,4.0,6.945578231292517,4.0,6.0,0.8435374149659864,0.1564625850340136,9.0,8011,32,1,sw_lints,corr,z48_a0p5_corr_pruned_top10,48
8012,3,-4.972866002223533,0.5,-5.966980171527954,-1.9905234943102699,-5.966980171527954,-7.796448215871717,-9.133734712760887,12.10451695134278,13.747124772531127,0.6605982309052316,436,117,0.5346666666666666,0.29116666666666663,0.30800000000000005,0.692,0.692,0.69,4.0,6.5064935064935066,4.0,5.0,0.8571428571428571,0.14285714285714285,8.0,8012,32,1,sw_lints,corr,z48_a0p5_corr_pruned_top10,48
8013,3,-4.594333535310244,0.5,-5.653112472063733,-1.4179967250497751,-5.653112472063733,-6.947241855808872,-8.13711351734291,8.279492684656686,14.312147291051113,0.65445411259195,434,133,0.517,0.29033333333333333,0.30000000000000004,0.7,0.7,0.6975,4.0,6.602649006622516,4.0,6.0,0.8345864661654135,0.16541353383458646,8.0,8013,32,1,sw_lints,corr,z48_a0p5_corr_pruned_top10,48
8014,3,-4.006996959312943,0.5,-5.392629937774044,0.1499019760703583,-5.392629937774044,-5.262634309518048,-4.246479185456764,9.416771350866115,9.620960368400011,0.7486935020610086,430,126,0.532,0.28750000000000003,0.26549999999999996,0.7345,0.7345,0.7295,4.0,7.674603174603175,4.0,6.0,0.8257575757575758,0.17424242424242425,9.0,8014,32,1,sw_lints,corr,z48_a0p5_corr_pruned_top10,48
8015,3,-5.511446522738434,0.5,-7.151543973033977,-0.5911541718518043,-7.151543973033977,-7.677004044920977,-6.900154134287673,10.773265190087999,13.438296810480988,0.6788298060985168,426,127,0.5189999999999999,0.2848333333333333,0.26749999999999996,0.7325,0.7325,0.7295,4.0,7.12781954887218,4.0,6.0,0.849624060150376,0.15037593984962405,8.0,8015,32,1,sw_lints,corr,z48_a0p5_corr_pruned_top10,48
8016,3,-3.458117851321679,0.5,-4.5947593729494045,-0.048193286438502625,-4.5947593729494045,-4.606943584289492,-2.1930164190198997,5.2921863983287025,10.799719175194845,0.836366355385043,467,129,0.518,0.3115,0.3335,0.6665,0.6665,0.664,4.0,5.868263473053892,4.0,5.0,0.8802395209580839,0.11976047904191617,8.0,8016,32,1,sw_lints,corr,z48_a0p5_corr_pruned_top10,48
8017,3,-3.395110106506859,0.5,-3.789034112916171,-2.2133380872789226,-3.789034112916171,-5.890769260591401,-6.21100246865719,7.677316904196885,12.58573438722218,0.7073609531901146,461,136,0.5243333333333333,0.3075,0.3235,0.6765,0.6765,0.675,4.0,6.172839506172839,4.0,5.0,0.8703703703703703,0.12962962962962962,8.0,8017,32,1,sw_lints,corr,z48_a0p5_corr_pruned_top10,48
8018,3,-4.617286551434942,0.5,-5.9138074998243555,-0.727723706266703,-5.9138074998243555,-6.558952679447009,-8.482054465515832,10.69130116311402,12.750922307899604,0.6526693492952986,445,132,0.5285000000000001,0.29783333333333334,0.31299999999999994,0.687,0.687,0.685,4.0,6.286624203821656,4.0,5.25,0.8662420382165605,0.1337579617834395,8.0,8018,32,1,sw_lints,corr,z48_a0p5_corr_pruned_top10,48
8019,3,-3.4001856066660636,0.5,-4.128724717867764,-1.2145682730609602,-4.128724717867764,-5.2618283193620385,-6.809807746586727,7.904950723164461,12.3055483333255,0.6818697993486973,434,138,0.5308333333333334,0.2896666666666667,0.2835,0.7165,0.7165,0.7135,4.0,7.014084507042254,4.0,5.75,0.8506493506493507,0.14935064935064934,9.0,8019,32,1,sw_lints,corr,z48_a0p5_corr_pruned_top10,48
8020,3,-2.732215767122536,0.5,-4.188221131592088,1.6358003262861187,-4.188221131592088,-2.619856626639653,-4.194462241452102,7.308181973750139,9.209264402565376,0.771941227731218,432,138,0.5268333333333333,0.28833333333333333,0.27749999999999997,0.7225,0.7225,0.7175,4.0,7.266187050359712,4.0,6.75,0.8333333333333334,0.16666666666666666,9.0,8020,32,1,sw_lints,corr,z48_a0p5_corr_pruned_top10,48
8021,3,-5.150761322830943,0.5,-7.302011124581398,1.3029880824204236,-7.302011124581398,-6.063645138850556,-8.43735115692279,11.074799162407512,11.198295124700042,0.660020608260302,456,129,0.5378333333333334,0.30483333333333335,0.3035,0.6965,0.6965,0.6935,4.0,6.496688741721854,4.0,5.0,0.8675496688741722,0.13245033112582782,8.0,8021,32,1,sw_lints,corr,z48_a0p5_corr_pruned_top10,48
8022,3,-4.636952405801499,0.5,-5.7801806656333605,-1.2072676263059152,-5.7801806656333605,-6.904628599061151,-6.372488879428417,7.4527893046399285,11.305959014382584,0.6909860247268872,458,135,0.5255,0.305,0.30600000000000005,0.694,0.694,0.6895,4.0,7.17037037037037,4.0,5.0,0.888235294117647,0.11176470588235295,8.0,8022,32,1,sw_lints,corr,z48_a0p5_corr_pruned_top10,48
8023,3,-3.4075761342663307,0.5,-4.624872176890227,0.24431199360535802,-4.624872176890227,-4.3482050523354046,-7.056922081550621,8.262755252534737,10.37072248633828,0.6801545670428777,478,144,0.5143333333333333,0.319,0.32399999999999995,0.676,0.676,0.6715,4.0,6.0,4.0,5.0,0.8888888888888888,0.1111111111111111,8.0,8023,32,1,sw_lints,corr,z48_a0p5_corr_pruned_top10,48
8024,3,-3.1430067225215836,0.5,-3.7273909381735293,-1.3898540755657478,-3.7273909381735293,-5.002467463617525,-2.3017995359951415,5.006989638683068,13.049937358645936,0.8204752251974726,461,125,0.5236666666666666,0.3076666666666667,0.30800000000000005,0.692,0.692,0.6905,4.0,6.194805194805195,4.0,5.0,0.8846153846153846,0.11538461538461539,8.0,8024,32,1,sw_lints,corr,z48_a0p5_corr_pruned_top10,48
8000,3,-4.213829630680262,0.5,-5.083144574299477,-1.6058847998226173,-5.083144574299477,-6.623150091137698,-7.581671623859743,7.985589225245149,9.701460908452864,0.6906981238174603,473,135,0.49333333333333335,0.316,0.32499999999999996,0.675,0.675,0.671,4.0,5.685185185185185,4.0,5.0,0.9090909090909091,0.09090909090909091,7.0,8000,45,2,sw_lints,corr,z48_a0p5_corr_pruned_top10,48
8001,3,-3.7090114579392663,0.5,-5.001930728940377,0.1697463550640673,-5.001930728940377,-4.8447724704812325,-4.215727566156535,9.099739328442357,9.768887549509708,0.7724714817341063,430,132,0.5159999999999999,0.28750000000000003,0.29600000000000004,0.704,0.704,0.7015,4.0,6.831081081081081,4.0,5.25,0.8378378378378378,0.16216216216216217,9.0,8001,45,2,sw_lints,corr,z48_a0p5_corr_pruned_top10,48
8002,3,-3.5626959368663593,0.5,-4.443519512219955,-0.9202252108055734,-4.443519512219955,-5.3212093524052655,-6.863175889074635,10.356879007415698,10.795181547275401,0.717423611066292,412,133,0.5273333333333333,0.27566666666666667,0.26749999999999996,0.7325,0.7325,0.7295,4.0,7.7443609022556394,4.0,7.0,0.7969924812030075,0.20300751879699247,9.0,8002,45,2,sw_lints,corr,z48_a0p5_corr_pruned_top10,48
8003,3,-4.543189124461009,0.5,-5.879566347399209,-0.534057455646412,-5.879566347399209,-6.3880674058418165,-7.4659253133032895,9.470812521475535,12.606843062997697,0.6610488784083712,443,131,0.5223333333333333,0.2956666666666667,0.2955,0.7045,0.7045,0.703,4.0,6.574324324324325,4.0,6.0,0.8581081081081081,0.14189189189189189,8.0,8003,45,2,sw_lints,corr,z48_a0p5_corr_pruned_top10,48
8004,3,-4.037971968096254,0.5,-4.920670045388213,-1.3898777362203758,-4.920670045388213,-6.231277223586503,-8.10546824970373,10.970367062991803,11.561403099130473,0.6466014853295453,411,130,0.518,0.2745,0.276,0.724,0.724,0.719,4.0,7.160839160839161,4.0,6.0,0.8188405797101449,0.18115942028985507,8.0,8004,45,2,sw_lints,corr,z48_a0p5_corr_pruned_top10,48
8005,3,-3.013725804572769,0.5,-4.557838533575638,1.6186123824358394,-4.557838533575638,-3.0266914546796015,-1.5663359213864303,7.828835031755066,12.164781612766628,0.8904898704987784,428,133,0.5121666666666667,0.2866666666666666,0.2895,0.7105,0.7105,0.709,4.0,6.833333333333333,4.0,6.0,0.8472222222222222,0.1527777777777778,10.0,8005,45,2,sw_lints,corr,z48_a0p5_corr_pruned_top10,48
8006,3,-3.0988120981945544,0.5,-3.8132812524399298,-0.955404635458427,-3.8132812524399298,-4.7287531990713445,-4.8039772945173915,8.06562127778545,9.945858525609042,0.7646272367286473,431,134,0.5091666666666667,0.28783333333333333,0.29400000000000004,0.706,0.706,0.703,4.0,6.54421768707483,4.0,6.0,0.8435374149659864,0.1564625850340136,9.0,8006,45,2,sw_lints,corr,z48_a0p5_corr_pruned_top10,48
8007,3,-3.4427147041863035,0.5,-4.527084651680365,-0.18960486170411794,-4.527084651680365,-4.701765022496244,-5.755987846506539,7.869937313639941,8.9511018352731,0.7174742110231257,427,139,0.5195,0.2853333333333333,0.2885,0.7115,0.7115,0.709,4.0,7.316546762589928,4.0,6.0,0.8129496402877698,0.18705035971223022,9.0,8007,45,2,sw_lints,corr,z48_a0p5_corr_pruned_top10,48
8008,3,-2.976900351113642,0.5,-4.104406864858941,0.4056191901222565,-4.104406864858941,-3.7118404236036997,-3.817329546283199,7.283079380547908,11.682926621228996,0.7798562131097243,399,128,0.5121666666666667,0.2665,0.27,0.73,0.73,0.7255,4.0,7.955882352941177,4.0,7.25,0.796875,0.203125,9.0,8008,45,2,sw_lints,corr,z48_a0p5_corr_pruned_top10,48
8009,3,-4.219499194561211,0.5,-5.1439484192135145,-1.4461515206042996,-5.1439484192135145,-6.475028004572818,-7.569086595902674,7.8442261858390205,14.112862870987342,0.6869984814598219,452,139,0.5183333333333333,0.30233333333333334,0.3075,0.6925,0.6925,0.691,4.0,6.69281045751634,4.0,6.0,0.8169934640522876,0.1830065359477124,8.0,8009,45,2,sw_lints,corr,z48_a0p5_corr_pruned_top10,48
8010,3,-2.460860925857938,0.5,-3.118487061815456,-0.48798251798538583,-3.118487061815456,-3.587317022045348,-3.5911706735854754,6.574324146116073,6.98527775727732,0.7951589103611575,439,137,0.5181666666666666,0.2936666666666667,0.2835,0.7165,0.7165,0.7135,4.0,7.4963503649635035,4.0,5.0,0.8652482269503546,0.1347517730496454,8.0,8010,45,2,sw_lints,corr,z48_a0p5_corr_pruned_top10,48
8011,3,-3.6700675938068086,0.5,-4.933631893080022,0.12062530401282985,-4.933631893080022,-4.835269011295977,-4.08494463155108,8.287634764530605,10.025654396214623,0.7165997467000589,426,134,0.5218333333333334,0.2846666666666667,0.28800000000000003,0.712,0.712,0.7095,4.0,6.951388888888889,4.0,6.0,0.8333333333333334,0.16666666666666666,9.0,8011,45,2,sw_lints,corr,z48_a0p5_corr_pruned_top10,48
8012,3,-3.9829545185508595,0.5,-5.576868136254904,0.7987863345612745,-5.576868136254904,-4.7981286787327635,-4.089337320895514,7.8215549830139,11.273879748618986,0.7822000937235334,411,122,0.5378333333333333,0.2741666666666666,0.2815,0.7185,0.7185,0.7155,4.0,7.156028368794326,4.0,6.0,0.8368794326241135,0.16312056737588654,9.0,8012,45,2,sw_lints,corr,z48_a0p5_corr_pruned_top10,48
8013,3,-2.9979802177214396,0.5,-4.318769331258776,0.9643871228905679,-4.318769331258776,-3.418922812736092,-5.328526504646747,8.269074727940263,9.517756683615342,0.7377113931141593,422,133,0.5273333333333333,0.2816666666666667,0.268,0.732,0.732,0.729,4.0,7.776119402985074,4.0,6.0,0.8195488721804511,0.18045112781954886,9.0,8013,45,2,sw_lints,corr,z48_a0p5_corr_pruned_top10,48
8014,3,-3.556279765205213,0.5,-4.516008027267071,-0.6770949790196398,-4.516008027267071,-5.176178400987237,-4.484034436580009,9.655419616708794,10.948201332533392,0.7519629207034372,414,121,0.5165000000000001,0.27649999999999997,0.2875,0.7125,0.7125,0.7095,4.0,7.884297520661157,4.0,7.0,0.8181818181818182,0.18181818181818182,9.0,8014,45,2,sw_lints,corr,z48_a0p5_corr_pruned_top10,48
8015,3,-3.932243985246098,0.5,-4.599023540554492,-1.931905319320918,-4.599023540554492,-6.441054226308026,-7.459134790237898,10.329340965894641,12.460371107071033,0.6672383817831256,415,126,0.5211666666666667,0.2771666666666667,0.272,0.728,0.728,0.725,4.0,7.161764705882353,4.0,6.0,0.8455882352941176,0.15441176470588236,8.0,8015,45,2,sw_lints,corr,z48_a0p5_corr_pruned_top10,48
8016,3,-3.217937750933288,0.5,-4.019588761530172,-0.8129847191426361,-4.019588761530172,-4.815326136706004,-6.4449089928066305,8.897411838770275,10.560203789420852,0.710245793487414,429,133,0.5108333333333334,0.28650000000000003,0.28,0.72,0.72,0.7175,4.0,7.242857142857143,4.0,6.0,0.8285714285714286,0.17142857142857143,8.0,8016,45,2,sw_lints,corr,z48_a0p5_corr_pruned_top10,48
8017,3,-3.24869614863961,0.5,-4.081265767462878,-0.7509872921698061,-4.081265767462878,-4.803192765257454,-5.089081476179902,7.580626421237913,8.872571281185737,0.7356600298835951,437,134,0.5198333333333333,0.2916666666666667,0.2935,0.7065,0.7065,0.7035,4.0,7.6438356164383565,4.0,5.0,0.8726114649681529,0.12738853503184713,9.0,8017,45,2,sw_lints,corr,z48_a0p5_corr_pruned_top10,48
8018,3,-2.808008843127056,0.5,-3.748718521972949,0.014120193410623502,-3.748718521972949,-3.7312038642840015,-5.499755619974533,7.063763741960349,8.731598320128409,0.7187769913433568,420,132,0.5241666666666667,0.2806666666666667,0.28800000000000003,0.712,0.712,0.7095,4.0,6.868055555555555,4.0,6.0,0.8472222222222222,0.1527777777777778,9.0,8018,45,2,sw_lints,corr,z48_a0p5_corr_pruned_top10,48
8019,3,-3.7891006003238505,0.5,-4.576561594600644,-1.4267176174934708,-4.576561594600644,-5.897070679946448,-8.83001328498587,11.876705324879122,13.375139016157501,0.6251491145102004,417,126,0.5185000000000001,0.2785,0.278,0.722,0.722,0.719,4.0,7.201438848920863,4.0,7.0,0.8421052631578947,0.15789473684210525,9.0,8019,45,2,sw_lints,corr,z48_a0p5_corr_pruned_top10,48
8020,3,-3.7208733090455013,0.5,-4.8132537395679025,-0.443732017478297,-4.8132537395679025,-5.227611229296413,-6.653500122726042,9.93216337921079,11.165601057220176,0.6772247995251303,394,121,0.5241666666666666,0.2631666666666667,0.272,0.728,0.728,0.725,4.0,7.463235294117647,4.0,6.0,0.8161764705882353,0.18382352941176472,9.0,8020,45,2,sw_lints,corr,z48_a0p5_corr_pruned_top10,48
8021,3,-3.9125471860517136,0.5,-5.519286198507371,0.9076698513152589,-5.519286198507371,-4.67273618404915,-5.99931452589807,9.883326991254936,10.22173229083142,0.6981654107585031,414,133,0.525,0.27616666666666667,0.27349999999999997,0.7265,0.7265,0.7235,4.0,7.285714285714286,4.0,7.25,0.8045112781954887,0.19548872180451127,10.0,8021,45,2,sw_lints,corr,z48_a0p5_corr_pruned_top10,48
8022,3,-3.6691627702348875,0.5,-4.719691891464843,-0.5175754065450197,-4.719691891464843,-5.210985625478082,-5.182649172642573,7.751137054600676,11.096638562561223,0.7384496183347627,416,133,0.523,0.2775,0.27549999999999997,0.7245,0.7245,0.7215,4.0,7.165413533834586,4.0,5.75,0.8467153284671532,0.15328467153284672,8.0,8022,45,2,sw_lints,corr,z48_a0p5_corr_pruned_top10,48
8023,3,-4.8884235681469335,0.5,-6.632344703701179,0.343339838515803,-6.632344703701179,-6.320064029873625,-4.989297541446913,9.200668947497393,11.468806585737411,0.7081546636330114,418,129,0.5045000000000001,0.27899999999999997,0.2855,0.7145,0.7145,0.713,4.0,7.186046511627907,4.0,6.0,0.8309859154929577,0.16901408450704225,9.0,8023,45,2,sw_lints,corr,z48_a0p5_corr_pruned_top10,48
8024,3,-2.0819599441883043,0.5,-2.5154755810851026,-0.7814130334979094,-2.5154755810851026,-3.270455338002561,-2.589175403924071,6.329915564143185,8.618326304133216,0.8331582504294215,424,133,0.5256666666666666,0.2831666666666667,0.2885,0.7115,0.7115,0.709,4.0,7.201388888888889,4.0,6.0,0.8333333333333334,0.16666666666666666,9.0,8024,45,2,sw_lints,corr,z48_a0p5_corr_pruned_top10,48
8000,3,-2.4455373874194923,0.5,-3.1792874013157966,-0.24428734573057978,-3.1792874013157966,-3.362004285887695,-6.3768835071991825,9.048082760948283,10.560532157374091,0.723136354922254,443,133,0.5208333333333333,0.2956666666666667,0.29700000000000004,0.703,0.703,0.701,4.0,6.905405405405405,4.0,5.0,0.8421052631578947,0.15789473684210525,8.0,8000,29,3,sw_lints,corr,z48_a0p5_corr_pruned_top10,48
8001,3,-3.7838717829654946,0.5,-4.6689887301232735,-1.1285209414921578,-4.6689887301232735,-5.65383735636464,-9.605775600685407,10.86505125910554,10.991380802908079,0.5983213517213757,430,132,0.5211666666666667,0.2876666666666667,0.2975,0.7025,0.7025,0.701,4.0,6.837837837837838,4.0,5.75,0.8513513513513513,0.14864864864864866,8.0,8001,29,3,sw_lints,corr,z48_a0p5_corr_pruned_top10,48
8002,3,-4.156361561194137,0.5,-4.713861648467162,-2.4838612993750604,-4.713861648467162,-7.072475125163513,-8.861287504505999,9.936208385333101,11.72274894170896,0.610956323118077,458,144,0.5223333333333334,0.30583333333333335,0.30200000000000005,0.698,0.698,0.6955,4.0,7.097222222222222,4.0,6.0,0.875,0.125,8.0,8002,29,3,sw_lints,corr,z48_a0p5_corr_pruned_top10,48
8003,3,-4.398501907968027,0.5,-4.749279933544762,-3.3461678312378265,-4.749279933544762,-7.914144574155595,-9.188728687567572,11.35445767964468,12.750194037608942,0.5909844934985011,456,144,0.5145,0.30433333333333334,0.30400000000000005,0.696,0.696,0.6935,4.0,6.592105263157895,4.0,5.25,0.875,0.125,8.0,8003,29,3,sw_lints,corr,z48_a0p5_corr_pruned_top10,48
8004,3,-4.848799624699348,0.5,-6.2116627279501175,-0.7602103149470407,-6.2116627279501175,-6.90159924867113,-8.279589528286946,10.628539934803849,13.102676574921357,0.6438789537131459,468,136,0.5378333333333333,0.3125,0.31599999999999995,0.684,0.684,0.681,4.0,6.30379746835443,4.0,5.0,0.8734177215189873,0.12658227848101267,7.0,8004,29,3,sw_lints,corr,z48_a0p5_corr_pruned_top10,48
8005,3,-3.464161685301984,0.5,-4.308848548507231,-0.9301010956862421,-4.308848548507231,-5.189747575889862,-5.813196972027967,7.171838120605589,10.943428317919345,0.708275906550916,445,137,0.5281666666666667,0.29733333333333334,0.3035,0.6965,0.6965,0.695,4.0,6.509554140127388,4.0,5.0,0.8675496688741722,0.13245033112582782,8.0,8005,29,3,sw_lints,corr,z48_a0p5_corr_pruned_top10,48
8006,3,-3.24021409305914,0.5,-4.331909616711598,0.0348724778982327,-4.331909616711598,-4.223169515113844,-1.5375663069483458,5.810496962527556,12.382201211292,0.8693660750431857,433,129,0.5216666666666666,0.2891666666666666,0.25949999999999995,0.7405,0.7405,0.737,4.0,7.395348837209302,4.0,6.0,0.813953488372093,0.18604651162790697,9.0,8006,29,3,sw_lints,corr,z48_a0p5_corr_pruned_top10,48
8007,3,-2.2921860770210642,0.5,-2.8088282228868757,-0.7422596394236294,-2.8088282228868757,-3.496310393757178,-3.771028459599368,6.978301971299228,9.377045473446765,0.7944272089707175,414,123,0.5185,0.27699999999999997,0.276,0.724,0.724,0.7215,4.0,7.13768115942029,4.0,6.0,0.8333333333333334,0.16666666666666666,8.0,8007,29,3,sw_lints,corr,z48_a0p5_corr_pruned_top10,48
8008,3,-4.956450185380239,0.5,-6.795689209808415,0.5612668879042881,-6.795689209808415,-6.2259321060223405,-5.283831788859739,8.546730346725194,12.50236831602206,0.7593782093380192,473,141,0.5253333333333333,0.31566666666666665,0.31200000000000006,0.688,0.688,0.685,4.0,6.921985815602837,4.0,5.0,0.8589743589743589,0.14102564102564102,8.0,8008,29,3,sw_lints,corr,z48_a0p5_corr_pruned_top10,48
8009,3,-3.7201721329622943,0.5,-4.6361137204318,-0.9723473705537758,-4.6361137204318,-5.559641346725282,-6.853315712590035,8.390641346110328,8.980116243009217,0.6627380712694533,466,145,0.5051666666666667,0.3105,0.29600000000000004,0.704,0.704,0.701,4.0,6.4,4.0,5.0,0.8758620689655172,0.12413793103448276,8.0,8009,29,3,sw_lints,corr,z48_a0p5_corr_pruned_top10,48
8010,3,-4.93101490912274,0.5,-5.896331995296208,-2.035063650602335,-5.896331995296208,-7.705492840696056,-12.063706457793433,12.084073094057878,13.056454633215608,0.5304150259532514,477,141,0.5218333333333333,0.3185,0.31999999999999995,0.68,0.68,0.677,4.0,6.075,4.0,5.0,0.89375,0.10625,8.0,8010,29,3,sw_lints,corr,z48_a0p5_corr_pruned_top10,48
8011,3,-3.457908036424177,0.5,-4.311807172347175,-0.8962106286551844,-4.311807172347175,-5.1059822634913745,-3.234806593837203,10.31650929551441,14.246261187970589,0.8141064462719233,438,122,0.5241666666666666,0.29283333333333333,0.2895,0.7105,0.7105,0.709,4.0,6.451388888888889,4.0,5.0,0.8680555555555556,0.13194444444444445,8.0,8011,29,3,sw_lints,corr,z48_a0p5_corr_pruned_top10,48
8012,3,-4.295046789150636,0.5,-5.529602101994018,-0.5913808506204857,-5.529602101994018,-6.07141453881425,-7.417044515975901,10.511287515434486,11.301221627526159,0.6698693198650002,466,142,0.5286666666666666,0.3116666666666667,0.30400000000000005,0.696,0.696,0.693,4.0,6.506578947368421,4.0,5.0,0.8552631578947368,0.14473684210526316,8.0,8012,29,3,sw_lints,corr,z48_a0p5_corr_pruned_top10,48
8013,3,-4.379465999568125,0.5,-5.13574173859674,-2.110638782482281,-5.13574173859674,-7.080415377009911,-9.53637003469574,11.119247436190893,12.399692988783572,0.5867299266500858,427,128,0.5345,0.2853333333333334,0.28400000000000003,0.716,0.716,0.713,4.0,7.204225352112676,4.0,5.0,0.8359375,0.1640625,8.0,8013,29,3,sw_lints,corr,z48_a0p5_corr_pruned_top10,48
8014,3,-3.9110677854820937,0.5,-4.9903075928635,-0.6733483633378743,-4.9903075928635,-5.538020803114296,-2.20154575163507,6.306005922372138,16.137204607352828,0.8643083047160093,416,127,0.5241666666666668,0.2788333333333333,0.26749999999999996,0.7325,0.7325,0.7295,4.0,7.748031496062992,4.0,7.0,0.8120300751879699,0.18796992481203006,9.0,8014,29,3,sw_lints,corr,z48_a0p5_corr_pruned_top10,48
8015,3,-3.987228776598943,0.5,-4.927969808529935,-1.1650056808059677,-4.927969808529935,-6.015641814386494,-5.845039151622222,8.764276671499383,11.14654054148061,0.7345888064432309,456,132,0.5379999999999999,0.3045,0.32199999999999995,0.678,0.678,0.675,4.0,6.37888198757764,4.0,6.0,0.8773006134969326,0.12269938650306748,8.0,8015,29,3,sw_lints,corr,z48_a0p5_corr_pruned_top10,48
8016,3,-4.804891120837482,0.5,-5.500933604381497,-2.7167636702054394,-5.500933604381497,-8.059498637167106,-7.088057629832822,8.666067823335343,13.878413924979426,0.6902563216114205,479,145,0.516,0.3203333333333333,0.31599999999999995,0.684,0.684,0.6815,4.0,6.8,4.0,5.0,0.8544303797468354,0.14556962025316456,7.0,8016,29,3,sw_lints,corr,z48_a0p5_corr_pruned_top10,48
8017,3,-4.042252047489264,0.5,-4.304161604189731,-3.2565233773878615,-4.304161604189731,-7.3789847453257815,-9.470241861874417,9.88818153930967,13.251735699100342,0.6260135440888631,529,153,0.5173333333333333,0.3531666666666667,0.35650000000000004,0.6435,0.6435,0.639,4.0,5.398876404494382,4.0,4.0,0.9044943820224719,0.09550561797752809,7.0,8017,29,3,sw_lints,corr,z48_a0p5_corr_pruned_top10,48
8018,3,-3.41734778171947,0.5,-4.009564873004716,-1.6406965078637334,-4.009564873004716,-5.578640826593724,-5.721335819241046,9.416354483587996,9.780294104322461,0.7372127390594913,469,147,0.5115,0.3136666666666667,0.30200000000000005,0.698,0.698,0.693,4.0,6.516556291390729,4.0,5.0,0.8609271523178808,0.1390728476821192,8.0,8018,29,3,sw_lints,corr,z48_a0p5_corr_pruned_top10,48
8019,3,-4.458342659456742,0.5,-5.413289044860318,-1.593503503246015,-5.413289044860318,-6.915793616246553,-8.484726237086647,9.044080250877485,11.141064088366504,0.6135965752779547,493,160,0.5086666666666667,0.329,0.33199999999999996,0.668,0.668,0.6655,4.0,5.867469879518072,4.0,4.0,0.8802395209580839,0.11976047904191617,7.0,8019,29,3,sw_lints,corr,z48_a0p5_corr_pruned_top10,48
8020,3,-5.232384504675659,0.5,-6.053528886216486,-2.7689513600531774,-6.053528886216486,-8.601308558343613,-10.271975069352667,10.96761802614986,14.03784581627563,0.590903820961253,466,135,0.5219999999999999,0.311,0.2915,0.7085,0.7085,0.7055,4.0,6.472602739726027,4.0,5.0,0.8698630136986302,0.13013698630136986,8.0,8020,29,3,sw_lints,corr,z48_a0p5_corr_pruned_top10,48
8021,3,-4.620302126363995,0.5,-5.6620082029224905,-1.4951838966885085,-5.6620082029224905,-7.040410417332555,-9.676652802532226,10.779439962289706,12.008395728209887,0.5904882303471216,445,134,0.5271666666666667,0.2976666666666667,0.3095,0.6905,0.6905,0.689,4.0,6.535031847133758,4.0,6.0,0.8376623376623377,0.16233766233766234,9.0,8021,29,3,sw_lints,corr,z48_a0p5_corr_pruned_top10,48
8022,3,-3.990893054738003,0.5,-4.6738409248755755,-1.9420494443252851,-4.6738409248755755,-6.513174564878962,-8.613313170346315,11.406937235722713,12.419510350462303,0.6117611678560657,467,135,0.5145,0.3116666666666667,0.31000000000000005,0.69,0.69,0.687,4.0,6.070967741935484,4.0,4.0,0.896774193548387,0.1032258064516129,7.0,8022,29,3,sw_lints,corr,z48_a0p5_corr_pruned_top10,48
8023,3,-3.381219048702893,0.5,-4.087706935484607,-1.2617553883577513,-4.087706935484607,-5.275086624276992,-5.9819728763625735,10.643572073899499,12.028606181636214,0.7235908985730867,428,133,0.5279999999999999,0.28683333333333333,0.2895,0.7105,0.7105,0.709,4.0,6.920529801324503,4.0,7.0,0.8344370860927153,0.16556291390728478,9.0,8023,29,3,sw_lints,corr,z48_a0p5_corr_pruned_top10,48
8024,3,-4.516051087885601,0.5,-5.777851359500056,-0.7306502730422363,-5.777851359500056,-6.410814878448709,-9.62040980781862,10.237541351746149,11.228802706993369,0.5973444263181665,446,132,0.5335000000000001,0.2976666666666667,0.28200000000000003,0.718,0.718,0.7155,4.0,7.078014184397163,4.0,5.0,0.8297872340425532,0.1702127659574468,8.0,8024,29,3,sw_lints,corr,z48_a0p5_corr_pruned_top10,48
8000,3,-2.246574751202503,0.5,-2.918850945040637,-0.22974616968810166,-2.918850945040637,-3.1458981902299414,-3.8274982303026506,7.579274373881784,9.616629501843278,0.842440863774577,342,88,0.38716666666666666,0.2295,0.1835,0.8165,0.8165,0.814,4.0,7.170454545454546,4.0,5.25,0.8522727272727273,0.14772727272727273,10.0,8000,41,1,sw_lints,hybrid,z72_a0p5_hybrid_corr5_bsstablehie5_top10,72
8001,3,-1.7855259070995306,0.5,-2.163662850802169,-0.6511150759916151,-2.163662850802169,-2.814920549509884,-1.582806487648969,7.203002715842787,7.498182501596906,0.842544995705281,292,90,0.3998333333333333,0.19616666666666668,0.1855,0.8145,0.8145,0.81,4.0,7.822222222222222,4.0,8.0,0.7888888888888889,0.2111111111111111,12.0,8001,41,1,sw_lints,hybrid,z72_a0p5_hybrid_corr5_bsstablehie5_top10,72
8002,3,-2.0812761972620466,0.5,-2.8073107713164327,0.0968275249011108,-2.8073107713164327,-2.717609986575191,-1.5446561236637235,7.2259301100985995,8.123185951492108,0.8194665498098628,293,85,0.4438333333333333,0.19683333333333333,0.1975,0.8025,0.8025,0.799,4.0,8.622448979591837,4.0,6.75,0.8061224489795918,0.19387755102040816,10.0,8002,41,1,sw_lints,hybrid,z72_a0p5_hybrid_corr5_bsstablehie5_top10,72
8003,3,-2.0099102359113856,0.5,-2.0922421411907512,-1.7629145200732887,-2.0922421411907512,-3.8023982324723966,-3.9571064898262898,6.4806717734324115,10.561070393168492,0.6913505453997384,342,103,0.44283333333333336,0.2295,0.22550000000000003,0.7745,0.7745,0.7695,4.0,7.732142857142857,4.0,6.0,0.8571428571428571,0.14285714285714285,8.0,8003,41,1,sw_lints,hybrid,z72_a0p5_hybrid_corr5_bsstablehie5_top10,72
8004,3,-1.2101289874390808,0.5,-1.8564665900336195,0.7288838203445355,-1.8564665900336195,-1.1475067737938123,-1.868871338778777,6.313496657201744,6.9944602398298255,0.8429650098453281,313,95,0.40650000000000003,0.2101666666666667,0.20550000000000002,0.7945,0.7945,0.791,4.0,7.842105263157895,4.0,6.5,0.8315789473684211,0.16842105263157894,10.0,8004,41,1,sw_lints,hybrid,z72_a0p5_hybrid_corr5_bsstablehie5_top10,72
8005,3,-3.4756475822121486,0.5,-4.330696899365349,-0.9104996307525481,-4.330696899365349,-5.235395271459638,-4.660203345110814,7.870048216168035,12.28130628555112,0.6049097614680496,330,86,0.3765,0.22150000000000003,0.22950000000000004,0.7705,0.7705,0.7655,4.0,7.175438596491228,4.0,4.75,0.8596491228070176,0.14035087719298245,7.0,8005,41,1,sw_lints,hybrid,z72_a0p5_hybrid_corr5_bsstablehie5_top10,72
8006,3,-2.1197164114793665,0.5,-2.711624455203872,-0.3439922803058493,-2.711624455203872,-3.1354935553050614,-1.390988150147765,7.946007539292066,11.18965824477206,0.8614924961841842,286,88,0.41050000000000003,0.19216666666666668,0.1795,0.8205,0.8205,0.817,4.0,8.091743119266056,4.0,5.0,0.8089887640449438,0.19101123595505617,9.0,8006,41,1,sw_lints,hybrid,z72_a0p5_hybrid_corr5_bsstablehie5_top10,72
8007,3,-1.1143892250010305,0.5,-1.4677942050724997,-0.05417428478662334,-1.4677942050724997,-1.5175636455068104,-2.4342249920569436,4.965453862734048,9.035419590718751,0.7816466435835405,330,69,0.429,0.22150000000000003,0.1975,0.8025,0.8025,0.7975,4.0,8.122448979591837,4.0,9.75,0.7448979591836735,0.25510204081632654,11.0,8007,41,1,sw_lints,hybrid,z72_a0p5_hybrid_corr5_bsstablehie5_top10,72
8008,3,-2.4989404836681217,0.5,-3.115655510482681,-0.6487954032244447,-3.115655510482681,-3.744862600165618,-2.752417799080109,6.993683703392928,7.932419629099618,0.7743312204650173,268,81,0.4031666666666667,0.18016666666666667,0.1875,0.8125,0.8125,0.809,4.0,8.76595744680851,4.0,7.0,0.7901234567901234,0.20987654320987653,10.0,8008,41,1,sw_lints,hybrid,z72_a0p5_hybrid_corr5_bsstablehie5_top10,72
8009,3,-3.3862023219517488,0.5,-3.5519126160965975,-3.5519126160965975,-2.8890714395172026,-6.378593545115407,-6.173627598590148,9.670275621580004,10.251816676640747,0.6687709157281878,333,94,0.39299999999999996,0.2235,0.1955,0.8045,0.8045,0.801,4.0,7.556701030927835,4.0,6.0,0.845360824742268,0.15463917525773196,9.0,8009,41,1,sw_lints,hybrid,z72_a0p5_hybrid_corr5_bsstablehie5_top10,72
8010,3,-2.32807957570585,0.5,-2.700550210499856,-1.2106676713238322,-2.700550210499856,-3.875571991548725,-3.848096197990458,7.009087957146509,9.122994717016075,0.7162208391415935,369,101,0.4493333333333333,0.24749999999999997,0.20950000000000002,0.7905,0.7905,0.7855,4.0,7.8316831683168315,4.0,5.25,0.8365384615384616,0.16346153846153846,8.0,8010,41,1,sw_lints,hybrid,z72_a0p5_hybrid_corr5_bsstablehie5_top10,72
8011,3,-2.2187921071567187,0.5,-2.6981567994163513,-0.7806980303778207,-2.6981567994163513,-3.477625078469737,-4.238109035884241,8.818782760366572,9.070362374006159,0.7117767860585058,327,99,0.40399999999999997,0.21950000000000003,0.21150000000000002,0.7885,0.7885,0.787,4.0,7.2,4.0,6.0,0.8666666666666667,0.13333333333333333,8.0,8011,41,1,sw_lints,hybrid,z72_a0p5_hybrid_corr5_bsstablehie5_top10,72
8012,3,-2.1107525163534695,0.5,-2.632194721780131,-0.5464259000734847,-2.632194721780131,-3.2114545865236024,-2.9269343834993466,6.63903831429108,10.394670871685108,0.7252625305681247,307,71,0.4001666666666666,0.2061666666666667,0.22150000000000003,0.7785,0.7785,0.7735,4.0,8.290909090909091,4.0,5.0,0.8181818181818182,0.18181818181818182,8.5,8012,41,1,sw_lints,hybrid,z72_a0p5_hybrid_corr5_bsstablehie5_top10,72
8013,3,-1.7273177640532462,0.5,-1.9696195377258825,-1.0004124430353367,-1.9696195377258825,-2.969789111791195,-3.0609073803695153,7.312634360405079,7.474628411752294,0.7504806942551586,301,75,0.41616666666666663,0.20216666666666663,0.21150000000000002,0.7885,0.7885,0.7845,4.0,7.904761904761905,4.0,6.0,0.8380952380952381,0.1619047619047619,11.0,8013,41,1,sw_lints,hybrid,z72_a0p5_hybrid_corr5_bsstablehie5_top10,72
8014,3,-2.1373367931337808,0.5,-2.5600703931838664,-0.8691359929835237,-2.5600703931838664,-3.416311002134894,-3.8512197020777683,5.982355423864172,8.318582611397062,0.7396715371913071,286,81,0.4383333333333333,0.19216666666666668,0.20550000000000002,0.7945,0.7945,0.7895,4.0,8.145631067961165,4.0,7.0,0.7766990291262136,0.22330097087378642,10.0,8014,41,1,sw_lints,hybrid,z72_a0p5_hybrid_corr5_bsstablehie5_top10,72
8015,3,-3.238001004346313,0.5,-3.941670225192554,-1.1269933418075917,-3.941670225192554,-5.043740149927789,-4.896679436013263,7.085473135965503,10.228905169018587,0.6190686877140245,266,64,0.38566666666666666,0.17883333333333332,0.16749999999999998,0.8325,0.8325,0.8275,4.0,8.373493975903614,4.0,8.0,0.7951807228915663,0.20481927710843373,11.0,8015,41,1,sw_lints,hybrid,z72_a0p5_hybrid_corr5_bsstablehie5_top10,72
8016,3,-3.300050814519299,0.5,-3.5203122653718495,-2.6392664619616464,-3.5203122653718495,-6.063791199344171,-6.393616456599371,8.959513966030341,11.327399127009386,0.6113211552424374,314,76,0.39166666666666666,0.21083333333333332,0.16949999999999998,0.8305,0.8305,0.8275,4.0,8.94047619047619,4.0,6.5,0.7631578947368421,0.23684210526315788,10.5,8016,41,1,sw_lints,hybrid,z72_a0p5_hybrid_corr5_bsstablehie5_top10,72
8017,3,-2.828258755985521,0.5,-3.454313376106048,-0.9500948956239393,-3.454313376106048,-4.408571972924213,-3.0285338206570422,7.850989152479338,10.900792155517502,0.7463162357174264,354,104,0.40216666666666673,0.23749999999999996,0.21950000000000003,0.7805,0.7805,0.779,4.0,6.8807339449541285,4.0,5.0,0.8532110091743119,0.14678899082568808,9.0,8017,41,1,sw_lints,hybrid,z72_a0p5_hybrid_corr5_bsstablehie5_top10,72
8018,3,-1.2155467817744088,0.5,-1.249820895182337,-1.1127244415506239,-1.249820895182337,-2.3921588753870147,-3.7694333972553173,5.996359358184289,11.569337624661301,0.777856547050277,285,83,0.38966666666666666,0.1915,0.1835,0.8165,0.8165,0.8115,4.0,8.012048192771084,4.0,8.0,0.7710843373493976,0.2289156626506024,11.0,8018,41,1,sw_lints,hybrid,z72_a0p5_hybrid_corr5_bsstablehie5_top10,72
8019,3,-2.3207635134939757,0.5,-2.585737465037189,-1.5258416588643353,-2.585737465037189,-4.055435816026184,-6.098247349150865,8.676902504258354,8.729507005119396,0.660726552098335,316,73,0.4021666666666666,0.21166666666666667,0.23350000000000004,0.7665,0.7665,0.7615,4.0,6.586206896551724,4.0,4.0,0.8793103448275862,0.1206896551724138,8.0,8019,41,1,sw_lints,hybrid,z72_a0p5_hybrid_corr5_bsstablehie5_top10,72
8020,3,-2.1808977045799733,0.5,-2.6426806329644523,-0.7955489194265364,-2.6426806329644523,-3.467341447252155,-4.641839019258853,5.756097136255834,11.15752486461522,0.6082118352785707,315,95,0.3941666666666666,0.21150000000000002,0.21350000000000002,0.7865,0.7865,0.7815,4.0,7.324561403508772,4.0,4.0,0.8526315789473684,0.14736842105263157,9.0,8020,41,1,sw_lints,hybrid,z72_a0p5_hybrid_corr5_bsstablehie5_top10,72
8021,3,-1.4512583973864142,0.5,-1.5425553823182818,-1.1773674425908116,-1.5425553823182818,-2.7923937931996696,-3.3788933901351847,7.802725275899047,10.34547298060744,0.7249648990015091,265,84,0.41033333333333327,0.17816666666666667,0.16949999999999998,0.8305,0.8305,0.827,4.0,8.97938144329897,4.0,9.0,0.7857142857142857,0.21428571428571427,11.5,8021,41,1,sw_lints,hybrid,z72_a0p5_hybrid_corr5_bsstablehie5_top10,72
8022,3,-2.964339350257807,0.5,-3.235577895363491,-2.1506237149407545,-3.235577895363491,-5.3249171305353515,-5.45169678571682,6.327372626797745,11.992203511576271,0.5969867952162746,299,88,0.37933333333333336,0.20083333333333334,0.20950000000000002,0.7905,0.7905,0.7855,4.0,7.193181818181818,4.0,6.0,0.8461538461538461,0.15384615384615385,9.0,8022,41,1,sw_lints,hybrid,z72_a0p5_hybrid_corr5_bsstablehie5_top10,72
8023,3,-2.861305306213501,0.5,-2.984924512590814,-2.4904476870815615,-2.984924512590814,-5.4275193797808425,-5.859244008140796,7.606762191597561,12.213624889735986,0.6026454902297103,344,108,0.422,0.23083333333333333,0.22950000000000004,0.7705,0.7705,0.7665,4.0,6.795081967213115,4.0,4.0,0.8333333333333334,0.16666666666666666,7.5,8023,41,1,sw_lints,hybrid,z72_a0p5_hybrid_corr5_bsstablehie5_top10,72
8024,3,-2.9982623568182496,0.5,-3.2139273667010415,-2.351267327169874,-3.2139273667010415,-5.485631089166669,-4.792818362562312,8.725384157546879,10.162384543167402,0.6618092349505397,318,83,0.3888333333333333,0.21350000000000002,0.20350000000000001,0.7965,0.7965,0.7915,4.0,7.409638554216867,4.0,6.5,0.8313253012048193,0.1686746987951807,10.0,8024,41,1,sw_lints,hybrid,z72_a0p5_hybrid_corr5_bsstablehie5_top10,72
8000,3,-3.0347804129007887,0.5,-3.4350034529093207,-1.834111292875192,-3.4350034529093207,-5.251794360931195,-6.070146783035479,8.983810938673908,10.991414686584777,0.7409973007332821,342,92,0.4003333333333334,0.2295,0.1895,0.8105,0.8105,0.8055,4.0,7.25,4.0,5.25,0.8369565217391305,0.16304347826086957,8.5,8000,37,2,sw_lints,hybrid,z72_a0p5_hybrid_corr5_bsstablehie5_top10,72
8001,3,-5.17619252805933,0.5,-6.342177065184845,-1.6782389166827876,-6.342177065184845,-7.8417891706648435,-5.863144801467513,7.09381524443139,19.184919518019772,0.5891976721758604,433,108,0.44816666666666666,0.2901666666666667,0.24750000000000005,0.7525,0.7525,0.749,4.0,6.845528455284553,4.0,4.0,0.8703703703703703,0.12962962962962962,7.0,8001,37,2,sw_lints,hybrid,z72_a0p5_hybrid_corr5_bsstablehie5_top10,72
8002,3,-3.166505261323575,0.5,-3.8915694259362663,-0.9913127674855007,-3.8915694259362663,-4.913076466234752,-5.28012900999496,7.6960672896267734,10.463622712550569,0.6832398507609975,348,101,0.429,0.2335,0.22150000000000003,0.7785,0.7785,0.774,4.0,6.663636363636364,4.0,5.0,0.8727272727272727,0.12727272727272726,8.0,8002,37,2,sw_lints,hybrid,z72_a0p5_hybrid_corr5_bsstablehie5_top10,72
8003,3,-2.731490039421559,0.5,-2.9896305193504946,-1.9570685996347519,-2.9896305193504946,-4.877617866122471,-5.313205277889077,9.686421102718711,10.482762998169825,0.6552023117013787,333,95,0.39000000000000007,0.22350000000000003,0.22350000000000003,0.7765,0.7765,0.775,4.0,6.6947368421052635,4.0,4.0,0.8842105263157894,0.11578947368421053,8.0,8003,37,2,sw_lints,hybrid,z72_a0p5_hybrid_corr5_bsstablehie5_top10,72
8004,3,-3.147946341310786,0.5,-3.7012405139371505,-1.4880638234316919,-3.7012405139371505,-5.167621036729149,-5.174019829725429,9.614898314912168,10.341554090896965,0.6766504822218361,357,102,0.4028333333333333,0.23949999999999996,0.25349999999999995,0.7465,0.7465,0.7415,4.0,6.3023255813953485,4.0,5.0,0.8682170542635659,0.13178294573643412,8.0,8004,37,2,sw_lints,hybrid,z72_a0p5_hybrid_corr5_bsstablehie5_top10,72
8005,3,-1.0339898484417187,0.5,-1.1176266228227167,-0.7830795252987244,-1.1176266228227167,-1.917064328030926,-2.248058704017797,6.876708029812706,7.22206406395236,0.8341829046258799,288,77,0.3921666666666666,0.1935,0.20750000000000002,0.7925,0.7925,0.788,4.0,7.657407407407407,4.0,6.25,0.7962962962962963,0.2037037037037037,9.0,8005,37,2,sw_lints,hybrid,z72_a0p5_hybrid_corr5_bsstablehie5_top10,72
8006,3,-2.168068032319569,0.5,-2.5024262051120334,-1.164993513942177,-2.5024262051120334,-3.659271537181534,-4.0178963368399545,6.201997596517572,8.399751987273829,0.6980631538680707,318,98,0.41500000000000004,0.21350000000000002,0.21750000000000003,0.7825,0.7825,0.781,4.0,7.537037037037037,4.0,6.0,0.8240740740740741,0.17592592592592593,9.0,8006,37,2,sw_lints,hybrid,z72_a0p5_hybrid_corr5_bsstablehie5_top10,72
8007,3,-4.184449889171464,0.5,-4.521104649040193,-3.174485609565277,-4.521104649040193,-7.532744893438319,-8.969635320317582,11.566803758048428,14.282988248264882,0.5835090872581076,342,89,0.40116666666666667,0.2295,0.24350000000000005,0.7565,0.7565,0.7515,4.0,6.661157024793388,4.0,5.0,0.8842975206611571,0.11570247933884298,8.0,8007,37,2,sw_lints,hybrid,z72_a0p5_hybrid_corr5_bsstablehie5_top10,72
8008,3,-2.457415928595209,0.5,-2.538245539974863,-2.2149270944562462,-2.538245539974863,-4.6844982404574464,-3.6440624955373035,6.42766342670269,11.212491422416704,0.6816339508785193,333,84,0.41783333333333333,0.2235,0.1795,0.8205,0.8205,0.819,4.0,9.19047619047619,4.0,8.0,0.7752808988764045,0.2247191011235955,10.0,8008,37,2,sw_lints,hybrid,z72_a0p5_hybrid_corr5_bsstablehie5_top10,72
8009,3,-2.885065944765251,0.5,-3.3199500345738078,-1.5804136753395797,-3.3199500345738078,-4.872894048735533,-4.473671491333686,8.98736508753979,11.399425184644462,0.6227985838158578,293,88,0.3938333333333333,0.19683333333333333,0.1895,0.8105,0.8105,0.8075,4.0,7.617021276595745,4.0,5.0,0.8191489361702128,0.18085106382978725,8.5,8009,37,2,sw_lints,hybrid,z72_a0p5_hybrid_corr5_bsstablehie5_top10,72
8010,3,-4.921954224430285,0.5,-5.87586976215058,-2.060207611269401,-5.87586976215058,-7.819321412184813,-8.882314777355504,10.546164648572597,12.99855608733661,0.580761652660485,396,118,0.43616666666666665,0.2655,0.23950000000000005,0.7605,0.7605,0.7555,4.0,6.838983050847458,4.0,4.0,0.8728813559322034,0.1271186440677966,7.0,8010,37,2,sw_lints,hybrid,z72_a0p5_hybrid_corr5_bsstablehie5_top10,72
8011,3,-2.953593062328989,0.5,-3.082910784364353,-2.5656398962228972,-3.082910784364353,-5.57251474500976,-5.424544939608278,9.749226561911906,10.705470254104076,0.6496327562035349,340,91,0.3998333333333333,0.22816666666666666,0.24750000000000005,0.7525,0.7525,0.7475,4.0,6.536585365853658,4.0,6.0,0.8536585365853658,0.14634146341463414,8.0,8011,37,2,sw_lints,hybrid,z72_a0p5_hybrid_corr5_bsstablehie5_top10,72
8012,3,-2.6988207454799693,0.5,-3.403784365274213,-0.5839298860972378,-3.403784365274213,-3.9792820897889456,-4.261665519221436,8.085549639626432,9.927975750233164,0.6279710783445479,291,82,0.3921666666666666,0.1955,0.1795,0.8205,0.8205,0.8155,4.0,8.044943820224718,4.0,5.0,0.797752808988764,0.20224719101123595,11.5,8012,37,2,sw_lints,hybrid,z72_a0p5_hybrid_corr5_bsstablehie5_top10,72
8013,3,-2.8417897063325697,0.5,-3.0079581590349957,-2.3432843482252905,-3.0079581590349957,-5.282797261384101,-5.029065750238937,9.447848343289579,9.47694793481222,0.7221254055668543,353,90,0.4163333333333333,0.23683333333333334,0.26149999999999995,0.7385,0.7385,0.7335,4.0,6.360902255639098,4.0,4.0,0.8872180451127819,0.11278195488721804,7.0,8013,37,2,sw_lints,hybrid,z72_a0p5_hybrid_corr5_bsstablehie5_top10,72
8014,3,-2.660598340670452,0.5,-2.698452272067893,-2.5470365464781284,-2.698452272067893,-5.1835298267363035,-4.979154315155854,6.824823222488607,9.192023119261872,0.6982419200263883,360,88,0.38666666666666666,0.24150000000000002,0.22350000000000003,0.7765,0.7765,0.773,4.0,7.204545454545454,4.0,6.0,0.8108108108108109,0.1891891891891892,10.0,8014,37,2,sw_lints,hybrid,z72_a0p5_hybrid_corr5_bsstablehie5_top10,72
8015,3,-3.511989518341031,0.5,-3.846290181105113,-3.846290181105113,-2.509087530048785,-6.254890073022298,-4.269941679625344,9.762795686649273,12.839144593438323,0.6440257262157514,327,87,0.4081666666666666,0.21950000000000003,0.22150000000000003,0.7785,0.7785,0.777,4.0,7.390909090909091,4.0,6.0,0.8272727272727273,0.17272727272727273,10.0,8015,37,2,sw_lints,hybrid,z72_a0p5_hybrid_corr5_bsstablehie5_top10,72
8016,3,-2.681177282127295,0.5,-2.9207241974640454,-1.962536536117043,-2.9207241974640454,-4.828795528763855,-3.1861593450145054,8.321670100397727,11.263590527045963,0.7479305597299195,371,113,0.4283333333333333,0.24883333333333332,0.24150000000000005,0.7585,0.7585,0.7535,4.0,6.975,4.0,5.0,0.85,0.15,7.0,8016,37,2,sw_lints,hybrid,z72_a0p5_hybrid_corr5_bsstablehie5_top10,72
8017,3,-2.393967300962438,0.5,-2.680454156724547,-1.5345067336761111,-2.680454156724547,-4.167065652975643,-4.424117244077341,8.028575417049499,8.108714027706277,0.735247907010306,324,99,0.43533333333333335,0.21750000000000003,0.1995,0.8005,0.8005,0.7955,4.0,8.212121212121213,4.0,6.0,0.8080808080808081,0.1919191919191919,9.0,8017,37,2,sw_lints,hybrid,z72_a0p5_hybrid_corr5_bsstablehie5_top10,72
8018,3,-2.128246367338653,0.5,-2.6246698411324503,-0.6389759459572616,-2.6246698411324503,-3.2928308849588412,-2.9929140859635495,6.399975320101214,8.269374012646768,0.7188769719149672,310,84,0.37716666666666665,0.2081666666666667,0.20750000000000002,0.7925,0.7925,0.7875,4.0,7.029126213592233,4.0,4.0,0.8543689320388349,0.14563106796116504,8.0,8018,37,2,sw_lints,hybrid,z72_a0p5_hybrid_corr5_bsstablehie5_top10,72
8019,3,-1.8948515110065587,0.5,-2.661024951610976,0.40366881080669365,-2.661024951610976,-2.272660927849657,-2.8307907530377374,7.824575545204326,8.607391798019236,0.7344868084942453,310,84,0.422,0.2081666666666667,0.21950000000000003,0.7805,0.7805,0.7755,4.0,7.495726495726496,4.0,6.0,0.8034188034188035,0.19658119658119658,9.0,8019,37,2,sw_lints,hybrid,z72_a0p5_hybrid_corr5_bsstablehie5_top10,72
8020,3,-4.597368613175744,0.5,-5.361184745206142,-2.3059202170845525,-5.361184745206142,-7.549019853721158,-8.858299370577981,11.098001385240174,12.460450933185385,0.5269209466861641,300,94,0.4095,0.2015,0.1955,0.8045,0.8045,0.7995,4.0,8.092783505154639,4.0,7.0,0.8191489361702128,0.18085106382978725,10.0,8020,37,2,sw_lints,hybrid,z72_a0p5_hybrid_corr5_bsstablehie5_top10,72
8021,3,-4.513718295581598,0.5,-5.161210217698353,-2.5712425292313323,-5.161210217698353,-7.614228292239791,-8.090299316979976,10.80618806392506,10.914380811097658,0.5929864841590867,328,75,0.4106666666666667,0.2201666666666667,0.24550000000000005,0.7545,0.7545,0.7495,4.0,6.598360655737705,4.0,5.75,0.8852459016393442,0.11475409836065574,8.0,8021,37,2,sw_lints,hybrid,z72_a0p5_hybrid_corr5_bsstablehie5_top10,72
8022,3,-3.527403768013915,0.5,-3.9626757236332395,-2.2215879011559414,-3.9626757236332395,-6.078774451125732,-5.9477255578377575,7.223589077080039,13.507404391507883,0.5785148594615328,332,95,0.41683333333333333,0.22283333333333336,0.20550000000000002,0.7945,0.7945,0.792,4.0,7.91578947368421,4.0,7.75,0.7941176470588235,0.20588235294117646,9.5,8022,37,2,sw_lints,hybrid,z72_a0p5_hybrid_corr5_bsstablehie5_top10,72
8023,3,-3.0668559614603645,0.5,-3.74938211215553,-1.019277509374868,-3.74938211215553,-4.730071540019554,-5.236753585779486,8.216569370165017,8.709346635775372,0.6933835834706801,315,97,0.375,0.21150000000000002,0.21350000000000002,0.7865,0.7865,0.7815,4.0,6.5625,4.0,5.0,0.8839285714285714,0.11607142857142858,8.0,8023,37,2,sw_lints,hybrid,z72_a0p5_hybrid_corr5_bsstablehie5_top10,72
8024,3,-2.416930587776259,0.5,-2.853164483580066,-1.1082289003648382,-2.853164483580066,-3.9253213178708113,-3.569703827080939,6.240844142625102,6.36819573555486,0.78507592884721,314,92,0.45166666666666666,0.21083333333333334,0.22150000000000003,0.7785,0.7785,0.7735,4.0,8.172727272727272,4.0,5.0,0.8090909090909091,0.19090909090909092,8.5,8024,37,2,sw_lints,hybrid,z72_a0p5_hybrid_corr5_bsstablehie5_top10,72
8000,3,-1.2216463532922792,0.5,-1.6896754568910082,0.182440957503908,-1.6896754568910082,-1.5625419880016755,-2.0191294355314637,5.558503013478633,8.838073343228226,0.8748039911938684,348,67,0.4075,0.2335,0.26549999999999996,0.7345,0.7345,0.7295,4.0,6.113636363636363,4.0,4.0,0.9015151515151515,0.09848484848484848,7.0,8000,23,3,sw_lints,hybrid,z72_a0p5_hybrid_corr5_bsstablehie5_top10,72
8001,3,-3.260103830159807,0.5,-3.6620010245884536,-3.6620010245884536,-2.0544122468738677,-5.674941056833301,-7.0011497431128,8.167928000317048,9.595325749985939,0.6625991269326491,282,65,0.3955,0.1895,0.1975,0.8025,0.8025,0.7975,4.0,7.836734693877551,4.0,6.0,0.8367346938775511,0.16326530612244897,9.0,8001,23,3,sw_lints,hybrid,z72_a0p5_hybrid_corr5_bsstablehie5_top10,72
8002,3,-2.92243542357944,0.5,-2.970219099519707,-2.7790843957586393,-2.970219099519707,-5.680946650016996,-4.225310779646851,9.204216987376746,9.648254725115535,0.6803805528830338,351,86,0.4086666666666667,0.23550000000000001,0.25349999999999995,0.7465,0.7465,0.7415,4.0,6.436507936507937,4.0,4.0,0.8809523809523809,0.11904761904761904,8.0,8002,23,3,sw_lints,hybrid,z72_a0p5_hybrid_corr5_bsstablehie5_top10,72
8003,3,-2.6305139297530005,0.5,-3.149658199533375,-1.0730811204118784,-3.149658199533375,-4.152767191767622,-6.987557616936169,8.107328756591004,8.159310130582998,0.6340792394180357,318,94,0.37683333333333335,0.2135,0.21150000000000002,0.7885,0.7885,0.7835,4.0,6.809523809523809,4.0,6.0,0.8297872340425532,0.1702127659574468,8.0,8003,23,3,sw_lints,hybrid,z72_a0p5_hybrid_corr5_bsstablehie5_top10,72
8004,3,-3.1414569903259935,0.5,-3.5725826765263626,-1.8480799317248848,-3.5725826765263626,-5.355943671793298,-6.798292297191222,7.837014261481223,8.561291824259387,0.5979600115006575,296,89,0.3973333333333333,0.19883333333333333,0.1935,0.8065,0.8065,0.8015,4.0,7.324324324324325,4.0,6.0,0.8468468468468469,0.15315315315315314,9.0,8004,23,3,sw_lints,hybrid,z72_a0p5_hybrid_corr5_bsstablehie5_top10,72
8005,3,-2.7544542961993472,0.5,-2.8007366610553994,-2.8007366610553994,-2.615607201631191,-5.337879861944387,-5.72892533446463,7.329475063233648,8.981828058246622,0.5811107151537823,297,94,0.3706666666666667,0.1995,0.1955,0.8045,0.8045,0.7995,4.0,7.0,4.0,6.0,0.8350515463917526,0.16494845360824742,7.5,8005,23,3,sw_lints,hybrid,z72_a0p5_hybrid_corr5_bsstablehie5_top10,72
8006,3,-2.422943775908914,0.5,-2.7503390613539387,-2.7503390613539387,-1.4407579195738391,-4.156098051244417,-4.726498965348325,7.211529053954802,9.480252345988605,0.7426984404854199,320,93,0.36683333333333334,0.21483333333333335,0.1995,0.8005,0.8005,0.7955,4.0,6.959595959595959,4.0,5.0,0.8282828282828283,0.1717171717171717,8.0,8006,23,3,sw_lints,hybrid,z72_a0p5_hybrid_corr5_bsstablehie5_top10,72
8007,3,-3.411202849919121,0.5,-3.491563390638419,-3.170121227761228,-3.491563390638419,-6.548639260550696,-5.026217925902277,10.02998052405516,13.592222135836263,0.6556406020358742,323,101,0.38799999999999996,0.21683333333333332,0.21550000000000002,0.7845,0.7845,0.7795,4.0,7.043478260869565,4.0,4.5,0.8598130841121495,0.14018691588785046,7.0,8007,23,3,sw_lints,hybrid,z72_a0p5_hybrid_corr5_bsstablehie5_top10,72
8008,3,-3.1569372285602064,0.5,-3.44125702634455,-2.3039778352071756,-3.44125702634455,-5.668079217284531,-6.183520226776851,9.999363346812606,11.57809307856068,0.6697209302728814,313,98,0.395,0.2101666666666667,0.2015,0.7985,0.7985,0.7935,4.0,7.19,4.0,5.0,0.84,0.16,8.5,8008,23,3,sw_lints,hybrid,z72_a0p5_hybrid_corr5_bsstablehie5_top10,72
8009,3,-1.6284372812283947,0.5,-2.195230490832005,0.07194234758243567,-2.195230490832005,-2.1154761266648023,-3.848857532737082,6.3460246535300024,8.11329936274381,0.7388949615133347,313,86,0.3905,0.21016666666666664,0.1755,0.8245,0.8245,0.8215,4.0,7.9655172413793105,4.0,9.0,0.7586206896551724,0.2413793103448276,11.0,8009,23,3,sw_lints,hybrid,z72_a0p5_hybrid_corr5_bsstablehie5_top10,72
8010,3,-3.8924869580754953,0.5,-4.310775297631971,-2.6376219394060687,-4.310775297631971,-6.836804334860076,-6.017067566920542,9.95030146308894,10.491046811964022,0.6685902443084745,361,104,0.39666666666666667,0.24216666666666667,0.24350000000000005,0.7565,0.7565,0.7535,4.0,6.2809917355371905,4.0,4.0,0.875,0.125,6.5,8010,23,3,sw_lints,hybrid,z72_a0p5_hybrid_corr5_bsstablehie5_top10,72
8011,3,-3.8942424760358447,0.5,-4.102472816057205,-3.2695514559717647,-4.102472816057205,-7.241773620446801,-7.4316578384540755,8.72265168948163,10.657960587153848,0.5849059058614682,366,97,0.41083333333333333,0.24549999999999997,0.24550000000000005,0.7545,0.7545,0.7495,4.0,6.147540983606557,4.0,4.0,0.860655737704918,0.13934426229508196,9.0,8011,23,3,sw_lints,hybrid,z72_a0p5_hybrid_corr5_bsstablehie5_top10,72
8012,3,-2.709259778499293,0.5,-2.8335124071341684,-2.8335124071341684,-2.336501892594667,-5.080552936008535,-6.095463892731178,8.046035330162415,10.053355284953824,0.6448423514195942,317,90,0.3666666666666667,0.21283333333333335,0.20550000000000002,0.7945,0.7945,0.791,4.0,7.137254901960785,4.0,5.75,0.8235294117647058,0.17647058823529413,10.0,8012,23,3,sw_lints,hybrid,z72_a0p5_hybrid_corr5_bsstablehie5_top10,72
8013,3,-1.818090249614801,0.5,-2.601318327950889,0.5315939853934637,-2.601318327950889,-2.1018889752859815,-2.8094510868575617,7.8690042559807605,8.168285326827352,0.7870299409824363,330,92,0.4164999999999999,0.2215,0.22350000000000003,0.7765,0.7765,0.7735,4.0,7.45045045045045,4.0,5.0,0.8378378378378378,0.16216216216216217,8.0,8013,23,3,sw_lints,hybrid,z72_a0p5_hybrid_corr5_bsstablehie5_top10,72
8014,3,-3.157951814303175,0.5,-4.028636362362363,-0.5458981701256101,-4.028636362362363,-4.5699422449266764,-3.7489253124824096,7.608601950011029,9.928562115133477,0.7582685103188797,269,60,0.3978333333333333,0.18083333333333332,0.1755,0.8245,0.8245,0.8195,4.0,9.367816091954023,4.0,5.0,0.8735632183908046,0.12643678160919541,7.0,8014,23,3,sw_lints,hybrid,z72_a0p5_hybrid_corr5_bsstablehie5_top10,72
8015,3,-4.043402593667501,0.5,-4.157945889610744,-3.699772705837771,-4.157945889610744,-7.696576793354663,-8.698720230835665,10.1524639173711,10.653078090001012,0.6263944753860319,363,90,0.41033333333333327,0.24350000000000002,0.26949999999999996,0.7305,0.7305,0.7255,4.0,6.179856115107913,4.0,4.75,0.8848920863309353,0.11510791366906475,8.0,8015,23,3,sw_lints,hybrid,z72_a0p5_hybrid_corr5_bsstablehie5_top10,72
8016,3,-1.285126879427828,0.5,-1.5750940921096819,-0.4152252413822666,-1.5750940921096819,-1.9614702729372935,-2.8065372410434164,6.98620755833722,7.271812994344784,0.7927906562887838,283,61,0.38316666666666666,0.19016666666666668,0.1955,0.8045,0.8045,0.8015,4.0,8.350515463917526,4.0,5.0,0.8556701030927835,0.14432989690721648,7.0,8016,23,3,sw_lints,hybrid,z72_a0p5_hybrid_corr5_bsstablehie5_top10,72
8017,3,-2.9048456405698615,0.5,-3.453206716371312,-1.2597624131655103,-3.453206716371312,-4.682263144669581,-4.5549408852187945,6.653536662358695,11.625440393851871,0.6555758005278632,283,87,0.4038333333333333,0.19016666666666668,0.1835,0.8165,0.8165,0.8115,4.0,8.527472527472527,4.0,5.0,0.8160919540229885,0.1839080459770115,8.0,8017,23,3,sw_lints,hybrid,z72_a0p5_hybrid_corr5_bsstablehie5_top10,72
8018,3,-2.446209458912464,0.5,-2.937108007814778,-0.9735138122055215,-2.937108007814778,-3.926827491627035,-2.8233638136130446,8.273709771285741,10.18575573149999,0.7494350840508325,322,80,0.438,0.21616666666666665,0.1995,0.8005,0.8005,0.7955,4.0,8.65,4.0,5.0,0.8282828282828283,0.1717171717171717,7.0,8018,23,3,sw_lints,hybrid,z72_a0p5_hybrid_corr5_bsstablehie5_top10,72
8019,3,-2.888947698916272,0.5,-3.37857375818232,-1.4200695211181282,-3.37857375818232,-4.766185209478542,-4.697721873482418,6.15926773373392,9.978031399957576,0.6503559429946116,286,81,0.35700000000000004,0.19216666666666668,0.1815,0.8185,0.8185,0.8135,4.0,7.666666666666667,4.0,4.0,0.8222222222222222,0.17777777777777778,8.0,8019,23,3,sw_lints,hybrid,z72_a0p5_hybrid_corr5_bsstablehie5_top10,72
8020,3,-3.716190344069171,0.5,-4.486495494470399,-1.405274892865486,-4.486495494470399,-5.873058551373958,-6.863191725447459,8.411857603306094,9.215665555849917,0.6612408285670429,347,100,0.393,0.23283333333333334,0.21550000000000002,0.7845,0.7845,0.7795,4.0,5.964285714285714,4.0,4.0,0.897196261682243,0.102803738317757,7.0,8020,23,3,sw_lints,hybrid,z72_a0p5_hybrid_corr5_bsstablehie5_top10,72
8021,3,-3.20791932697763,0.5,-4.221238804337586,-0.16796089489775992,-4.221238804337586,-4.382586175847458,-3.239221124173941,7.484000998486884,8.453979180271586,0.6880161710003966,398,91,0.4458333333333333,0.2668333333333333,0.2955,0.7045,0.7045,0.6995,4.0,6.0125,4.0,4.25,0.89375,0.10625,7.0,8021,23,3,sw_lints,hybrid,z72_a0p5_hybrid_corr5_bsstablehie5_top10,72
8022,3,-2.8241225534091488,0.5,-3.0393382898560675,-2.178475344068394,-3.0393382898560675,-5.153664499376243,-5.731813720907796,6.616972257080422,12.902475626103783,0.5792235649078655,289,75,0.408,0.19416666666666668,0.20550000000000002,0.7945,0.7945,0.7895,4.0,7.784313725490196,4.0,6.0,0.8660714285714286,0.13392857142857142,9.0,8022,23,3,sw_lints,hybrid,z72_a0p5_hybrid_corr5_bsstablehie5_top10,72
8023,3,-3.6090971809032104,0.5,-4.388629172221173,-1.2705012069493222,-4.388629172221173,-5.606407245526957,-5.384383510436297,8.448943596722058,11.400809472721606,0.667496168718648,335,81,0.41783333333333333,0.22483333333333333,0.22150000000000003,0.7785,0.7785,0.7735,4.0,8.234567901234568,4.0,7.75,0.7727272727272727,0.22727272727272727,6.0,8023,23,3,sw_lints,hybrid,z72_a0p5_hybrid_corr5_bsstablehie5_top10,72
8024,3,-3.7376460711668456,0.5,-5.1719608824935355,0.5652983628132232,-5.1719608824935355,-4.656220071487572,-3.5133319871126556,8.779311667290735,11.703925797522851,0.7380487932116887,355,88,0.416,0.23816666666666667,0.26549999999999996,0.7345,0.7345,0.731,4.0,7.088888888888889,4.0,5.0,0.8962962962962963,0.1037037037037037,7.0,8024,23,3,sw_lints,hybrid,z72_a0p5_hybrid_corr5_bsstablehie5_top10,72
