number,value,params_lambda_prior,params_noise_std,params_one_minus_gamma,user_attrs_bandit_consulted_ratio_overall,user_attrs_constraints_values,user_attrs_cv_finite_objective,user_attrs_cv_min_symbol_trades,user_attrs_decision_point_ratio_overall,user_attrs_dro_alpha,user_attrs_dro_minimax_max,user_attrs_dro_minimax_mean,user_attrs_dro_minimax_median,user_attrs_dro_minimax_min,user_attrs_dro_minimax_std,user_attrs_dro_pure_min_mean,user_attrs_dro_pure_min_median,user_attrs_dro_pure_min_std,user_attrs_forced_singleton_ratio_overall,user_attrs_full_mean_aggregate_median,user_attrs_h1_mean_aggregate_median,user_attrs_h2_mean_aggregate_median,user_attrs_mean_holding_bars_overall,user_attrs_median_holding_bars_overall,user_attrs_median_max_drawdown_abs,user_attrs_median_min_symbol_trades,user_attrs_median_profit_factor,user_attrs_median_time_between_entries_overall,user_attrs_median_total_trades,user_attrs_memory_horizon_bars,user_attrs_n_seeds,user_attrs_objective_metric_name,user_attrs_objective_score,user_attrs_observed_dro_minimax_median,user_attrs_observed_dro_pure_min_median,user_attrs_observed_median_max_drawdown_abs,user_attrs_observed_median_min_symbol_trades,user_attrs_observed_median_profit_factor,user_attrs_observed_median_total_trades,user_attrs_p25_holding_bars_overall,user_attrs_p75_holding_bars_overall,user_attrs_pending_update_queued_ratio_overall,user_attrs_seeds_used,user_attrs_share_trades_closed_after_horizon_overall,user_attrs_share_trades_closed_before_horizon_overall,user_attrs_valid,state
0,-4.950275651367226,1.0,0.03,0.003076923076923077,0.6165,"[-116.0, 0.0]",0.0,-116.0,0.6165,0.5,-4.6856539540922055,-4.914305469596604,-4.950275651367226,-5.173287602610655,0.18323892407437675,-5.894623484050012,-6.078454319236999,0.34485965522691153,0.38349999999999995,-7.5662357759136,-2.002497037616069,-6.078454319236999,5.535294117647059,4.0,9.917922150571478,166.0,0.6840153361693837,8.0,556.0,325.0,5,dro_minimax_median,-4.950275651367226,-4.950275651367226,-6.078454319236999,9.917922150571478,166.0,0.6840153361693837,556.0,4.0,5.0,0.6135,3142|3143|3144|3145|3146,0.06896551724137931,0.9310344827586207,True,COMPLETE
1,-3.7939605658602997,0.7630340364993864,0.03288600341424091,0.0044566066404837686,0.6025,"[-136.0, 0.0]",0.0,-136.0,0.6025,0.5,-3.3606971982711835,-4.306629166560542,-3.7939605658602997,-6.39135747301183,1.2088016190724378,-5.1488160479849245,-4.5348996744400925,1.523524936633143,0.39749999999999996,-6.773780300366949,-2.088755344354387,-4.5348996744400925,5.317204301075269,4.0,9.33447872112495,186.0,0.7286825630748771,8.0,608.0,224.38596911740208,5,dro_minimax_median,-3.7939605658602997,-3.7939605658602997,-4.5348996744400925,9.33447872112495,186.0,0.7286825630748771,608.0,4.0,5.0,0.5995,3142|3143|3144|3145|3146,0.05913978494623656,0.9408602150537635,True,COMPLETE
2,-5.457388692510542,2.078420280073592,0.03200610675779633,0.0039641174874371545,0.6065,"[-121.0, 0.0]",0.0,-121.0,0.6065,0.5,-3.658878754651192,-5.277902239472542,-5.457388692510542,-6.234035527696781,0.9889978151135046,-6.092864485169821,-6.478462476274132,1.1573778830942751,0.39349999999999996,-8.72694222213737,-2.3941673412197733,-6.478462476274132,5.3619047619047615,4.0,10.258524158869054,171.0,0.6014850575145152,8.0,572.0,252.26295718256094,5,dro_minimax_median,-5.457388692510542,-5.457388692510542,-6.478462476274132,10.258524158869054,171.0,0.6014850575145152,572.0,4.0,5.0,0.6035,3142|3143|3144|3145|3146,0.057692307692307696,0.9423076923076923,True,COMPLETE
3,-4.123662469899245,2.138870492726761,0.00975423826382478,0.005213461445188799,0.712,"[-75.0, 0.0]",0.0,-75.0,0.712,0.5,-2.6368270643909333,-3.970774973880558,-4.123662469899245,-4.906801492677236,0.8235565453385801,-4.640085670900409,-4.771971301173602,0.8520240713400347,0.28800000000000003,-6.84262102333183,-2.1787359760761738,-4.771971301173602,5.772413793103448,4.0,9.449092142442872,125.0,0.6453005834794757,8.0,435.0,191.8111432324568,5,dro_minimax_median,-4.123662469899245,-4.123662469899245,-4.771971301173602,9.449092142442872,125.0,0.6453005834794757,435.0,4.0,5.0,0.7075,3142|3143|3144|3145|3146,0.09722222222222222,0.9027777777777778,True,COMPLETE
4,-3.586422694447176,3.5214433218841976,0.0030261592016370457,0.0035674338815791314,0.7765,"[-49.0, 0.0]",0.0,-49.0,0.7765,0.5,-2.9124716508832424,-3.8707100094931954,-3.586422694447176,-5.414757732895069,1.0240266862288623,-4.68344777936214,-3.9650709845195435,1.4605922872769077,0.22350000000000003,-6.112842722405287,-1.2863010118579228,-3.9650709845195435,6.08080808080808,4.0,6.761101848187434,99.0,0.6800835093919768,8.0,389.0,280.31353437652166,5,dro_minimax_median,-3.586422694447176,-3.586422694447176,-3.9650709845195435,6.761101848187434,99.0,0.6800835093919768,389.0,4.0,5.0,0.7735,3142|3143|3144|3145|3146,0.10285714285714286,0.8971428571428571,True,COMPLETE
5,-4.683088945152668,15.69541975891441,0.0012327337848189793,0.00535737993175704,0.7545,"[-54.0, 0.0]",0.0,-54.0,0.7545,0.5,-3.10486978020443,-4.448294524749814,-4.683088945152668,-5.490873274246923,0.8904126334779744,-5.448922862845568,-5.4654527525619905,1.185989830193145,0.24550000000000005,-6.862929882794167,-1.3405720567500594,-5.4654527525619905,6.745454545454545,4.0,8.877989109202666,104.0,0.6417134545693266,9.0,367.0,186.65840629899728,5,dro_minimax_median,-4.683088945152668,-4.683088945152668,-5.4654527525619905,8.877989109202666,104.0,0.6417134545693266,367.0,4.0,5.25,0.7495,3142|3143|3144|3145|3146,0.13934426229508196,0.860655737704918,True,COMPLETE
6,-3.8127889538903306,0.9619122909945217,0.001502251055102193,0.0054082228054294175,0.8065,"[-32.0, 0.0]",0.0,-32.0,0.8065,0.5,-2.6755890710959926,-3.7436229168470243,-3.8127889538903306,-4.615610127310557,0.6967320783348884,-4.556870915828841,-4.6290960156699015,0.7738488936335542,0.1935,-5.942756467435014,-1.3638677685516187,-4.6290960156699015,6.880952380952381,4.0,7.076455823219563,82.0,0.6380069007496441,9.0,330.0,184.90362471680734,5,dro_minimax_median,-3.8127889538903306,-3.8127889538903306,-4.6290960156699015,7.076455823219563,82.0,0.6380069007496441,330.0,4.0,6.0,0.805,3142|3143|3144|3145|3146,0.16666666666666666,0.8333333333333334,True,COMPLETE
7,-4.074819123692818,20.412398403780916,0.0024423499165259037,0.0022855449318913367,0.7565,"[-61.0, 0.0]",0.0,-61.0,0.7565,0.5,-2.9880868681629345,-3.8829353034372773,-4.074819123692818,-4.617525521824375,0.6244599120935789,-5.186769374379063,-4.865956522143695,0.722272645818228,0.24350000000000005,-5.436569053276474,0.19438122853699205,-4.865956522143695,6.84375,4.0,8.842407273109876,111.0,0.6912353973564183,9.0,389.0,437.5324177820818,5,dro_minimax_median,-4.074819123692818,-4.074819123692818,-4.865956522143695,8.842407273109876,111.0,0.6912353973564183,389.0,4.0,6.0,0.755,3142|3143|3144|3145|3146,0.1557377049180328,0.8442622950819673,True,COMPLETE
8,-4.090750586872961,2.452159774456762,0.0013954426460853785,0.005237446966338156,0.7905,"[-47.0, 0.0]",0.0,-47.0,0.7905,0.5,-3.730203540396209,-4.121388239005521,-4.090750586872961,-4.518006294046786,0.33684572173709104,-5.0194533082561,-4.968620438022875,0.44240092265690834,0.20950000000000002,-6.267319035147415,-0.9972778929071927,-4.968620438022875,6.0,4.0,8.72077777664273,97.0,0.667734824827293,9.0,369.0,190.93272092818265,5,dro_minimax_median,-4.090750586872961,-4.090750586872961,-4.968620438022875,8.72077777664273,97.0,0.667734824827293,369.0,4.0,5.0,0.789,3142|3143|3144|3145|3146,0.11214953271028037,0.8878504672897196,True,COMPLETE
9,-4.4034598558761315,5.916295194021042,0.002426932299776966,0.003180906177265568,0.7845,"[-46.0, 0.0]",0.0,-46.0,0.7845,0.5,-3.576941947473884,-4.558498457213358,-4.4034598558761315,-5.560385019025275,0.7268383708849758,-5.819922128775871,-5.766284712271172,0.9576154515042749,0.21550000000000002,-6.586073829500549,-0.7215950536976582,-5.766284712271172,6.556213017751479,4.0,9.004185838399847,96.0,0.6388522779728523,8.0,367.0,314.3758238288057,5,dro_minimax_median,-4.4034598558761315,-4.4034598558761315,-5.766284712271172,9.004185838399847,96.0,0.6388522779728523,367.0,4.0,5.0,0.7795,3142|3143|3144|3145|3146,0.1242603550295858,0.8757396449704142,True,COMPLETE
10,-3.458145041669983,0.9868340343731874,0.004734327910299004,0.003488023959667905,0.8025,"[-34.0, 0.0]",0.0,-34.0,0.8025,0.5,-2.9133141006050396,-3.532415136027945,-3.458145041669983,-4.5112430438470845,0.6621272362505685,-4.239756500822385,-3.765685745894428,0.8280501873133549,0.1975,-5.959983448583891,-1.3513795247411922,-3.765685745894428,6.484536082474227,4.0,7.598278100154077,84.0,0.5816236933739742,9.0,320.0,286.6952783475748,5,dro_minimax_median,-3.458145041669983,-3.458145041669983,-3.765685745894428,7.598278100154077,84.0,0.5816236933739742,320.0,4.0,6.0,0.801,3142|3143|3144|3145|3146,0.1650485436893204,0.8349514563106796,True,COMPLETE
11,-2.536163507487714,0.5761539646701125,0.0033222219016587015,0.0029226113245936925,0.8455,"[-5.0, 0.0]",0.0,-5.0,0.8455,0.5,-1.2457280246425129,-2.226894101786542,-2.536163507487714,-3.2479763239733477,0.8364129582137128,-2.7506912758834026,-3.2634378389395096,1.0589024786798915,0.15449999999999997,-3.5960229509864843,-0.49242077695289543,-3.2634378389395096,6.416666666666667,4.0,5.91228819703481,55.0,0.6974523301743513,11.0,219.0,342.1597636281732,5,dro_minimax_median,-2.536163507487714,-2.536163507487714,-3.2634378389395096,5.91228819703481,55.0,0.6974523301743513,219.0,4.0,5.25,0.843,3142|3143|3144|3145|3146,0.14432989690721648,0.8556701030927835,True,COMPLETE
12,-3.1384547048590257,0.5411344856025496,0.005076935970838293,0.003135415556723535,0.8225,"[-7.0, 0.0]",0.0,-7.0,0.8225,0.5,-1.6108081491238075,-2.79177176148721,-3.1384547048590257,-3.5859038855475043,0.882842120003121,-3.4237200821451252,-3.7668996116510645,1.1866588293182456,0.1775,-4.85876880350368,-1.099125328790566,-3.7668996116510645,7.2153846153846155,4.0,6.765246230972921,57.0,0.6252456434031275,10.5,250.0,318.9369899806793,5,dro_minimax_median,-3.1384547048590257,-3.1384547048590257,-3.7668996116510645,6.765246230972921,57.0,0.6252456434031275,250.0,4.0,6.0,0.8175,3142|3143|3144|3145|3146,0.15217391304347827,0.8478260869565217,True,COMPLETE
13,-2.1238024537621625,0.5581396350257914,0.0016286342039653235,0.00256491720556148,0.8425,"[-15.0, 0.0]",0.0,-15.0,0.8425,0.5,-0.7809741765699716,-2.339228414075129,-2.1238024537621625,-3.6193777488775343,1.148581933485527,-2.8696843449478466,-2.893711948453433,1.365607585030396,0.15749999999999997,-2.7082765550925445,-0.7213757485641162,-2.893711948453433,7.291139240506329,4.0,4.70983035678959,65.0,0.7008193007612091,12.0,271.0,389.87613238809877,5,dro_minimax_median,-2.1238024537621625,-2.1238024537621625,-2.893711948453433,4.70983035678959,65.0,0.7008193007612091,271.0,4.0,7.0,0.841,3142|3143|3144|3145|3146,0.16923076923076924,0.8307692307692308,True,COMPLETE
14,-2.7784954011750145,0.8943852671472886,0.0019675862383103566,0.0023111739127500684,0.832,"[-19.0, 0.0]",0.0,-19.0,0.832,0.5,-2.124627935341364,-2.731503063984303,-2.7784954011750145,-3.5574967310809926,0.5684522903625764,-3.2802918707053847,-3.249161320974521,0.7011044987415231,0.16800000000000004,-4.305415589358696,-1.1099118534306118,-3.249161320974521,7.431034482758621,4.0,5.480903189200104,69.0,0.6887000515497638,12.0,272.0,432.6805501235945,5,dro_minimax_median,-2.7784954011750145,-2.7784954011750145,-3.249161320974521,5.480903189200104,69.0,0.6887000515497638,272.0,4.0,6.5,0.829,3142|3143|3144|3145|3146,0.1896551724137931,0.8103448275862069,True,COMPLETE
15,-2.7230876701513753,0.5099460444888058,0.0014543277730172746,0.0033481385175232656,0.8485,"[-13.0, 0.0]",0.0,-13.0,0.8485,0.5,-1.6414379580963607,-2.576192417883342,-2.7230876701513753,-3.295293734927764,0.6438465162768852,-3.0899818777302634,-3.1150340579289932,0.7839373297840877,0.15149999999999997,-4.615517846615588,-1.148089931625033,-3.1150340579289932,6.888888888888889,4.0,6.175904851235381,63.0,0.6812982436670539,12.0,256.0,298.67342547695273,5,dro_minimax_median,-2.7230876701513753,-2.7230876701513753,-3.1150340579289932,6.175904851235381,63.0,0.6812982436670539,256.0,4.0,6.0,0.847,3142|3143|3144|3145|3146,0.15942028985507245,0.8405797101449275,True,COMPLETE
16,-2.728130695274683,0.7723721648939881,0.009637350306401567,0.0024736737075739764,0.8165,"[-26.0, 0.0]",0.0,-26.0,0.8165,0.5,-0.4624365953899608,-2.2879703685943125,-2.728130695274683,-3.787850569396893,1.316263234694317,-2.8076325519265763,-3.3592696689233517,1.5983329888351405,0.1835,-4.135711438653052,-0.834713774328677,-3.3592696689233517,6.693693693693693,4.0,5.874302395210085,76.0,0.7722477912979048,11.0,279.0,404.2570355735143,5,dro_minimax_median,-2.728130695274683,-2.728130695274683,-3.3592696689233517,5.874302395210085,76.0,0.7722477912979048,279.0,4.0,5.0,0.815,3142|3143|3144|3145|3146,0.14516129032258066,0.8548387096774194,True,COMPLETE
17,-3.532518499402677,1.6977907456015968,0.0011491932598558842,0.0026363001345931633,0.8325,"[-23.0, 0.0]",0.0,-23.0,0.8325,0.5,-3.1990021499285124,-3.6095237567886107,-3.532518499402677,-4.217721070926585,0.44559938719723935,-4.5510567236482995,-4.676871262894396,0.482834535862473,0.16749999999999998,-5.044810534944418,-0.7835231091223194,-4.676871262894396,6.631578947368421,4.0,7.122614579883246,73.0,0.659239803977848,10.0,301.0,379.31948144983164,5,dro_minimax_median,-3.532518499402677,-3.532518499402677,-4.676871262894396,7.122614579883246,73.0,0.659239803977848,301.0,4.0,6.0,0.8275,3142|3143|3144|3145|3146,0.1388888888888889,0.8611111111111112,True,COMPLETE
18,-3.334511650570639,2.6277372024959225,0.004885943744897302,0.0023434046714192946,0.8225,"[-25.0, 0.0]",0.0,-25.0,0.8225,0.5,-3.1317077627139867,-3.52895732786324,-3.334511650570639,-4.313412305208493,0.46957794722525825,-4.4013667903356595,-4.340366596210317,0.5119169520548978,0.1775,-5.07508316506435,-1.1165284094344252,-4.340366596210317,6.689655172413793,4.0,7.555923784335638,75.0,0.6495472058817374,11.0,300.0,426.72954108022026,5,dro_minimax_median,-3.334511650570639,-3.334511650570639,-4.340366596210317,7.555923784335638,75.0,0.6495472058817374,300.0,4.0,6.0,0.821,3142|3143|3144|3145|3146,0.16091954022988506,0.8390804597701149,True,COMPLETE
19,-5.394738458082476,7.647128873669215,0.022092525714472906,0.002677616873750411,0.6645,"[-91.0, 0.0]",0.0,-91.0,0.6645,0.5,-4.101703077744344,-4.989204115142852,-5.394738458082476,-5.546291368946422,0.6555060532182246,-6.110898516181786,-6.515619133840308,0.7016450771377293,0.3355,-8.021816102812322,-1.3910671894061994,-6.515619133840308,6.288888888888889,4.0,10.270499771724484,141.0,0.6444282221015862,8.0,485.0,373.4664244923686,5,dro_minimax_median,-5.394738458082476,-5.394738458082476,-6.515619133840308,10.270499771724484,141.0,0.6444282221015862,485.0,4.0,6.0,0.6595,3142|3143|3144|3145|3146,0.11851851851851852,0.8814814814814815,True,COMPLETE
20,-4.690347545331191,26.232448256646663,0.00620316711250762,0.004350507333422499,0.7265,"[-82.0, 0.0]",0.0,-82.0,0.7265,0.5,-4.575411368146923,-4.931981263017597,-4.690347545331191,-5.7491757267345776,0.4901017854807308,-5.989386051638665,-6.0079911520663165,0.9095198991177469,0.27349999999999997,-7.951238626781858,-2.0832082142342223,-6.0079911520663165,6.115384615384615,4.0,10.31953823172531,132.0,0.6167561095302998,8.0,422.0,229.85824947760986,5,dro_minimax_median,-4.690347545331191,-4.690347545331191,-6.0079911520663165,10.31953823172531,132.0,0.6167561095302998,422.0,4.0,5.0,0.7215,3142|3143|3144|3145|3146,0.10294117647058823,0.8970588235294118,True,COMPLETE
21,-4.014827126117426,0.6461289409052503,0.0010451029856469996,0.0034099537559186327,0.8085,"[-16.0, 0.0]",0.0,-16.0,0.8085,0.5,-3.1437780401742748,-3.876561456055166,-4.014827126117426,-4.2275744719282855,0.42145855568920454,-4.776158209118464,-4.87822095335723,0.5867283630666473,0.1915,-6.06130364409038,-1.1416162608345881,-4.87822095335723,7.176056338028169,4.0,8.547007059346768,66.0,0.6292790824771364,11.0,297.0,293.2591089437231,5,dro_minimax_median,-4.014827126117426,-4.014827126117426,-4.87822095335723,8.547007059346768,66.0,0.6292790824771364,297.0,4.0,6.0,0.8035,3142|3143|3144|3145|3146,0.18947368421052632,0.8105263157894737,True,COMPLETE
22,-2.5572273657025653,0.6083981075567667,0.0011987330780253488,0.002693338645866066,0.8405,"[-21.0, 0.0]",0.0,-21.0,0.8405,0.5,-1.839072903894933,-2.517004634991679,-2.5572273657025653,-3.622869430358447,0.7015409226933726,-2.817923788433157,-2.8943871291399152,0.7068412735888042,0.15949999999999998,-4.240173703564132,-1.463355374486915,-2.8943871291399152,6.5353535353535355,4.0,6.877984136877968,71.0,0.6416026571005922,11.0,239.0,371.2863963597275,5,dro_minimax_median,-2.5572273657025653,-2.5572273657025653,-2.8943871291399152,6.877984136877968,71.0,0.6416026571005922,239.0,4.0,6.0,0.837,3142|3143|3144|3145|3146,0.16129032258064516,0.8387096774193549,True,COMPLETE
23,-2.757508768610194,0.6264646649726442,0.0019681125592590823,0.0025459901483555125,0.8525,"[-23.0, 0.0]",0.0,-23.0,0.8525,0.5,-1.075685451368615,-2.6176623154262257,-2.757508768610194,-3.608093454868711,0.9492367188742424,-3.050880378184935,-2.9790679039197223,1.1900874990203416,0.14749999999999996,-4.990664057035506,-1.2938305386003603,-2.9790679039197223,7.049382716049383,4.0,5.4854058645546155,73.0,0.647443289410925,12.0,259.0,392.7744970442689,5,dro_minimax_median,-2.757508768610194,-2.757508768610194,-2.9790679039197223,5.4854058645546155,73.0,0.647443289410925,259.0,4.0,7.0,0.8475,3142|3143|3144|3145|3146,0.17391304347826086,0.8260869565217391,True,COMPLETE
24,-5.365549136882926,18.062058947854165,0.039113308564621085,0.004051197921206311,0.5895,"[-154.0, 0.0]",0.0,-154.0,0.5895,0.5,-4.218696661099926,-5.374004558643238,-5.365549136882926,-6.47211126235298,0.8158290755879746,-6.077195203335323,-6.174199901993216,0.8151729955895781,0.4105,-8.924626038349379,-2.939596841552054,-6.174199901993216,5.4,4.0,11.636287721321626,204.0,0.6686999524349365,8.0,627.0,246.84056899946114,5,dro_minimax_median,-5.365549136882926,-5.365549136882926,-6.174199901993216,11.636287721321626,204.0,0.6686999524349365,627.0,4.0,5.0,0.5855,3142|3143|3144|3145|3146,0.05188679245283019,0.9481132075471698,True,COMPLETE
25,-3.6846046584513434,1.3974956459960206,0.0028803271042575755,0.002835160527906718,0.8365,"[-18.0, 0.0]",0.0,-18.0,0.8365,0.5,-0.9672919349316319,-3.170808429925595,-3.6846046584513434,-4.723740969473283,1.4146289510239336,-3.823440527660813,-4.092378377418815,1.4862043844516963,0.16349999999999998,-5.706859961104139,-1.2835852506683842,-4.092378377418815,6.489795918367347,4.0,7.169223130838898,68.0,0.5646904343284437,10.0,281.0,352.7137141466657,5,dro_minimax_median,-3.6846046584513434,-3.6846046584513434,-4.092378377418815,7.169223130838898,68.0,0.5646904343284437,281.0,4.0,6.75,0.8315,3142|3143|3144|3145|3146,0.17647058823529413,0.8235294117647058,True,COMPLETE
26,-3.033121328149771,0.5408282214668123,0.001323555117564876,0.002647166479350969,0.8525,"[-13.0, 0.0]",0.0,-13.0,0.8525,0.5,-1.4516675806797452,-2.638497552048371,-3.033121328149771,-3.7892751228909476,0.9637737452403943,-3.0607383382751303,-3.3275085370623625,1.1577766532954266,0.14749999999999996,-5.319001321348757,-1.2230892662410953,-2.1515435889646732,7.344827586206897,4.0,6.766259686018971,63.0,0.5938944068804852,12.5,214.0,377.76241418906886,5,dro_minimax_median,-3.033121328149771,-3.033121328149771,-3.3275085370623625,6.766259686018971,63.0,0.5938944068804852,214.0,4.0,7.0,0.849,3142|3143|3144|3145|3146,0.1746031746031746,0.8253968253968254,True,COMPLETE
27,-1.6771857019293106,0.5524943426623434,0.003930786334415989,0.002307965181501409,0.864,"[-10.0, 0.0]",0.0,-10.0,0.864,0.5,-1.641983060272831,-2.0217649699512945,-1.6771857019293106,-3.0702399639583757,0.6114562388983943,-2.381936151320262,-2.1818487854991484,0.6884644332819936,0.136,-3.2102669725512123,-1.1133189389638327,-2.1818487854991484,6.688172043010753,4.0,5.153602331155938,60.0,0.7015940251721229,11.0,208.0,433.2820997539774,5,dro_minimax_median,-1.6771857019293106,-1.6771857019293106,-2.1818487854991484,5.153602331155938,60.0,0.7015940251721229,208.0,4.0,7.0,0.859,3142|3143|3144|3145|3146,0.15053763440860216,0.8494623655913979,True,COMPLETE
28,-2.3048998741761384,0.6328391610370294,0.004747727356257883,0.0026280379416454554,0.8265,"[-6.0, 0.0]",0.0,-6.0,0.8265,0.5,-1.0031152083300983,-2.436149452363785,-2.3048998741761384,-3.8108793201557916,1.1253892093756168,-3.0980849515762956,-2.9578618561124976,1.5022730521176304,0.1735,-3.304011843749022,-0.44761396251369695,-2.9578618561124976,6.810218978102189,4.0,6.016752713043971,56.0,0.7325970202816444,9.5,283.0,380.51201017816527,5,dro_minimax_median,-2.3048998741761384,-2.3048998741761384,-2.9578618561124976,6.016752713043971,56.0,0.7325970202816444,283.0,4.0,6.0,0.8215,3142|3143|3144|3145|3146,0.1348314606741573,0.8651685393258427,True,COMPLETE
29,-4.175585114559577,2.0908687174637284,0.01095905811633005,0.0029656344337426117,0.7465,"[-50.0, 0.0]",0.0,-50.0,0.7465,0.5,-3.001546834435233,-3.8800782572478028,-4.175585114559577,-4.849701851373128,0.7780284615183246,-4.517778954914206,-4.313408333614247,1.018923209355858,0.25349999999999995,-6.827509060580593,-1.9544976973417763,-3.762115457395565,6.214285714285714,4.0,8.937206594907643,100.0,0.621576519910865,9.0,370.0,337.19597689523937,5,dro_minimax_median,-4.175585114559577,-4.175585114559577,-4.313408333614247,8.937206594907643,100.0,0.621576519910865,370.0,4.0,5.0,0.744,3142|3143|3144|3145|3146,0.11904761904761904,0.8809523809523809,True,COMPLETE
30,-2.691692823660212,0.5568497604625452,0.0051755631784752894,0.0024256881961385564,0.8325,"[-28.0, 0.0]",0.0,-28.0,0.8325,0.5,-1.2738261707372494,-2.4104140570542865,-2.691692823660212,-3.383918087699082,0.8938031315190168,-2.78393417469601,-3.1481528705107937,1.1215620571309968,0.16749999999999998,-4.417760596439032,-1.343100817207003,-3.1481528705107937,6.666666666666667,4.0,6.2779070586501895,78.0,0.6754425544969379,9.5,243.0,412.2541395023054,5,dro_minimax_median,-2.691692823660212,-2.691692823660212,-3.1481528705107937,6.2779070586501895,78.0,0.6754425544969379,243.0,4.0,6.0,0.831,3142|3143|3144|3145|3146,0.12903225806451613,0.8709677419354839,True,COMPLETE
31,-2.418283558024965,0.8147966074384936,0.0036022366666653436,0.0023047202769612726,0.85,"[-16.0, 0.0]",0.0,-16.0,0.85,0.5,-2.0000822864084276,-2.3401232010116226,-2.418283558024965,-2.659238571399598,0.25683205014187127,-2.9039789224165475,-3.0019172607184195,0.38834338534804824,0.15000000000000002,-3.6511342820833383,-0.6673824499446016,-3.0019172607184195,6.935064935064935,4.0,5.964681548760664,66.0,0.6024585807034175,13.0,212.0,433.8921343281103,5,dro_minimax_median,-2.418283558024965,-2.418283558024965,-3.0019172607184195,5.964681548760664,66.0,0.6024585807034175,212.0,4.0,6.75,0.8455,3142|3143|3144|3145|3146,0.14814814814814814,0.8518518518518519,True,COMPLETE
32,-1.6293598962935436,0.6115598409758733,0.002761224123498433,0.0022559210849628095,0.8545,"[-3.0, 0.0]",0.0,-3.0,0.8545,0.5,-0.02712287248432626,-1.6250944708229866,-1.6293598962935436,-3.2689616933861645,1.1690735590351327,-1.9830919711722799,-2.037286214566595,1.3711402777256054,0.14549999999999996,-2.434455368636549,-0.405580941474389,-2.037286214566595,7.772151898734177,4.0,4.022067439361887,53.0,0.7480840065355333,13.0,216.0,443.2779172399489,5,dro_minimax_median,-1.6293598962935436,-1.6293598962935436,-2.037286214566595,4.022067439361887,53.0,0.7480840065355333,216.0,4.0,9.0,0.851,3142|3143|3144|3145|3146,0.2191780821917808,0.7808219178082192,True,COMPLETE
33,-2.4709942790886954,0.636104333683752,0.003514553483701658,0.0024038028059768547,0.8385,"[-6.0, 0.0]",0.0,-6.0,0.8385,0.5,-0.8889344043563239,-2.317086857628689,-2.4709942790886954,-3.3058721478865616,0.9930895439518843,-2.799489926190708,-2.6928208320380307,1.2388496540463998,0.16149999999999998,-4.4559286224058985,-0.9380704188851285,-2.6928208320380307,6.765432098765432,4.0,5.227850115952426,56.0,0.6213760515287742,11.0,272.0,416.0075017441462,5,dro_minimax_median,-2.4709942790886954,-2.4709942790886954,-2.6928208320380307,5.227850115952426,56.0,0.6213760515287742,272.0,4.0,7.0,0.837,3142|3143|3144|3145|3146,0.14814814814814814,0.8518518518518519,True,COMPLETE
34,-5.270814003767283,7.922938442744702,0.03676146665487719,0.005586809012273696,0.582,"[-154.0, 0.0]",0.0,-154.0,0.582,0.5,-2.644317923587968,-5.132812699805146,-5.270814003767283,-6.824219103612268,1.6237389996229814,-6.019521274180591,-6.839487248827617,1.817030835193677,0.41800000000000004,-7.907762385404282,-2.688290427712559,-6.839487248827617,5.094059405940594,4.0,11.27164897070001,204.0,0.68588652651573,8.0,638.0,178.99305270738515,5,dro_minimax_median,-5.270814003767283,-5.270814003767283,-6.839487248827617,11.27164897070001,204.0,0.68588652651573,638.0,4.0,5.0,0.5795,3142|3143|3144|3145|3146,0.04484304932735426,0.9551569506726457,True,COMPLETE
35,-2.837071704425175,0.6079214530327357,0.0022177306248765084,0.002277698829600643,0.8345,"[-14.0, 0.0]",0.0,-14.0,0.8345,0.5,-1.504897465872988,-2.6925537816089724,-2.837071704425175,-3.420173223162665,0.7493644331444587,-3.2614774218693072,-3.326938028556233,1.1525338188556948,0.16549999999999998,-4.336126809432117,-1.588200645103954,-3.326938028556233,6.734939759036145,4.0,4.661179361024004,64.0,0.7997479690865246,11.0,270.0,439.03960743367185,5,dro_minimax_median,-2.837071704425175,-2.837071704425175,-3.326938028556233,4.661179361024004,64.0,0.7997479690865246,270.0,4.0,7.0,0.833,3142|3143|3144|3145|3146,0.16923076923076924,0.8307692307692308,True,COMPLETE
36,-2.1213767067796496,1.2601770554257086,0.004100852618548361,0.0023108720049449527,0.8425,"[-18.0, 0.0]",0.0,-18.0,0.8425,0.5,-1.2346506764659568,-2.058769906908414,-2.1213767067796496,-2.449514937354464,0.4946304714444642,-2.485293136901622,-2.4698235523944496,0.655876120543339,0.15749999999999997,-3.4461693503983573,-0.9093097127596539,-2.4698235523944496,6.6911764705882355,4.0,5.228704625456948,68.0,0.7570297905454145,11.5,243.0,432.73707841028653,5,dro_minimax_median,-2.1213767067796496,-2.1213767067796496,-2.4698235523944496,5.228704625456948,68.0,0.7570297905454145,243.0,4.0,6.0,0.841,3142|3143|3144|3145|3146,0.1559633027522936,0.8440366972477065,True,COMPLETE
37,-2.3703631891373584,1.5148893418159886,0.0037306006959532166,0.0022462048754656404,0.8325,"[-28.0, 0.0]",0.0,-28.0,0.8325,0.5,-1.2844858201311047,-2.190442783505008,-2.3703631891373584,-3.156775504928312,0.8449648122501257,-2.588746003193838,-2.868364616427344,0.9767986241760003,0.16749999999999998,-3.7178292138940825,-0.8763589072674013,-2.868364616427344,6.510869565217392,4.0,5.29625691191018,78.0,0.6597993354138695,10.0,286.0,445.1953652681388,5,dro_minimax_median,-2.3703631891373584,-2.3703631891373584,-2.868364616427344,5.29625691191018,78.0,0.6597993354138695,286.0,4.0,5.0,0.8275,3142|3143|3144|3145|3146,0.13043478260869565,0.8695652173913043,True,COMPLETE
38,-1.9513890437757866,0.5175782551120877,0.005136026169476085,0.0022942174164122765,0.8385,"[-7.0, 0.0]",0.0,-7.0,0.8385,0.5,0.019063628424398356,-1.4756304079488172,-1.9513890437757866,-2.128744967242323,0.8888820514938063,-1.7267422640637151,-2.1017711882595864,0.9335734332464392,0.16149999999999998,-3.567550959269893,-1.1789382905849817,-2.1017711882595864,7.056338028169014,4.0,4.895435372164581,57.0,0.6456597950954508,11.0,259.0,435.8784798887158,5,dro_minimax_median,-1.9513890437757866,-1.9513890437757866,-2.1017711882595864,4.895435372164581,57.0,0.6456597950954508,259.0,4.0,6.0,0.835,3142|3143|3144|3145|3146,0.1485148514851485,0.8514851485148515,True,COMPLETE
39,-1.1623525021909988,0.5029939079985263,0.004594176018045631,0.002234068489498901,0.85,"[0.0, 0.0]",0.0,0.0,0.85,0.5,-0.4984305923364453,-1.5447058107224583,-1.1623525021909988,-3.158426874404362,1.0249478330735728,-1.8221451350053628,-1.5166496337991944,1.2033221932418712,0.15000000000000002,-2.0018125061041174,-0.5603455331668727,-1.5166496337991944,7.819444444444445,4.0,4.002572215938249,50.0,0.8201097937237805,11.5,228.0,447.6138510078976,5,dro_minimax_median,-1.1623525021909988,-1.1623525021909988,-1.5166496337991944,4.002572215938249,50.0,0.8201097937237805,228.0,4.0,7.0,0.847,3142|3143|3144|3145|3146,0.16981132075471697,0.8301886792452831,True,COMPLETE
40,-1.1409996168756837,0.5000023512066147,0.005042960402690841,0.002277440997217994,0.8525,"[-3.0, 0.0]",0.0,-3.0,0.8525,0.5,-0.6151570234627342,-1.438717305311289,-1.1409996168756837,-3.1438895829531637,0.9809643492071098,-1.7620530217731503,-1.3005479252866547,1.40735677289657,0.14749999999999996,-2.153557097851056,-0.4867873589815219,-1.1148749526958361,6.986301369863014,4.0,4.344231660435449,53.0,0.7845695307918564,12.0,203.0,439.08931174135756,5,dro_minimax_median,-1.1409996168756837,-1.1409996168756837,-1.3005479252866547,4.344231660435449,53.0,0.7845695307918564,203.0,4.0,7.0,0.8475,3142|3143|3144|3145|3146,0.17721518987341772,0.8227848101265823,True,COMPLETE
41,-2.075246040825446,0.5332020113626669,0.008931243083828058,0.0023503907123833263,0.8245,"[-16.0, 0.0]",0.0,-16.0,0.8245,0.5,-1.3827710931663666,-2.1206771162461173,-2.075246040825446,-3.2151083353654517,0.7129483806947303,-2.344602289070161,-2.231186212841337,0.6530788230177146,0.1755,-3.7612573497040542,-1.2286368305565285,-2.231186212841337,6.515151515151516,4.0,5.305508915801028,66.0,0.7034749854144412,11.0,287.0,425.46117746780374,5,dro_minimax_median,-2.075246040825446,-2.075246040825446,-2.231186212841337,5.305508915801028,66.0,0.7034749854144412,287.0,4.0,6.0,0.823,3142|3143|3144|3145|3146,0.13432835820895522,0.8656716417910447,True,COMPLETE
42,-2.2385718345381007,0.681215586750961,0.00445739763493708,0.0023318340244377973,0.8525,"[2.0, 0.0]",0.0,2.0,0.8525,0.5,-0.7323105191219823,-2.4826379320739895,-2.2385718345381007,-4.24940587265696,1.3453501884897663,-2.9862762452456613,-2.7430853777704525,1.5451297890354525,0.14749999999999996,-3.448684190424822,-1.457113944437068,-2.4500244695804105,7.168674698795181,4.0,4.776000084555454,48.0,0.6500329741420059,11.0,215.0,428.84698890226497,5,dro_minimax_median,-2.2385718345381007,-2.2385718345381007,-2.7430853777704525,4.776000084555454,48.0,0.6500329741420059,215.0,4.0,7.0,0.8475,3142|3143|3144|3145|3146,0.1686746987951807,0.8313253012048193,False,COMPLETE
43,-1.9562501601803188,0.5026630539130904,0.004730170505742116,0.0024080418230151275,0.8425,"[-12.0, 0.0]",0.0,-12.0,0.8425,0.5,-1.0442237115772106,-2.3787806187908074,-1.9562501601803188,-3.603007171884773,1.067690490267121,-2.8682702691770023,-2.254809129443221,1.4074268665658445,0.15749999999999997,-3.7867221984491106,-0.9163933203983122,-2.254809129443221,7.22093023255814,4.0,4.832805251931904,62.0,0.6727065972690028,10.0,240.0,415.27517937703107,5,dro_minimax_median,-1.9562501601803188,-1.9562501601803188,-2.254809129443221,4.832805251931904,62.0,0.6727065972690028,240.0,4.0,6.0,0.839,3142|3143|3144|3145|3146,0.19047619047619047,0.8095238095238095,True,COMPLETE
44,-3.794914688826581,29.502094025857698,0.014421522049972173,0.002791855149759447,0.6745,"[-101.0, 0.0]",0.0,-101.0,0.6745,0.5,-3.0450227609484264,-3.9734122402780856,-3.794914688826581,-4.948481981229195,0.8122774788327238,-5.11976361357639,-4.7022144705891575,0.7868652963551531,0.3255,-5.823497290345311,-0.4414670372379155,-4.7022144705891575,5.966292134831461,4.0,8.87626821619052,151.0,0.6993116409991162,8.0,481.0,358.1847719019959,5,dro_minimax_median,-3.794914688826581,-3.794914688826581,-4.7022144705891575,8.87626821619052,151.0,0.6993116409991162,481.0,4.0,5.0,0.673,3142|3143|3144|3145|3146,0.10112359550561797,0.898876404494382,True,COMPLETE
45,-1.7377039495547475,0.5080233817230154,0.008452919184579449,0.0022603299174729728,0.8145,"[-14.0, 0.0]",0.0,-14.0,0.8145,0.5,-0.2445280579115703,-1.9564993719440338,-1.7377039495547475,-3.128054713252004,1.172196769567971,-2.265639987438955,-2.108202635907952,1.4262410138357924,0.1855,-3.3181720358724385,-1.0006575751788798,-2.108202635907952,6.565217391304348,4.0,4.767375378613248,64.0,0.7438478394079056,11.0,309.0,442.41329209055925,5,dro_minimax_median,-1.7377039495547475,-1.7377039495547475,-2.108202635907952,4.767375378613248,64.0,0.7438478394079056,309.0,4.0,6.0,0.811,3142|3143|3144|3145|3146,0.125,0.875,True,COMPLETE
46,-2.0781523211735724,0.6927882423481508,0.012478929452511289,0.0022415735885353174,0.8185,"[-31.0, 0.0]",0.0,-31.0,0.8185,0.5,-1.434759285857735,-2.122756455446208,-2.0781523211735724,-3.1573913876511206,0.6372962370481494,-2.5689202085538865,-2.427501872632487,0.7107825243617456,0.1815,-3.4614259756569177,-1.3065668020246335,-1.9569059962289266,6.503225806451613,4.0,5.560750514350888,81.0,0.7560533689301487,10.5,324.0,446.115177799457,5,dro_minimax_median,-2.0781523211735724,-2.0781523211735724,-2.427501872632487,5.560750514350888,81.0,0.7560533689301487,324.0,4.0,6.0,0.8155,3142|3143|3144|3145|3146,0.12389380530973451,0.8761061946902655,True,COMPLETE
47,-3.991688059094889,0.5894123238285255,0.02600711539682223,0.002431471339490276,0.6725,"[-93.0, 0.0]",0.0,-93.0,0.6725,0.5,-2.7450754310124243,-3.729379957898813,-3.991688059094889,-4.2481733907026165,0.5924786596577641,-4.357861137166919,-4.562782673364999,0.8049506889036483,0.3275,-6.865953171349978,-2.0830085641921756,-4.562782673364999,5.814814814814815,4.0,8.856325892312656,143.0,0.6972172998681251,9.0,473.0,411.2736118903364,5,dro_minimax_median,-3.991688059094889,-3.991688059094889,-4.562782673364999,8.856325892312656,143.0,0.6972172998681251,473.0,4.0,6.0,0.669,3142|3143|3144|3145|3146,0.08994708994708994,0.91005291005291,True,COMPLETE
48,-2.7896747182484853,0.5217598986819725,0.010129894512965722,0.0027934845800841952,0.8185,"[-28.0, 0.0]",0.0,-28.0,0.8185,0.5,-2.558208227179801,-3.155900781995215,-2.7896747182484853,-4.278323677454088,0.7378452569794346,-3.7977514984967313,-3.40052948813192,1.0680695247608818,0.1815,-4.92445761339011,-1.044850836021823,-3.40052948813192,6.69,4.0,7.308613158969191,78.0,0.664031790521135,10.0,261.0,357.9758439081343,5,dro_minimax_median,-2.7896747182484853,-2.7896747182484853,-3.40052948813192,7.308613158969191,78.0,0.664031790521135,261.0,4.0,6.0,0.8135,3142|3143|3144|3145|3146,0.14492753623188406,0.855072463768116,True,COMPLETE
49,-2.064303684114131,0.5599754244306862,0.0054295814451248,0.0022718737531391806,0.8245,"[-14.0, 0.0]",0.0,-14.0,0.8245,0.5,-1.672180939838162,-2.14981602479334,-2.064303684114131,-2.6449345322763596,0.41906747414342793,-2.5307008335434213,-2.1568776368244875,0.6440091632439467,0.1755,-3.809212940271929,-0.9674851340111738,-2.0675351204090844,7.533333333333333,4.0,4.826923735333766,64.0,0.6687433501564944,11.0,252.0,440.1653034717451,5,dro_minimax_median,-2.064303684114131,-2.064303684114131,-2.1568776368244875,4.826923735333766,64.0,0.6687433501564944,252.0,4.0,6.25,0.823,3142|3143|3144|3145|3146,0.16,0.84,True,COMPLETE
