number,value,params_lambda_prior,params_noise_std,params_window_size,user_attrs_all_symbols_active_share,user_attrs_all_symbols_have_long_share,user_attrs_calmar_drawdown_floor_abs,user_attrs_calmar_drawdown_floor_applied,user_attrs_calmar_like,user_attrs_constraint_drawdown_ok,user_attrs_constraint_finite_objective_return_ok,user_attrs_constraint_max_trades_ok,user_attrs_constraint_min_trades_ok,user_attrs_constraint_profit_factor_ok,user_attrs_constraint_symbols_active_ok,user_attrs_constraint_symbols_have_long_ok,user_attrs_constraint_value_all_symbols_active,user_attrs_constraint_value_all_symbols_have_long,user_attrs_constraint_value_drawdown,user_attrs_constraint_value_finite_objective_return,user_attrs_constraint_value_max_trades,user_attrs_constraint_value_min_trades,user_attrs_constraint_value_profit_factor,user_attrs_constraints_values,user_attrs_diagnostic_mean_of_seed_mean_return_pct,user_attrs_diagnostic_median_mean_turnover,user_attrs_effective_drawdown_abs_for_calmar,user_attrs_invalid_score,user_attrs_max_drawdown_abs,user_attrs_max_seed_median_return_pct,user_attrs_max_total_trades,user_attrs_mean_of_seed_mean_return_pct,user_attrs_mean_of_seed_median_return_pct,user_attrs_mean_seed_half_return_gap_pct,user_attrs_mean_seed_max_half_median_return_pct,user_attrs_mean_seed_min_half_median_return_pct,user_attrs_mean_seed_second_minus_first_half_median_return_pct,user_attrs_mean_seed_val_first_max_drawdown_abs,user_attrs_mean_seed_val_first_mean_constraint_applied_ratio,user_attrs_mean_seed_val_first_mean_executed_action_1_ratio,user_attrs_mean_seed_val_first_mean_return_pct,user_attrs_mean_seed_val_first_mean_threshold_applied_ratio,user_attrs_mean_seed_val_first_mean_turnover,user_attrs_mean_seed_val_first_median_profit_factor,user_attrs_mean_seed_val_first_median_return_pct,user_attrs_mean_seed_val_first_positive_return_symbols,user_attrs_mean_seed_val_first_total_trade_events,user_attrs_mean_seed_val_first_total_trades,user_attrs_mean_seed_val_second_max_drawdown_abs,user_attrs_mean_seed_val_second_mean_constraint_applied_ratio,user_attrs_mean_seed_val_second_mean_executed_action_1_ratio,user_attrs_mean_seed_val_second_mean_return_pct,user_attrs_mean_seed_val_second_mean_threshold_applied_ratio,user_attrs_mean_seed_val_second_mean_turnover,user_attrs_mean_seed_val_second_median_profit_factor,user_attrs_mean_seed_val_second_median_return_pct,user_attrs_mean_seed_val_second_positive_return_symbols,user_attrs_mean_seed_val_second_total_trade_events,user_attrs_mean_seed_val_second_total_trades,user_attrs_median_active_symbols,user_attrs_median_long_action_symbols,user_attrs_median_max_drawdown_abs,user_attrs_median_mean_turnover,user_attrs_median_of_seed_mean_return_pct,user_attrs_median_of_seed_median_return_pct,user_attrs_median_positive_return_symbols,user_attrs_median_profit_factor,user_attrs_median_seed_half_return_gap_pct,user_attrs_median_seed_max_half_median_return_pct,user_attrs_median_seed_min_half_median_return_pct,user_attrs_median_seed_second_minus_first_half_median_return_pct,user_attrs_median_seed_val_first_max_drawdown_abs,user_attrs_median_seed_val_first_mean_constraint_applied_ratio,user_attrs_median_seed_val_first_mean_executed_action_1_ratio,user_attrs_median_seed_val_first_mean_return_pct,user_attrs_median_seed_val_first_mean_threshold_applied_ratio,user_attrs_median_seed_val_first_mean_turnover,user_attrs_median_seed_val_first_median_profit_factor,user_attrs_median_seed_val_first_median_return_pct,user_attrs_median_seed_val_first_positive_return_symbols,user_attrs_median_seed_val_first_total_trade_events,user_attrs_median_seed_val_first_total_trades,user_attrs_median_seed_val_second_max_drawdown_abs,user_attrs_median_seed_val_second_mean_constraint_applied_ratio,user_attrs_median_seed_val_second_mean_executed_action_1_ratio,user_attrs_median_seed_val_second_mean_return_pct,user_attrs_median_seed_val_second_mean_threshold_applied_ratio,user_attrs_median_seed_val_second_mean_turnover,user_attrs_median_seed_val_second_median_profit_factor,user_attrs_median_seed_val_second_median_return_pct,user_attrs_median_seed_val_second_positive_return_symbols,user_attrs_median_seed_val_second_total_trade_events,user_attrs_median_seed_val_second_total_trades,user_attrs_median_total_trade_events,user_attrs_median_total_trades,user_attrs_memory_horizon,user_attrs_memory_horizon_bars,user_attrs_min_profit_factor,user_attrs_min_seed_median_return_pct,user_attrs_min_total_trades,user_attrs_n_seeds,user_attrs_objective_metric_name,user_attrs_objective_score,user_attrs_observed_all_symbols_active_share,user_attrs_observed_all_symbols_have_long_share,user_attrs_observed_mean_of_seed_mean_return_pct,user_attrs_observed_median_max_drawdown_abs,user_attrs_observed_median_of_seed_median_return_pct,user_attrs_observed_median_profit_factor,user_attrs_observed_median_total_trades,user_attrs_optuna_constraints_convention,user_attrs_required_all_symbols_active_share,user_attrs_required_all_symbols_have_long_share,user_attrs_seeds_used,user_attrs_std_of_seed_median_return_pct,user_attrs_valid,state
0,-1.0449456865912032,1.0,0.03,325,1.0,1.0,1.0,False,-0.10244849268746799,True,True,True,True,True,True,True,0.0,0.0,-4.800282471905746,0.0,-97.0,-453.0,-0.04599352490417108,"[-4.800282471905746, -0.04599352490417108, -453.0, -97.0, 0.0, 0.0, 0.0]",0.32364342865289014,0.1111,10.199717528094254,-1000000.0,15.0,-0.4676836573565213,650.0,0.32364342865289014,-1.6648041731484664,3.8635810326235713,0.9578329965677757,-2.905748036055795,-3.8635810326235713,5.526425062159672,0.1008,0.45904,3.3554934220386996,0.05027999999999999,0.10951999999999999,1.0656025497910369,0.9578329965677757,3.2,547.6,272.4,8.05991690621409,0.10524,0.44244000000000006,-3.020191887901884,0.044079999999999994,0.11035999999999999,0.6863638899148492,-2.905748036055795,0.8,551.8,274.8,5.0,5.0,10.199717528094254,0.1111,0.08393754180147468,-1.0449456865912032,1.0,0.8959935249041711,4.107385589151846,0.5805941943388238,-2.9501782336228133,-4.107385589151846,5.5238945589274895,0.10200000000000001,0.4588,3.242972565300284,0.048799999999999996,0.11299999999999999,1.0387930174991633,0.5805941943388238,3.0,565.0,281.0,8.32470772991407,0.1006,0.4404,-3.246148291337903,0.044,0.10959999999999999,0.7025383717906398,-2.9501782336228133,1.0,548.0,273.0,1111.0,553.0,325.0,325.0,0.85,-3.4858446470771853,100.0,5,median_of_seed_median_return_pct,-1.0449456865912032,1.0,1.0,0.32364342865289014,10.199717528094254,-1.0449456865912032,0.8959935249041711,553.0,feasible_if_all_values_le_0,1.0,1.0,3142|3143|3144|3145|3146,1.3939598100711514,True,COMPLETE
1,0.16361078634012927,8.179425347547976,0.00842181566949099,400,1.0,1.0,1.0,False,0.019240784140524304,True,True,True,True,True,True,True,0.0,0.0,-6.496667435942092,0.0,-228.0,-322.0,-0.11502154472232695,"[-6.496667435942092, -0.11502154472232695, -322.0, -228.0, 0.0, 0.0, 0.0]",1.9415155452635218,0.0849,8.503332564057908,-1000000.0,15.0,0.7791999566692409,650.0,1.9415155452635218,-0.00987018711354759,3.4001336602742227,1.541217285562091,-1.8589163747121318,-3.4001336602742227,5.390755137782834,0.05584,0.48704000000000003,3.9870456046406324,0.07680000000000001,0.0808,1.0943228670384741,1.541217285562091,4.2,404.0,200.2,8.28623611635412,0.07555999999999999,0.42604,-1.9707458846678712,0.06068,0.09116,0.8483648528721599,-1.8589163747121318,1.4,455.8,227.2,5.0,5.0,8.503332564057908,0.0849,2.109309579035832,0.16361078634012927,3.0,0.9650215447223269,3.8392088055637985,1.3618281511929453,-1.765002837372287,-3.8392088055637985,5.232427546172302,0.0546,0.4888,4.099425563427223,0.0782,0.07959999999999999,1.093268204872626,1.3618281511929453,5.0,398.0,197.0,8.16652456921837,0.07579999999999999,0.4282,-1.9327519254676175,0.0622,0.0896,0.8641962198748426,-1.765002837372287,2.0,448.0,223.0,849.0,422.0,400.0,400.0,0.85,-1.5240744047712251,100.0,5,median_of_seed_median_return_pct,0.16361078634012927,1.0,1.0,1.9415155452635218,8.503332564057908,0.16361078634012927,0.9650215447223269,422.0,feasible_if_all_values_le_0,1.0,1.0,3142|3143|3144|3145|3146,0.9395545394854868,True,COMPLETE
2,0.41300035430884563,0.528121690350411,0.005449671235716982,275,1.0,1.0,1.0,False,0.04623482664860289,True,True,True,True,True,True,True,0.0,0.0,-6.067332047165239,0.0,-222.0,-328.0,-0.19228688855745613,"[-6.067332047165239, -0.19228688855745613, -328.0, -222.0, 0.0, 0.0, 0.0]",2.780214162634922,0.0861,8.93266795283476,-1000000.0,15.0,1.4943527515514532,650.0,2.780214162634922,0.2274851088164831,4.488609114726872,1.841927909991665,-2.646681204735206,-4.488609114726872,6.65692776298251,0.06984,0.3941199999999999,5.0781813162169085,0.04479999999999999,0.07832000000000001,1.345792876795502,1.841927909991665,3.6,391.6,195.0,7.280473035858518,0.09084,0.41735999999999995,-2.3357417691544473,0.03976,0.09291999999999999,0.7668844483878239,-2.646681204735206,1.4,464.6,230.6,5.0,5.0,8.93266795283476,0.0861,3.5313090185712532,0.41300035430884563,3.0,1.042286888557456,4.065204154262569,1.7953775395768368,-3.251629755486396,-4.065204154262569,6.6005378297198325,0.07020000000000001,0.39039999999999997,5.84367538100482,0.045,0.07780000000000001,1.3158099187836663,1.7953775395768368,4.0,389.0,193.0,7.316648042464557,0.09380000000000001,0.41980000000000006,-2.467084724346764,0.039599999999999996,0.0972,0.7638704768170383,-3.251629755486396,1.0,486.0,241.0,861.0,428.0,275.0,275.0,0.85,-1.1805011793448172,100.0,5,median_of_seed_median_return_pct,0.41300035430884563,1.0,1.0,2.780214162634922,8.93266795283476,0.41300035430884563,1.042286888557456,428.0,feasible_if_all_values_le_0,1.0,1.0,3142|3143|3144|3145|3146,1.0577399754472983,True,COMPLETE
3,-3.70056568842444,1.6064890102402942,0.020956020497478783,250,1.0,1.0,1.0,False,-0.3318158859208497,True,True,True,True,False,True,True,0.0,0.0,-3.8475330885539307,0.0,-94.0,-456.0,0.031004758741661975,"[-3.8475330885539307, 0.031004758741661975, -456.0, -94.0, 0.0, 0.0, 0.0]",-1.0632806633074576,0.1117,11.15246691144607,-1000000.0,15.0,-0.323081804025549,650.0,-1.0632806633074576,-3.0665726959435995,5.078273885626772,1.646639027883183,-3.431634857743589,-5.078273885626772,6.269125835471483,0.08992,0.46628,3.434252500252954,0.05584,0.10507999999999999,1.2743382359377793,1.646639027883183,3.4,525.4,261.6,10.525435478780285,0.12708,0.46196000000000004,-4.361750420799897,0.04468,0.122,0.6859764136677455,-3.431634857743589,0.4,610.0,303.6,5.0,5.0,11.15246691144607,0.1117,-1.3616544695634354,-3.70056568842444,2.0,0.818995241258338,5.119728675794278,1.6643245271813045,-3.7400923620889315,-5.119728675794278,6.4122397395655835,0.09040000000000001,0.46460000000000007,3.3817482795274563,0.054799999999999995,0.10540000000000001,1.2775471643133307,1.6643245271813045,3.0,527.0,262.0,10.822308022824023,0.13,0.4636,-4.367266613681096,0.045200000000000004,0.1212,0.7058400558276053,-3.7400923620889315,0.0,606.0,301.0,1117.0,556.0,250.0,250.0,0.85,-5.120950122551305,100.0,5,median_of_seed_median_return_pct,-3.70056568842444,1.0,1.0,-1.0632806633074576,11.15246691144607,-3.70056568842444,0.818995241258338,556.0,feasible_if_all_values_le_0,1.0,1.0,3142|3143|3144|3145|3146,1.8524672450675703,False,COMPLETE
4,-2.616396993661807,0.7828656598108041,0.007405089700532431,400,1.0,1.0,1.0,False,-0.27465459965941813,True,True,True,True,False,True,True,0.0,0.0,-5.473864275689408,0.0,-225.0,-325.0,0.01057782269205898,"[-5.473864275689408, 0.01057782269205898, -325.0, -225.0, 0.0, 0.0, 0.0]",-0.2403999303155077,0.08549999999999999,9.526135724310592,-1000000.0,15.0,0.9963864341739459,650.0,-0.2403999303155077,-2.1885898449921037,3.8655350179343166,0.3768606441104194,-3.488674373823897,-3.8655350179343166,6.185058704602946,0.06140000000000001,0.4355200000000001,3.6009832259116488,0.056440000000000004,0.07560000000000001,0.9590823080731594,0.3768606441104194,2.8,378.0,187.6,8.566893362274133,0.09580000000000001,0.42896,-3.6589179779576426,0.05072,0.09744,0.8032757899457689,-3.488674373823897,1.0,487.2,242.6,5.0,5.0,9.526135724310592,0.08549999999999999,-0.9387326053195213,-2.616396993661807,2.0,0.839422177307941,4.102957313414812,0.8372778973138484,-3.2238677032915275,-4.102957313414812,5.373732225646711,0.0622,0.438,3.0610108857775216,0.0568,0.077,0.9260577340690084,0.8372778973138484,3.0,385.0,191.0,8.581589260155697,0.0944,0.433,-3.967078483810385,0.0498,0.0952,0.7065336595772201,-3.2238677032915275,1.0,476.0,237.0,855.0,425.0,400.0,400.0,0.85,-4.45845103103355,100.0,5,median_of_seed_median_return_pct,-2.616396993661807,1.0,1.0,-0.2403999303155077,9.526135724310592,-2.616396993661807,0.839422177307941,425.0,feasible_if_all_values_le_0,1.0,1.0,3142|3143|3144|3145|3146,2.2389920581004596,False,COMPLETE
5,-3.9883255742374835,0.9776387732603049,0.004685232602259073,350,1.0,1.0,1.0,False,-0.42955012783828783,True,True,True,True,False,True,True,0.0,0.0,-5.715110261266263,0.0,-223.0,-327.0,0.047418913134889884,"[-5.715110261266263, 0.047418913134889884, -327.0, -223.0, 0.0, 0.0, 0.0]",0.05458727575810414,0.0859,9.284889738733737,-1000000.0,15.0,-0.5067673348289836,650.0,0.05458727575810414,-3.301985050391134,4.99391239148967,1.3781507194008036,-3.6157616720888663,-4.99391239148967,6.464417046723712,0.06280000000000001,0.41972000000000004,3.7495366295153447,0.05816,0.07464,1.114772606209511,1.3781507194008036,3.8,373.2,185.4,8.267931013047562,0.09756000000000001,0.42128,-3.5898029125282016,0.047040000000000005,0.09675999999999998,0.6539476560842746,-3.6157616720888663,1.2,483.8,240.6,5.0,5.0,9.284889738733737,0.0859,-0.16707817229688188,-3.9883255742374835,2.0,0.8025810868651101,5.341403504521336,1.4367297481531427,-3.8252999788858544,-5.341403504521336,7.0396876669386765,0.06300000000000001,0.4232,3.7922660917965283,0.058399999999999994,0.07339999999999999,1.0929529014831691,1.4367297481531427,4.0,367.0,182.0,8.562625795540935,0.09820000000000001,0.4232,-3.5906994123234526,0.0468,0.0958,0.6355314344241091,-3.8252999788858544,1.0,479.0,238.0,859.0,427.0,350.0,350.0,0.85,-4.427566435287222,100.0,5,median_of_seed_median_return_pct,-3.9883255742374835,1.0,1.0,0.05458727575810414,9.284889738733737,-3.9883255742374835,0.8025810868651101,427.0,feasible_if_all_values_le_0,1.0,1.0,3142|3143|3144|3145|3146,1.5899599887627551,False,COMPLETE
6,-6.074521492862006,0.4099167085397802,0.028981669009909384,250,1.0,1.0,1.0,False,-0.47876775004966726,True,True,True,True,False,True,True,0.0,0.0,-2.3121748650951606,0.0,-70.0,-480.0,0.1047730582797387,"[-2.3121748650951606, 0.1047730582797387, -480.0, -70.0, 0.0, 0.0, 0.0]",-2.381902739565785,0.1165,12.68782513490484,-1000000.0,15.0,-4.803202457478295,650.0,-2.381902739565785,-6.258962488102233,5.536257968684966,0.9158374591635485,-4.620420509521416,-5.536257968684966,6.350712799330924,0.10216,0.44496,2.85349744264308,0.04496,0.11184000000000001,1.0843950173990644,0.9158374591635485,3.0,559.2,278.8,10.759902709427195,0.1226,0.45680000000000004,-5.132516165554328,0.03779999999999999,0.12244,0.6167279538799637,-4.620420509521416,0.2,612.2,304.4,5.0,5.0,12.68782513490484,0.1165,-2.146158556039726,-6.074521492862006,1.0,0.7452269417202613,6.9154780605787725,0.9146735332458134,-5.307750859502713,-6.9154780605787725,5.898140543764152,0.1006,0.44700000000000006,2.487033012177291,0.045399999999999996,0.11200000000000002,1.151510348859588,0.9146735332458134,3.0,560.0,279.0,10.795298282904376,0.1268,0.4556,-4.789675745843863,0.0376,0.125,0.5846283823621722,-5.307750859502713,0.0,625.0,311.0,1165.0,580.0,250.0,250.0,0.85,-8.8096473208381,100.0,5,median_of_seed_median_return_pct,-6.074521492862006,1.0,1.0,-2.381902739565785,12.68782513490484,-6.074521492862006,0.7452269417202613,580.0,feasible_if_all_values_le_0,1.0,1.0,3142|3143|3144|3145|3146,1.564869021202416,False,COMPLETE
7,-2.788774099791358,6.7077952894132675,0.03729763244738083,400,1.0,1.0,1.0,False,-0.2570541899110195,True,True,True,True,False,True,True,0.0,0.0,-4.151026479059903,0.0,-26.0,-524.0,0.038090981997027984,"[-4.151026479059903, 0.038090981997027984, -524.0, -26.0, 0.0, 0.0, 0.0]",-0.07772523599990504,0.12530000000000002,10.848973520940097,-1000000.0,15.0,-1.9598574732451968,650.0,-0.07772523599990504,-2.9614582891741414,4.160943163259708,0.600003430426912,-3.560939732832795,-4.160943163259708,8.70583407677607,0.10271999999999999,0.51936,4.379938983222857,0.0722,0.12336,0.922122684183479,0.600003430426912,3.0,616.8,307.0,10.733369475457634,0.11707999999999999,0.46279999999999993,-4.354402163048341,0.0596,0.12724000000000002,0.6787134911928043,-3.560939732832795,0.6,636.2,317.0,5.0,5.0,10.848973520940097,0.12530000000000002,0.08802419893197282,-2.788774099791358,2.0,0.811909018002972,3.4040790756453942,0.6862737814044007,-2.7178052942409936,-3.4040790756453942,8.637799018845083,0.0998,0.5202,5.519551795173756,0.0708,0.1244,0.9112406855586515,0.6862737814044007,3.0,622.0,310.0,10.329758050162607,0.121,0.46900000000000003,-4.469616600892676,0.0588,0.1312,0.6873255251461298,-2.7178052942409936,1.0,656.0,327.0,1253.0,624.0,400.0,400.0,0.85,-3.9382715207802343,100.0,5,median_of_seed_median_return_pct,-2.788774099791358,1.0,1.0,-0.07772523599990504,10.848973520940097,-2.788774099791358,0.811909018002972,624.0,feasible_if_all_values_le_0,1.0,1.0,3142|3143|3144|3145|3146,0.7614582741743635,False,COMPLETE
8,-4.229314684083619,0.346135010168059,0.028013236535592304,300,1.0,1.0,1.0,False,-0.37896499968629394,True,True,True,True,False,True,True,0.0,0.0,-3.839827721334075,0.0,-107.0,-443.0,0.045493689573784635,"[-3.839827721334075, 0.045493689573784635, -443.0, -107.0, 0.0, 0.0, 0.0]",-1.3938380288401515,0.1091,11.160172278665925,-1000000.0,15.0,-3.380552523340541,650.0,-1.3938380288401515,-4.300090845917263,3.737184585708344,0.6362330689320284,-3.100951516776316,-3.737184585708344,7.416904772462689,0.10356000000000001,0.43388,2.570459894273334,0.04307999999999999,0.10912,1.023747276686808,0.6362330689320284,2.8,545.6,271.2,9.564119433301238,0.10544,0.44084,-3.8590257065973548,0.04064,0.10932,0.6967288981589668,-3.100951516776316,0.6,546.6,272.4,5.0,5.0,11.160172278665925,0.1091,-1.5104422322184896,-4.229314684083619,1.0,0.8045063104262153,3.319983674925797,0.1230893441955816,-2.8977702268581207,-3.319983674925797,7.630518736433267,0.10500000000000001,0.4304,2.330833417708593,0.04440000000000001,0.10940000000000001,0.9887849909290126,0.1230893441955816,3.0,547.0,272.0,8.583742051121824,0.10740000000000001,0.441,-3.9756668077745116,0.0406,0.10659999999999999,0.6739896117904021,-2.8977702268581207,1.0,533.0,266.0,1091.0,543.0,300.0,300.0,0.85,-5.395152110061541,100.0,5,median_of_seed_median_return_pct,-4.229314684083619,1.0,1.0,-1.3938380288401515,11.160172278665925,-4.229314684083619,0.8045063104262153,543.0,feasible_if_all_values_le_0,1.0,1.0,3142|3143|3144|3145|3146,0.8623442107669462,False,COMPLETE
9,-3.174107937959947,0.35951065395153403,0.027516586951459053,275,1.0,1.0,1.0,False,-0.28652350464792425,True,True,True,True,False,True,True,0.0,0.0,-3.92199806832517,0.0,-108.0,-442.0,0.01283159444987636,"[-3.92199806832517, 0.01283159444987636, -442.0, -108.0, 0.0, 0.0, 0.0]",-0.40175497904643204,0.10880000000000001,11.07800193167483,-1000000.0,15.0,0.616168385446203,650.0,-0.40175497904643204,-2.840201507283407,4.316866375753534,0.8430114220473239,-3.4738549537062107,-4.316866375753534,7.049660792291109,0.09836,0.437,2.8908374418579537,0.04576,0.10608000000000002,1.113465892822802,0.8430114220473239,3.2,530.4,264.4,9.034668288880624,0.10668,0.44420000000000004,-3.3128549278173365,0.041080000000000005,0.10972,0.6759440904943015,-3.4738549537062107,0.8,548.6,272.8,5.0,5.0,11.07800193167483,0.10880000000000001,-0.9036593941189459,-3.174107937959947,2.0,0.8371684055501236,4.6429464685421635,1.0848476090756565,-3.630767085858011,-4.6429464685421635,7.254128427628448,0.1008,0.4372,2.9317262282457173,0.0466,0.10719999999999999,1.0806750613474463,1.0848476090756565,3.0,536.0,267.0,8.946401757327981,0.11080000000000001,0.43979999999999997,-3.228329203700877,0.0418,0.10959999999999999,0.6672781638588089,-3.630767085858011,1.0,548.0,273.0,1088.0,542.0,275.0,275.0,0.85,-5.151145806816293,100.0,5,median_of_seed_median_return_pct,-3.174107937959947,1.0,1.0,-0.40175497904643204,11.07800193167483,-3.174107937959947,0.8371684055501236,542.0,feasible_if_all_values_le_0,1.0,1.0,3142|3143|3144|3145|3146,2.362790328340426,False,COMPLETE
10,-1.7742033895895015,1.0043052976656504,0.005298486577523579,275,1.0,1.0,1.0,False,-0.19930830684400885,True,True,True,True,True,True,True,0.0,0.0,-6.098196469161197,0.0,-209.0,-341.0,-0.024350980344663542,"[-6.098196469161197, -0.024350980344663542, -341.0, -209.0, 0.0, 0.0, 0.0]",0.8373987326361327,0.0887,8.901803530838803,-1000000.0,15.0,0.15388424780888865,650.0,0.8373987326361327,-1.3654626786015034,4.429118198007463,1.6257385941559122,-2.80337960385155,-4.429118198007463,5.223439543909999,0.0708,0.40304,3.473844418304408,0.04996,0.07868,1.207220652459236,1.6257385941559122,3.6,393.4,196.2,7.271980675486141,0.1006,0.41684,-2.643916501871679,0.04396,0.09936,0.7126756154804292,-2.80337960385155,0.8,496.8,246.4,5.0,5.0,8.901803530838803,0.0887,0.7997241858960471,-1.7742033895895015,2.0,0.8743509803446635,4.019036490231375,1.440850867267085,-2.9548686114925116,-4.019036490231375,5.655853310053627,0.0678,0.4022,3.364087846521689,0.0514,0.079,1.2098551671308861,1.440850867267085,4.0,395.0,197.0,7.6681733449704526,0.101,0.413,-2.747658552948069,0.046,0.1,0.732643792955538,-2.9548686114925116,1.0,500.0,248.0,887.0,441.0,275.0,275.0,0.85,-3.0670624300149996,100.0,5,median_of_seed_median_return_pct,-1.7742033895895015,1.0,1.0,0.8373987326361327,8.901803530838803,-1.7742033895895015,0.8743509803446635,441.0,feasible_if_all_values_le_0,1.0,1.0,3142|3143|3144|3145|3146,1.2828104473513486,True,COMPLETE
11,-0.7651650635910001,6.4460934580582006,0.0071387952437932225,400,1.0,1.0,1.0,False,-0.09528675799996947,True,True,True,True,True,True,True,0.0,0.0,-6.969869899537926,0.0,-229.0,-321.0,-0.049430819958480754,"[-6.969869899537926, -0.049430819958480754, -321.0, -229.0, 0.0, 0.0, 0.0]",2.0133239715783895,0.0847,8.030130100462074,-1000000.0,15.0,1.2262001231321928,650.0,2.0133239715783895,-0.45739573249944376,2.908391119936702,1.3312287447928917,-1.5771623751438102,-2.908391119936702,5.4881816798787675,0.06196,0.48188,4.032452374853115,0.07348,0.08164,1.0683678628180124,1.3312287447928917,4.8,408.2,202.4,7.84169382550576,0.07348,0.4233199999999999,-1.9669910984022934,0.0598,0.08952,0.8304054116933031,-1.5771623751438102,0.8,447.6,223.0,5.0,5.0,8.030130100462074,0.0847,1.8850724951659317,-0.7651650635910001,2.0,0.8994308199584807,2.9538549470157327,1.4393503637609717,-1.8144068383014633,-2.9538549470157327,5.592247549841578,0.060399999999999995,0.48040000000000005,4.008079087727494,0.0738,0.0834,1.0824974766707787,1.4393503637609717,5.0,417.0,207.0,7.865265956134948,0.072,0.42160000000000003,-2.053790966292506,0.0602,0.09040000000000001,0.78640334237871,-1.8144068383014633,1.0,452.0,225.0,847.0,421.0,400.0,400.0,0.85,-1.5413779007030448,100.0,5,median_of_seed_median_return_pct,-0.7651650635910001,1.0,1.0,2.0133239715783895,8.030130100462074,-0.7651650635910001,0.8994308199584807,421.0,feasible_if_all_values_le_0,1.0,1.0,3142|3143|3144|3145|3146,1.0254169725287159,True,COMPLETE
12,1.0154515122721142,0.3131351375062812,0.007359581866873883,275,1.0,1.0,1.0,False,0.10614332630631218,True,True,True,True,True,True,True,0.0,0.0,-5.43320435105182,0.0,-239.0,-311.0,-0.1771005252966419,"[-5.43320435105182, -0.1771005252966419, -311.0, -239.0, 0.0, 0.0, 0.0]",1.0235650060177006,0.08270000000000001,9.56679564894818,-1000000.0,15.0,1.3385412482713743,650.0,1.0235650060177006,0.5066152216246134,4.160876325159004,1.0960390044475465,-3.0648373207114576,-4.160876325159004,5.404967104725695,0.06172,0.386,3.8480836374147516,0.040600000000000004,0.07343999999999999,1.2399915015268863,1.0960390044475465,3.4,367.2,182.8,7.274238191507029,0.08643999999999999,0.41132,-2.822573707473761,0.036359999999999996,0.09076,0.752593394899251,-3.0648373207114576,1.6,453.8,225.2,5.0,5.0,9.56679564894818,0.08270000000000001,1.0653546382176544,1.0154515122721142,3.0,1.0271005252966419,4.2608744630914686,1.2187722007853008,-2.995010452521396,-4.2608744630914686,5.174583537831556,0.0612,0.386,3.7368741995169414,0.0412,0.0722,1.2310952879102637,1.2187722007853008,3.0,361.0,180.0,7.431616116380524,0.0864,0.4114,-2.8231177183494816,0.036,0.08940000000000001,0.7077882392049942,-2.995010452521396,2.0,447.0,222.0,827.0,411.0,275.0,275.0,0.85,-0.765121840734162,100.0,5,median_of_seed_median_return_pct,1.0154515122721142,1.0,1.0,1.0235650060177006,9.56679564894818,1.0154515122721142,1.0271005252966419,411.0,feasible_if_all_values_le_0,1.0,1.0,3142|3143|3144|3145|3146,0.9898108538219705,True,COMPLETE
13,-1.2163184830042528,0.3580372722121217,0.006816034400471383,250,1.0,1.0,1.0,False,-0.1144443163033289,True,True,True,True,False,True,True,0.0,0.0,-4.3719625203538985,0.0,-244.0,-306.0,0.00849411071598516,"[-4.3719625203538985, 0.00849411071598516, -306.0, -244.0, 0.0, 0.0, 0.0]",-0.5300668643603837,0.08170000000000001,10.628037479646101,-1000000.0,15.0,-0.649277352905675,650.0,-0.5300668643603837,-3.425541378050872,5.570632116883263,1.6011710229381748,-3.969461093945088,-5.570632116883263,6.277882742209844,0.060280000000000014,0.39412,3.301974703497226,0.04312,0.0722,1.3873866209177355,1.6011710229381748,3.4,361.0,179.6,9.076433294346524,0.08628,0.4366,-3.792252520254992,0.0378,0.09072,0.5920722664829114,-3.969461093945088,0.6,453.6,225.2,5.0,5.0,10.628037479646101,0.08170000000000001,-0.724359758887276,-1.2163184830042528,2.0,0.8415058892840148,5.118581361892415,1.3366241463113493,-3.7819572155810666,-5.118581361892415,6.2241091474105055,0.0558,0.3994,3.507730620267926,0.0426,0.07139999999999999,1.4083286291249433,1.3366241463113493,3.0,357.0,178.0,7.314659425359937,0.0882,0.43,-3.7674785146391536,0.0378,0.0898,0.6047523738686322,-3.7819572155810666,1.0,449.0,223.0,817.0,406.0,250.0,250.0,0.85,-8.205177615697279,100.0,5,median_of_seed_median_return_pct,-1.2163184830042528,1.0,1.0,-0.5300668643603837,10.628037479646101,-1.2163184830042528,0.8415058892840148,406.0,feasible_if_all_values_le_0,1.0,1.0,3142|3143|3144|3145|3146,3.58204766513283,False,COMPLETE
14,-2.8588934059337157,0.3043526868173261,0.007015224111375318,350,1.0,1.0,1.0,False,-0.2579151097053669,True,True,True,True,False,True,True,0.0,0.0,-3.9153706070202166,0.0,-253.0,-297.0,0.0370918836243912,"[-3.9153706070202166, 0.0370918836243912, -297.0, -253.0, 0.0, 0.0, 0.0]",-0.21462429525923285,0.0799,11.084629392979783,-1000000.0,15.0,-1.1734431900971787,650.0,-0.21462429525923285,-2.942668440713338,5.609139966127929,0.8387763750282516,-4.770363591099678,-5.609139966127929,7.097148535187823,0.055400000000000005,0.40012,4.17007025104731,0.04532,0.06756,1.0596790785815804,0.8387763750282516,3.2,337.8,167.4,9.868376236121511,0.09579999999999998,0.43507999999999997,-4.20427159896076,0.0436,0.09632,0.6318122474623753,-4.770363591099678,0.8,481.6,239.8,5.0,5.0,11.084629392979783,0.0799,0.1720140552185434,-2.8588934059337157,2.0,0.8129081163756088,5.0284422445371675,0.8094786659627928,-4.218963578574375,-5.0284422445371675,7.37026621508795,0.054000000000000006,0.4008,4.612145465913853,0.044800000000000006,0.06620000000000001,1.035950029091361,0.8094786659627928,3.0,331.0,164.0,10.019722968630207,0.09180000000000002,0.43620000000000003,-3.9019650045697225,0.0434,0.09359999999999999,0.5940794447691309,-4.218963578574375,1.0,468.0,233.0,799.0,397.0,350.0,350.0,0.85,-4.655989043061892,100.0,5,median_of_seed_median_return_pct,-2.8588934059337157,1.0,1.0,-0.21462429525923285,11.084629392979783,-2.8588934059337157,0.8129081163756088,397.0,feasible_if_all_values_le_0,1.0,1.0,3142|3143|3144|3145|3146,1.5785661082095253,False,COMPLETE
15,-0.038852724308202635,0.6245738029197906,0.003060570724057542,250,1.0,1.0,1.0,False,-0.0034931946715294508,True,True,True,True,True,True,True,0.0,0.0,-3.8775954501294763,0.0,-236.0,-314.0,-0.09260381981253829,"[-3.8775954501294763, -0.09260381981253829, -314.0, -236.0, 0.0, 0.0, 0.0]",-0.6362919799196408,0.0833,11.122404549870524,-1000000.0,15.0,1.5823647608267377,650.0,-0.6362919799196408,-1.6579387794419786,6.588478933909494,2.1510909485593332,-4.437387985350161,-6.588478933909494,6.321416804388543,0.056519999999999994,0.4008,3.0800587231450556,0.04464,0.07168,1.4508521479591245,2.1510909485593332,3.2,358.4,178.6,9.168338292506052,0.09344,0.42228000000000004,-3.6970671669885933,0.04144,0.09487999999999999,0.6441590775235,-4.437387985350161,0.4,474.4,235.4,5.0,5.0,11.122404549870524,0.0833,-0.13558175322133473,-0.038852724308202635,2.0,0.9426038198125383,5.4975460559532285,1.614648762988291,-4.276672346540211,-5.4975460559532285,6.273111374506235,0.0586,0.40380000000000005,3.075661971131729,0.0458,0.0718,1.3485578088729917,1.614648762988291,3.0,359.0,179.0,9.057498359134053,0.099,0.41900000000000004,-3.3489904217012074,0.040999999999999995,0.09480000000000001,0.6791752141358124,-4.276672346540211,0.0,474.0,235.0,833.0,414.0,250.0,250.0,0.85,-7.911383174772924,100.0,5,median_of_seed_median_return_pct,-0.038852724308202635,1.0,1.0,-0.6362919799196408,11.122404549870524,-0.038852724308202635,0.9426038198125383,414.0,feasible_if_all_values_le_0,1.0,1.0,3142|3143|3144|3145|3146,3.8842082100908324,True,COMPLETE
16,0.2560567540803804,5.2496449763738635,0.00834975570620229,275,1.0,1.0,1.0,False,0.026926748326591896,True,True,True,True,True,True,True,0.0,0.0,-5.490617323165312,0.0,-142.0,-408.0,-0.12150247730910946,"[-5.490617323165312, -0.12150247730910946, -408.0, -142.0, 0.0, 0.0, 0.0]",1.6940655519944214,0.1021,9.509382676834688,-1000000.0,15.0,0.495688983525544,650.0,1.6940655519944214,-0.8973454357549017,5.891445379345908,2.60269809940493,-3.288747279940978,-5.891445379345908,5.956078294319414,0.08499999999999999,0.47348,3.77073925837732,0.06096,0.09400000000000001,1.2414973985478095,2.60269809940493,3.4,470.0,234.2,9.288100687626741,0.11796000000000002,0.42648,-2.1454732609993803,0.050519999999999995,0.11032,0.725690520398982,-3.288747279940978,1.6,551.6,274.2,5.0,5.0,9.509382676834688,0.1021,1.7350300071382763,0.2560567540803804,3.0,0.9715024773091094,6.064696798417979,2.3420153989527126,-3.4862938237816277,-6.064696798417979,5.854533747866397,0.08399999999999999,0.4726,3.758925446835344,0.062,0.0932,1.238947963433608,2.3420153989527126,3.0,466.0,232.0,9.507820248582632,0.12079999999999999,0.4234,-1.939459511615422,0.0506,0.11179999999999998,0.7275553714303182,-3.4862938237816277,2.0,559.0,278.0,1021.0,508.0,275.0,275.0,0.85,-4.066720461096396,100.0,5,median_of_seed_median_return_pct,0.2560567540803804,1.0,1.0,1.6940655519944214,9.509382676834688,0.2560567540803804,0.9715024773091094,508.0,feasible_if_all_values_le_0,1.0,1.0,3142|3143|3144|3145|3146,1.9900743694082987,True,COMPLETE
17,-0.36906551323235837,0.3511051108417042,0.003307985738226116,300,1.0,1.0,1.0,False,-0.03737678387689808,True,True,True,True,True,True,True,0.0,0.0,-5.125808725333611,0.0,-250.0,-300.0,-0.1144042661790593,"[-5.125808725333611, -0.1144042661790593, -300.0, -250.0, 0.0, 0.0, 0.0]",-0.1516336856309673,0.08049999999999999,9.874191274666389,-1000000.0,15.0,1.72619666085998,650.0,-0.1516336856309673,-1.3073985232896912,5.032526532031388,2.0982948095956555,-2.9342317224357317,-5.032526532031388,6.079590937675608,0.06584,0.37995999999999996,3.5801609820409737,0.04279999999999999,0.07336000000000001,1.2716876070494554,2.0982948095956555,4.0,366.8,182.2,9.785093146532505,0.08996000000000001,0.41608,-3.581015475841665,0.03896,0.09060000000000001,0.7063069502026036,-2.9342317224357317,0.6,453.0,225.2,5.0,5.0,9.874191274666389,0.08049999999999999,-0.061744166055310676,-0.36906551323235837,2.0,0.9644042661790593,4.448086831904519,1.8742956772388464,-2.573791154665672,-4.448086831904519,5.5765961531283885,0.06459999999999999,0.38239999999999996,3.6935001643858216,0.04379999999999999,0.07160000000000001,1.2474895665313634,1.8742956772388464,4.0,358.0,178.0,9.874191274666389,0.09240000000000001,0.41659999999999997,-3.2641954434210234,0.039599999999999996,0.08940000000000001,0.7077814115162532,-2.573791154665672,1.0,447.0,222.0,805.0,400.0,300.0,300.0,0.85,-7.12473560596848,100.0,5,median_of_seed_median_return_pct,-0.36906551323235837,1.0,1.0,-0.1516336856309673,9.874191274666389,-0.36906551323235837,0.9644042661790593,400.0,feasible_if_all_values_le_0,1.0,1.0,3142|3143|3144|3145|3146,3.5442475058399987,True,COMPLETE
18,-0.8912924513945653,0.5143961604557951,0.010534107820951615,300,1.0,1.0,1.0,False,-0.09696741481695155,True,True,True,True,True,True,True,0.0,0.0,-5.808330271802273,0.0,-215.0,-335.0,-0.08247488541948289,"[-5.808330271802273, -0.08247488541948289, -335.0, -215.0, 0.0, 0.0, 0.0]",1.1493429496353422,0.0875,9.191669728197727,-1000000.0,15.0,1.5336675949609635,650.0,1.1493429496353422,-0.5902920650270338,5.575099206094958,1.965722014768767,-3.6093771913261903,-5.575099206094958,5.465565285884904,0.075,0.40484,4.039020874615608,0.04172,0.08288,1.207731851424018,1.965722014768767,4.0,414.4,206.0,7.83355547892161,0.08975999999999998,0.42279999999999995,-2.823591914080365,0.03935999999999999,0.09412000000000001,0.7325441933555566,-3.6093771913261903,1.4,470.6,234.0,5.0,5.0,9.191669728197727,0.0875,0.9008426622006981,-0.8912924513945653,2.0,0.9324748854194829,6.212605768284507,2.0254243603223365,-4.527852607780591,-6.212605768284507,4.917697900101592,0.0774,0.40800000000000003,4.072669694628006,0.041600000000000005,0.0838,1.2119963248478511,2.0254243603223365,4.0,419.0,209.0,8.388523182871044,0.092,0.42279999999999995,-2.9552237563321015,0.0388,0.09580000000000001,0.6603601174968265,-4.527852607780591,1.0,479.0,238.0,875.0,435.0,300.0,300.0,0.85,-2.7122580765662763,100.0,5,median_of_seed_median_return_pct,-0.8912924513945653,1.0,1.0,1.1493429496353422,9.191669728197727,-0.8912924513945653,0.9324748854194829,435.0,feasible_if_all_values_le_0,1.0,1.0,3142|3143|3144|3145|3146,1.8504675877914223,True,COMPLETE
19,-3.6717020040897275,0.5799570263303279,0.03809457192267257,400,1.0,1.0,1.0,False,-0.318372809066106,True,True,True,True,False,True,True,0.0,0.0,-3.4672877220260787,0.0,-53.0,-497.0,0.07114798487295115,"[-3.4672877220260787, 0.07114798487295115, -497.0, -53.0, 0.0, 0.0, 0.0]",0.03509576294986729,0.11979999999999999,11.532712277973921,-1000000.0,15.0,-1.3001759991166706,650.0,0.03509576294986729,-3.342793067748721,5.325917813976389,1.1742689369965253,-4.151648876979863,-5.325917813976389,7.651819054864721,0.09935999999999999,0.47792,4.8074571694476305,0.05552,0.11363999999999999,1.0350990382689558,1.1742689369965253,3.6,568.2,282.8,10.93578239959876,0.12744000000000003,0.4600000000000001,-4.624543546574889,0.04768,0.1266,0.657600172227313,-4.151648876979863,0.2,633.0,315.4,5.0,5.0,11.532712277973921,0.11979999999999999,-0.34485230774515185,-3.6717020040897275,2.0,0.7788520151270488,5.719938674527203,1.4917622161473743,-4.400927684678657,-5.719938674527203,8.025937089222701,0.1004,0.47779999999999995,5.490581407769815,0.0546,0.11499999999999999,1.0433399871503684,1.4917622161473743,4.0,575.0,286.0,11.179487012871403,0.12599999999999997,0.4659999999999999,-4.821485882290686,0.048799999999999996,0.1266,0.6265092002756717,-4.400927684678657,0.0,633.0,315.0,1198.0,597.0,400.0,400.0,0.85,-5.358327925346062,100.0,5,median_of_seed_median_return_pct,-3.6717020040897275,1.0,1.0,0.03509576294986729,11.532712277973921,-3.6717020040897275,0.7788520151270488,597.0,feasible_if_all_values_le_0,1.0,1.0,3142|3143|3144|3145|3146,1.4927440982404598,False,COMPLETE
20,-1.476727347636464,2.7078299872690526,0.003202390541815614,250,1.0,1.0,1.0,False,-0.10796340778149877,True,True,True,True,True,True,True,0.0,0.0,-1.3219642841847712,0.0,-182.0,-368.0,-0.03558691915545997,"[-1.3219642841847712, -0.03558691915545997, -368.0, -182.0, 0.0, 0.0, 0.0]",-2.0048147458894876,0.09409999999999999,13.678035715815229,-1000000.0,15.0,0.5813370649951244,650.0,-2.0048147458894876,-1.7026859610002454,8.198107232010367,2.385924311993941,-5.8121829200164274,-8.198107232010367,6.77794324944179,0.05968,0.45476,3.2942745736905037,0.05724,0.07880000000000001,1.4142806540571549,2.385924311993941,3.0,394.0,196.2,11.417316709695989,0.12084000000000002,0.43572,-5.238189385680581,0.046919999999999996,0.10948,0.5832282741315093,-5.8121829200164274,0.2,547.4,272.0,5.0,5.0,13.678035715815229,0.09409999999999999,-2.0539330454219296,-1.476727347636464,2.0,0.88558691915546,7.907552579049049,2.173764563318503,-5.790416535587539,-7.907552579049049,6.810610650656157,0.0632,0.4532,3.4485969721251903,0.0576,0.0796,1.386003956739058,2.173764563318503,3.0,398.0,198.0,11.21825046457825,0.11939999999999999,0.43879999999999997,-5.164476458517053,0.047599999999999996,0.10919999999999999,0.6118279947837127,-5.790416535587539,0.0,546.0,271.0,941.0,468.0,250.0,250.0,0.85,-3.686306349417523,100.0,5,median_of_seed_median_return_pct,-1.476727347636464,1.0,1.0,-2.0048147458894876,13.678035715815229,-1.476727347636464,0.88558691915546,468.0,feasible_if_all_values_le_0,1.0,1.0,3142|3143|3144|3145|3146,1.7052121017782553,True,COMPLETE
21,-0.6712483686709181,7.729223551907902,0.013842352508177292,250,1.0,1.0,1.0,False,-0.06448315553691829,True,True,True,True,True,True,True,0.0,0.0,-4.590330015927789,0.0,-153.0,-397.0,-0.06267193891542633,"[-4.590330015927789, -0.06267193891542633, -397.0, -153.0, 0.0, 0.0, 0.0]",0.2695194757744735,0.0999,10.409669984072211,-1000000.0,15.0,0.9056335632686707,650.0,0.2695194757744735,-0.4649090181253901,6.127732285827088,1.4764210082748708,-4.6513112775522165,-6.127732285827088,6.1392375061155136,0.06720000000000001,0.4968000000000001,4.312160626493223,0.06756,0.09292,1.177920273890336,1.4764210082748708,3.2,464.6,231.4,9.863176461397808,0.09788,0.44892000000000004,-3.9741408943446723,0.05388,0.10672,0.6309220531271433,-4.6513112775522165,0.4,533.6,265.2,5.0,5.0,10.409669984072211,0.0999,0.3564628775419479,-0.6712483686709181,2.0,0.9126719389154263,5.6528888905425845,1.2999251414928414,-5.056755909235089,-5.6528888905425845,5.786907644162243,0.068,0.4936,4.332627301571104,0.06760000000000001,0.0924,1.1953858575824399,1.2999251414928414,3.0,462.0,230.0,9.867386987786853,0.1028,0.44939999999999997,-3.866789341066943,0.05299999999999999,0.10740000000000001,0.6067695899537867,-5.056755909235089,0.0,537.0,267.0,999.0,497.0,250.0,250.0,0.85,-2.4511991609998507,100.0,5,median_of_seed_median_return_pct,-0.6712483686709181,1.0,1.0,0.2695194757744735,10.409669984072211,-0.6712483686709181,0.9126719389154263,497.0,feasible_if_all_values_le_0,1.0,1.0,3142|3143|3144|3145|3146,1.3753771987637222,True,COMPLETE
22,-0.5866580478565475,4.049115996225026,0.012163410251447888,300,1.0,1.0,1.0,False,-0.05974133681881083,True,True,True,True,True,True,True,0.0,0.0,-5.180031464046085,0.0,-161.0,-389.0,-0.08403545715305183,"[-5.180031464046085, -0.08403545715305183, -389.0, -161.0, 0.0, 0.0, 0.0]",1.3055586083004607,0.0983,9.819968535953915,-1000000.0,15.0,1.6347904412020053,650.0,1.3055586083004607,-0.8550800195723408,3.886811799730058,1.3369740106799677,-2.549837789050091,-3.886811799730058,5.6477207925361705,0.0782,0.44636,3.2859878413138888,0.060520000000000004,0.09184,1.1198340366730684,1.3369740106799677,3.8,459.2,228.6,8.804474329231109,0.10056000000000001,0.4147600000000001,-2.028807431659819,0.051640000000000005,0.10347999999999999,0.7772718600501134,-2.549837789050091,1.4,517.4,257.2,5.0,5.0,9.819968535953915,0.0983,1.4320643376857547,-0.5866580478565475,2.0,0.9340354571530518,4.031253268321466,0.9774250736673817,-2.577203234691816,-4.031253268321466,6.0432317432822735,0.0772,0.4438,3.2156219558885075,0.0596,0.0912,1.045483541801835,0.9774250736673817,4.0,456.0,227.0,9.052081410250201,0.0978,0.41079999999999994,-1.9559686915790864,0.0512,0.10300000000000001,0.7904107483604546,-2.577203234691816,1.0,515.0,256.0,983.0,489.0,300.0,300.0,0.85,-3.5151954521491335,100.0,5,median_of_seed_median_return_pct,-0.5866580478565475,1.0,1.0,1.3055586083004607,9.819968535953915,-0.5866580478565475,0.9340354571530518,489.0,feasible_if_all_values_le_0,1.0,1.0,3142|3143|3144|3145|3146,2.0805605250334103,True,COMPLETE
23,-2.1600147688657367,1.0692447167283234,0.009489532646079057,250,1.0,1.0,1.0,False,-0.15816336418195498,True,True,True,True,False,True,True,0.0,0.0,-1.3431409666981846,0.0,-196.0,-354.0,0.004720772073234181,"[-1.3431409666981846, 0.004720772073234181, -354.0, -196.0, 0.0, 0.0, 0.0]",-2.0024655070345476,0.0913,13.656859033301815,-1000000.0,15.0,-1.3297535285698103,650.0,-2.0024655070345476,-2.852512579222357,6.728162628541708,1.9039658943476965,-4.824196734194011,-6.728162628541708,6.421227341078287,0.06068,0.42536000000000007,3.144739503088436,0.04752,0.07844,1.4435736892955646,1.9039658943476965,3.0,392.2,195.4,12.2911541899469,0.10647999999999999,0.43684,-5.069766748007838,0.0442,0.10468,0.6040631442895309,-4.824196734194011,0.2,523.4,260.0,5.0,5.0,13.656859033301815,0.0913,-2.0579874161002487,-2.1600147688657367,2.0,0.8452792279267658,7.408949150597877,2.0213084351556,-5.2055088787371195,-7.408949150597877,6.586506104184409,0.061,0.4258,3.255441151283847,0.047400000000000005,0.07780000000000001,1.5053299623342518,2.0213084351556,3.0,389.0,194.0,12.609715535356825,0.1026,0.4372,-5.011464540692723,0.0444,0.10500000000000001,0.5872705950950313,-5.2055088787371195,0.0,525.0,261.0,913.0,454.0,250.0,250.0,0.85,-4.543358047712265,100.0,5,median_of_seed_median_return_pct,-2.1600147688657367,1.0,1.0,-2.0024655070345476,13.656859033301815,-2.1600147688657367,0.8452792279267658,454.0,feasible_if_all_values_le_0,1.0,1.0,3142|3143|3144|3145|3146,1.4146788871688145,False,COMPLETE
24,-1.2215507516776136,6.754052565080131,0.006358439831384812,275,1.0,1.0,1.0,False,-0.12045424014038701,True,True,True,True,True,True,True,0.0,0.0,-4.8587982435992245,0.0,-168.0,-382.0,-0.050703626562123794,"[-4.8587982435992245, -0.050703626562123794, -382.0, -168.0, 0.0, 0.0, 0.0]",1.1974846478643357,0.0969,10.141201756400775,-1000000.0,15.0,0.8108573352936244,650.0,1.1974846478643357,-1.6202630987986222,5.1716895970598475,2.3644122010513158,-2.807277396008532,-5.1716895970598475,6.033518844355477,0.07571999999999998,0.47963999999999996,3.4195280675186615,0.06984000000000001,0.08964000000000001,1.238581324060167,2.3644122010513158,3.4,448.2,223.2,8.86049372547933,0.10784000000000002,0.41803999999999997,-2.293222153026047,0.05347999999999999,0.10608,0.7364586824787016,-2.807277396008532,1.2,530.4,263.6,5.0,5.0,10.141201756400775,0.0969,1.6169691583148917,-1.2215507516776136,2.0,0.9007036265621238,5.193354185431309,2.51296269050314,-2.5585204165691766,-5.193354185431309,6.365490476151415,0.0748,0.47939999999999994,3.2805088156519346,0.07020000000000001,0.0892,1.1401495162543067,2.51296269050314,3.0,446.0,222.0,8.568405201404373,0.10800000000000001,0.4128,-2.386651371060153,0.0536,0.10500000000000001,0.7381971500325528,-2.5585204165691766,1.0,525.0,261.0,969.0,482.0,275.0,275.0,0.85,-5.319899051805599,100.0,5,median_of_seed_median_return_pct,-1.2215507516776136,1.0,1.0,1.1974846478643357,10.141201756400775,-1.2215507516776136,0.9007036265621238,482.0,feasible_if_all_values_le_0,1.0,1.0,3142|3143|3144|3145|3146,2.493088152855702,True,COMPLETE
25,0.7632410342794049,0.3696409141523598,0.007360777959475963,275,1.0,1.0,1.0,False,0.07371957916433336,True,True,True,True,True,True,True,0.0,0.0,-4.646698435730187,0.0,-237.0,-313.0,-0.21231153059003305,"[-4.646698435730187, -0.21231153059003305, -313.0, -237.0, 0.0, 0.0, 0.0]",1.9236453979393051,0.0831,10.353301564269813,-1000000.0,15.0,1.2817160987331322,650.0,1.9236453979393051,-0.5956092782474022,3.666441644929601,0.8499380227882813,-2.8165036221413198,-3.666441644929601,6.667430281051128,0.0688,0.38544000000000006,4.718703503673064,0.04440000000000001,0.0766,1.1665516420594721,0.8499380227882813,3.6,383.0,190.8,8.224372729708193,0.0856,0.4129600000000001,-2.804805201568862,0.0376,0.09032,0.7519256117091102,-2.8165036221413198,1.8,451.6,224.0,5.0,5.0,10.353301564269813,0.0831,2.2997046141741166,0.7632410342794049,3.0,1.062311530590033,3.3364349546791794,0.9230186020565467,-2.347681157146664,-3.3364349546791794,6.506300386744435,0.0708,0.39,4.619422489245206,0.045,0.07780000000000001,1.1294080430054487,0.9230186020565467,4.0,389.0,194.0,8.471011881003864,0.08620000000000001,0.4138,-3.116443055142755,0.0372,0.0908,0.8059933460790477,-2.347681157146664,2.0,454.0,225.0,831.0,413.0,275.0,275.0,0.85,-4.657675966084385,100.0,5,median_of_seed_median_return_pct,0.7632410342794049,1.0,1.0,1.9236453979393051,10.353301564269813,0.7632410342794049,1.062311530590033,413.0,feasible_if_all_values_le_0,1.0,1.0,3142|3143|3144|3145|3146,2.537857462391214,True,COMPLETE
26,-2.863168862427079,0.3434843318428636,0.0073140954567736905,300,1.0,1.0,1.0,False,-0.2801447219030146,True,True,True,True,False,True,True,0.0,0.0,-4.779679435051785,0.0,-239.0,-311.0,0.040537168058074946,"[-4.779679435051785, 0.040537168058074946, -311.0, -239.0, 0.0, 0.0, 0.0]",0.7119658674040241,0.0827,10.220320564948215,-1000000.0,15.0,1.4187658941168468,650.0,0.7119658674040241,-2.423659737395123,3.75624434911735,1.0224408475993396,-2.7338035015180107,-3.75624434911735,7.453643056864808,0.06848,0.38244,4.158250898673469,0.04124,0.076,1.0798233536044584,1.0224408475993396,4.0,380.0,188.6,8.62954969236085,0.08964,0.42152,-3.2791540241621737,0.040639999999999996,0.09092000000000001,0.7198580317365829,-2.7338035015180107,0.8,454.6,226.2,5.0,5.0,10.220320564948215,0.0827,0.6301245009771321,-2.863168862427079,2.0,0.809462831941925,3.749736907953971,0.5190640310237082,-3.0000085342400062,-3.749736907953971,8.088568453805722,0.06920000000000001,0.3834,4.092045270802204,0.040600000000000004,0.07579999999999999,1.0103426875783548,0.5190640310237082,4.0,379.0,188.0,8.407034420609738,0.0856,0.42300000000000004,-2.822262623249936,0.039999999999999994,0.0896,0.7124712908043409,-3.0000085342400062,1.0,448.0,223.0,827.0,411.0,300.0,300.0,0.85,-4.49380915940475,100.0,5,median_of_seed_median_return_pct,-2.863168862427079,1.0,1.0,0.7119658674040241,10.220320564948215,-2.863168862427079,0.809462831941925,411.0,feasible_if_all_values_le_0,1.0,1.0,3142|3143|3144|3145|3146,2.2853939435278026,False,COMPLETE
27,-0.6694446891050032,0.6049127973495037,0.007025177645423329,275,1.0,1.0,1.0,False,-0.06736251486899549,True,True,True,True,True,True,True,0.0,0.0,-5.062059137683349,0.0,-224.0,-326.0,-0.07442690770279337,"[-5.062059137683349, -0.07442690770279337, -326.0, -224.0, 0.0, 0.0, 0.0]",1.5419401028809945,0.0857,9.937940862316651,-1000000.0,15.0,1.4943020674766494,650.0,1.5419401028809945,-0.21139505026907202,4.659598136512417,1.7243627823367902,-2.935235354175627,-4.659598136512417,6.047541408140544,0.0676,0.39196,4.095502312063943,0.0442,0.07851999999999999,1.3635317910244216,1.7243627823367902,3.4,392.6,195.8,6.76354777441708,0.08992,0.42152,-2.536213216646645,0.03992,0.09096,0.7241818139152201,-2.935235354175627,0.8,454.8,225.4,5.0,5.0,9.937940862316651,0.0857,2.8646485044434904,-0.6694446891050032,2.0,0.9244269077027933,5.307779113114597,1.7459470537191102,-2.8175737749002727,-5.307779113114597,5.718465698255248,0.066,0.39859999999999995,3.8839744164237127,0.0436,0.07659999999999999,1.4469531869085461,1.7459470537191102,3.0,383.0,191.0,6.756406762258971,0.0886,0.4276,-2.743863122436445,0.0412,0.092,0.7284425851056997,-2.8175737749002727,1.0,460.0,228.0,857.0,426.0,275.0,275.0,0.85,-2.2038668172942866,100.0,5,median_of_seed_median_return_pct,-0.6694446891050032,1.0,1.0,1.5419401028809945,9.937940862316651,-0.6694446891050032,0.9244269077027933,426.0,feasible_if_all_values_le_0,1.0,1.0,3142|3143|3144|3145|3146,1.5169477929939321,True,COMPLETE
28,-3.8306434402565315,4.026154253760509,0.0346978026938128,300,1.0,1.0,1.0,False,-0.33957998574510573,True,True,False,True,False,True,True,0.0,0.0,-3.7194663965506063,0.0,4.0,-554.0,0.0232029071190355,"[-3.7194663965506063, 0.0232029071190355, -554.0, 4.0, 0.0, 0.0, 0.0]",-1.2087969308044322,0.1313,11.280533603449394,-1000000.0,15.0,-2.4423187602841345,650.0,-1.2087969308044322,-3.843876722551285,5.420262322506807,0.5229364632360234,-4.897325859270785,-5.420262322506807,7.100083583358736,0.124,0.48983999999999994,2.3764629754429123,0.05955999999999999,0.13164,0.988141028124652,0.5229364632360234,3.0,658.2,327.6,8.791284706243555,0.13188000000000002,0.45183999999999996,-3.5928422977972145,0.053079999999999995,0.13248000000000001,0.6777182969464086,-4.897325859270785,0.8,662.4,330.4,5.0,5.0,11.280533603449394,0.1313,-1.2060551205354941,-3.8306434402565315,1.0,0.8267970928809645,5.544443325119319,0.44510612228896296,-5.016541147158815,-5.544443325119319,6.912624058016325,0.122,0.4904,2.153852601820556,0.06,0.1298,0.9884291514159265,0.44510612228896296,3.0,649.0,323.0,8.80462209867321,0.129,0.4516,-3.1168936927825697,0.052000000000000005,0.13240000000000002,0.6779753297594895,-5.016541147158815,1.0,662.0,330.0,1313.0,654.0,300.0,300.0,0.85,-5.706415365941919,100.0,5,median_of_seed_median_return_pct,-3.8306434402565315,1.0,1.0,-1.2087969308044322,11.280533603449394,-3.8306434402565315,0.8267970928809645,654.0,feasible_if_all_values_le_0,1.0,1.0,3142|3143|3144|3145|3146,1.2178655625986479,False,COMPLETE
29,-1.442644930966519,0.34929205471112884,0.005882035838642531,275,1.0,1.0,1.0,False,-0.12073691308055898,True,True,True,True,False,True,True,0.0,0.0,-3.0513349715679183,0.0,-251.0,-299.0,0.041776631643944184,"[-3.0513349715679183, 0.041776631643944184, -299.0, -251.0, 0.0, 0.0, 0.0]",0.5127630368267195,0.08030000000000001,11.948665028432082,-1000000.0,15.0,1.8755777905945958,650.0,0.5127630368267195,-1.8416441317433385,4.53286229595003,1.011565483435175,-3.521296812514856,-4.53286229595003,6.0700287153078385,0.06276,0.37164,3.6780217056156714,0.040600000000000004,0.07264000000000001,1.170753735784011,1.011565483435175,3.0,363.2,180.8,8.621491096837554,0.07780000000000001,0.4138,-3.203640844904354,0.03772,0.08508,0.7012520243467819,-3.521296812514856,1.6,425.4,211.0,5.0,5.0,11.948665028432082,0.08030000000000001,0.2763913731875121,-1.442644930966519,2.0,0.8082233683560558,4.74022115939391,1.3457255800638057,-3.2575900490719234,-4.74022115939391,6.134820731172841,0.0598,0.375,2.9152776931755087,0.04,0.075,1.1176784886508515,1.3457255800638057,3.0,375.0,187.0,8.924985876208137,0.07540000000000001,0.41579999999999995,-3.0759144995555516,0.037,0.08460000000000001,0.6995788605934774,-3.2575900490719234,2.0,423.0,210.0,803.0,399.0,275.0,275.0,0.85,-6.876855607440124,100.0,5,median_of_seed_median_return_pct,-1.442644930966519,1.0,1.0,0.5127630368267195,11.948665028432082,-1.442644930966519,0.8082233683560558,399.0,feasible_if_all_values_le_0,1.0,1.0,3142|3143|3144|3145|3146,3.8535422223725453,False,COMPLETE
30,-4.654954452711236,0.3622470334921289,0.009297100752709156,250,1.0,1.0,1.0,False,-0.3905856300443254,True,True,True,True,False,True,True,0.0,0.0,-3.0821154321960833,0.0,-224.0,-326.0,0.07069117418205184,"[-3.0821154321960833, 0.07069117418205184, -326.0, -224.0, 0.0, 0.0, 0.0]",-1.1106714852224642,0.0857,11.917884567803917,-1000000.0,15.0,-0.6555262290006247,650.0,-1.1106714852224642,-4.239126081870748,6.1208340068724505,1.6639690995985787,-4.456864907273872,-6.1208340068724505,6.4696267698737016,0.0706,0.4008,3.345959383735017,0.04268,0.08012000000000001,1.292567582232764,1.6639690995985787,3.2,400.6,199.6,10.493381461450511,0.09336,0.43339999999999995,-4.383435992745863,0.038439999999999995,0.0964,0.6145797575637513,-4.456864907273872,0.6,482.0,239.2,5.0,5.0,11.917884567803917,0.0857,-1.4075060510226218,-4.654954452711236,2.0,0.7793088258179481,6.379170696161385,1.4920943197320513,-4.028658516023109,-6.379170696161385,6.097445231716591,0.0678,0.40540000000000004,3.3677901487124813,0.043,0.079,1.2871804780919884,1.4920943197320513,3.0,395.0,197.0,10.340853871000943,0.09540000000000001,0.43099999999999994,-4.219074079629821,0.0372,0.0948,0.6561009656548056,-4.028658516023109,0.0,474.0,235.0,857.0,426.0,250.0,250.0,0.85,-7.27598167632908,100.0,5,median_of_seed_median_return_pct,-4.654954452711236,1.0,1.0,-1.1106714852224642,11.917884567803917,-4.654954452711236,0.7793088258179481,426.0,feasible_if_all_values_le_0,1.0,1.0,3142|3143|3144|3145|3146,2.683407474258098,False,COMPLETE
31,2.619649458794604,4.015867709616721,0.004186556751899894,325,1.0,1.0,1.0,False,0.31284832193766654,True,True,True,True,True,True,True,0.0,0.0,-6.626455137846142,0.0,-236.0,-314.0,-0.4118579794672491,"[-6.626455137846142, -0.4118579794672491, -314.0, -236.0, 0.0, 0.0, 0.0]",3.5827339993811984,0.0833,8.373544862153858,-1000000.0,15.0,3.1477217981929817,650.0,3.5827339993811984,2.411185715393014,4.757721781779091,3.42499580937711,-1.3327259724019824,-4.757721781779091,4.191252782895356,0.0644,0.44476000000000004,5.550234797546112,0.05896,0.07736,1.5740625933928434,3.42499580937711,4.6,386.8,192.4,8.463355176498212,0.08424,0.40692000000000006,-1.9495475459508405,0.057600000000000005,0.09212000000000001,0.8804200665717863,-1.3327259724019824,1.6,460.6,228.8,5.0,5.0,8.373544862153858,0.0833,3.73373599601629,2.619649458794604,3.0,1.261857979467249,5.05018320628714,2.6589518818588065,-0.6671350067829707,-5.05018320628714,4.225479568616619,0.06060000000000001,0.4444000000000001,5.678747655657221,0.058199999999999995,0.0784,1.544761724467964,2.6589518818588065,5.0,392.0,195.0,8.18688902848469,0.0824,0.4084,-1.8953245045591927,0.056400000000000006,0.09219999999999999,0.9275514126396869,-0.6671350067829707,2.0,461.0,229.0,833.0,414.0,325.0,325.0,0.85,1.1686968138182818,100.0,5,median_of_seed_median_return_pct,2.619649458794604,1.0,1.0,3.5827339993811984,8.373544862153858,2.619649458794604,1.261857979467249,414.0,feasible_if_all_values_le_0,1.0,1.0,3142|3143|3144|3145|3146,0.7523120067328299,True,COMPLETE
32,1.4050377388794555,4.089594308281595,0.0036933896574111312,325,1.0,1.0,1.0,False,0.1844058992631669,True,True,True,True,True,True,True,0.0,0.0,-7.380733238504931,0.0,-245.0,-305.0,-0.3127088194753417,"[-7.380733238504931, -0.3127088194753417, -305.0, -245.0, 0.0, 0.0, 0.0]",3.089129089682686,0.08149999999999999,7.619266761495069,-1000000.0,15.0,2.5670030330412263,650.0,3.089129089682686,1.554578416521637,3.7641796796686067,2.885771315784642,-0.8784083638839647,-3.7641796796686067,4.235869034188768,0.05816,0.44288,5.397552043083534,0.0568,0.07311999999999999,1.4695213429714786,2.885771315784642,5.0,365.6,181.8,7.925785234106153,0.082,0.40532,-2.270206450156871,0.053279999999999994,0.09344,0.9098480851220208,-0.8784083638839647,1.0,467.2,232.2,5.0,5.0,7.619266761495069,0.08149999999999999,3.102989071230602,1.4050377388794555,3.0,1.1627088194753417,3.408798346555797,3.0339999532833506,-0.9944497198810742,-3.408798346555797,4.225479568616619,0.0546,0.442,5.4598132870112925,0.0556,0.07239999999999999,1.4118805006906026,3.0339999532833506,5.0,362.0,180.0,7.619266761495069,0.0846,0.4053999999999999,-2.0230167111116115,0.0534,0.09459999999999999,0.9449655805429207,-0.9944497198810742,1.0,473.0,235.0,815.0,405.0,325.0,325.0,0.85,0.40638961365544457,100.0,5,median_of_seed_median_return_pct,1.4050377388794555,1.0,1.0,3.089129089682686,7.619266761495069,1.4050377388794555,1.1627088194753417,405.0,feasible_if_all_values_le_0,1.0,1.0,3142|3143|3144|3145|3146,0.9223190419807135,True,COMPLETE
33,2.548889289367029,3.6345342244816634,0.003430586587279866,325,1.0,1.0,1.0,False,0.3032537672196589,True,True,True,True,True,True,True,0.0,0.0,-6.59486356019193,0.0,-240.0,-310.0,-0.330308428444288,"[-6.59486356019193, -0.330308428444288, -310.0, -240.0, 0.0, 0.0, 0.0]",3.463674890508261,0.08249999999999999,8.40513643980807,-1000000.0,15.0,3.300898851293921,650.0,3.463674890508261,2.3775812044286404,4.508386286177551,2.6449925411278707,-1.8633937450496796,-4.508386286177551,4.241047286283655,0.061760000000000016,0.437,5.22397039595864,0.05652,0.07568,1.502970827081421,2.6449925411278707,5.0,378.4,188.2,7.518698748506006,0.08152,0.40968,-1.7335096313560978,0.053000000000000005,0.08979999999999999,0.8580735220019282,-1.8633937450496796,1.8,449.0,223.0,5.0,5.0,8.40513643980807,0.08249999999999999,3.5795254288949474,2.548889289367029,3.0,1.180308428444288,3.860523278454675,2.584512609394163,-1.7857094740082013,-3.860523278454675,4.225479568616608,0.06460000000000002,0.43660000000000004,4.95739754373839,0.0566,0.07680000000000001,1.4539540174438808,2.584512609394163,5.0,384.0,191.0,7.190279714203007,0.0816,0.409,-1.4760535956722975,0.0526,0.08940000000000001,0.8571825582409227,-1.7857094740082013,2.0,447.0,222.0,825.0,410.0,325.0,325.0,0.85,1.167965251854386,100.0,5,median_of_seed_median_return_pct,2.548889289367029,1.0,1.0,3.463674890508261,8.40513643980807,2.548889289367029,1.180308428444288,410.0,feasible_if_all_values_le_0,1.0,1.0,3142|3143|3144|3145|3146,0.9727796185893541,True,COMPLETE
34,1.3665586225348303,3.3702910383430935,0.0030479790703164256,350,1.0,1.0,1.0,False,0.14055863085886725,True,True,True,True,True,True,True,0.0,0.0,-5.277661256483277,0.0,-205.0,-345.0,-0.20824996984564248,"[-5.277661256483277, -0.20824996984564248, -345.0, -205.0, 0.0, 0.0, 0.0]",2.561225456026918,0.0895,9.722338743516723,-1000000.0,15.0,2.1449795456338627,650.0,2.561225456026918,1.2662865276641355,3.3224780551971156,1.6081498992955368,-1.7143281559015786,-3.3224780551971156,5.76780360577691,0.07248,0.45548,5.000738143774062,0.06616,0.08048,1.1832074915602677,1.6081498992955368,4.0,402.4,200.2,8.140998136787948,0.10007999999999999,0.42092,-2.339941690171609,0.051879999999999996,0.1002,0.8706304596646003,-1.7143281559015786,1.4,501.0,249.0,5.0,5.0,9.722338743516723,0.0895,1.8447561166901765,1.3665586225348303,3.0,1.0582499698456425,3.0281315793308727,1.1205620141328865,-1.5707797702092297,-3.0281315793308727,5.079275035814712,0.07399999999999998,0.4554,5.244219919232441,0.0664,0.0808,1.2250311504852902,1.1205620141328865,4.0,404.0,201.0,7.524282847118369,0.0996,0.41899999999999993,-2.0527265863746313,0.0518,0.1014,0.889692310303247,-1.5707797702092297,1.0,507.0,252.0,895.0,445.0,350.0,350.0,0.85,-0.40984944735207307,100.0,5,median_of_seed_median_return_pct,1.3665586225348303,1.0,1.0,2.561225456026918,9.722338743516723,1.3665586225348303,1.0582499698456425,445.0,feasible_if_all_values_le_0,1.0,1.0,3142|3143|3144|3145|3146,1.0190027869674438,True,COMPLETE
35,1.7526008295870144,4.639637206922038,0.0032625880872510604,350,1.0,1.0,1.0,False,0.1802653534115674,True,True,True,True,True,True,True,0.0,0.0,-5.277661256483288,0.0,-204.0,-346.0,-0.26717837912789577,"[-5.277661256483288, -0.26717837912789577, -346.0, -204.0, 0.0, 0.0, 0.0]",4.494443780294051,0.08969999999999999,9.722338743516712,-1000000.0,15.0,4.152430866186063,650.0,4.494443780294051,1.8099854258401948,2.8327082568345334,2.1985704020000396,-0.6341378548344934,-2.8327082568345334,6.4877973974061565,0.06312,0.45768000000000003,6.149513660413192,0.07368,0.08015999999999998,1.3046859001826576,2.1985704020000396,5.0,400.8,199.4,8.220476776831521,0.0966,0.4192,-1.6301673591448562,0.05619999999999999,0.09964,0.9525243287609978,-0.6341378548344934,1.4,498.2,247.6,5.0,5.0,9.722338743516712,0.08969999999999999,5.288282965165829,1.7526008295870144,3.0,1.1171783791278957,2.6553144365391246,2.0849053271670304,-0.4400846209888454,-2.6553144365391246,4.543350362764198,0.0608,0.4554,5.813163366867311,0.07400000000000001,0.0804,1.2845750513391583,2.0849053271670304,5.0,402.0,200.0,8.184729861455487,0.098,0.418,-1.7972494924431897,0.0568,0.0998,0.9796964875718633,-0.4400846209888454,1.0,499.0,248.0,897.0,446.0,350.0,350.0,0.85,-0.283198249525507,100.0,5,median_of_seed_median_return_pct,1.7526008295870144,1.0,1.0,4.494443780294051,9.722338743516712,1.7526008295870144,1.1171783791278957,446.0,feasible_if_all_values_le_0,1.0,1.0,3142|3143|3144|3145|3146,1.6042677923369963,True,COMPLETE
36,1.0636241784467426,5.941308126855783,0.004323219107479843,325,1.0,1.0,1.0,False,0.09865654562692576,True,True,True,True,True,True,True,0.0,0.0,-4.218919315613521,0.0,-222.0,-328.0,-0.24437226163270565,"[-4.218919315613521, -0.24437226163270565, -328.0, -222.0, 0.0, 0.0, 0.0]",2.3930134161468604,0.08609999999999998,10.78108068438648,-1000000.0,15.0,3.250109547935809,650.0,2.3930134161468604,1.4760781278116575,3.1098287934261637,2.109447015648178,-1.0003817777779855,-3.1098287934261637,4.893725042112084,0.07156,0.45372,4.58998965420488,0.06527999999999999,0.08336000000000002,1.302776461942694,2.109447015648178,4.4,416.8,207.4,9.818736149778355,0.0696,0.41147999999999996,-2.2177931775655564,0.057719999999999994,0.08636000000000002,0.9145720332337735,-1.0003817777779855,2.0,431.8,214.4,5.0,5.0,10.78108068438648,0.08609999999999998,2.449401046792734,1.0636241784467426,3.0,1.0943722616327056,2.7014515184771826,1.9172188781886534,-0.36659266268773694,-2.7014515184771826,4.911543485848934,0.07120000000000001,0.45299999999999996,4.5702176491194235,0.06559999999999999,0.0828,1.2649840584354743,1.9172188781886534,4.0,414.0,206.0,10.081123320421037,0.0694,0.4136,-2.2317320865924883,0.0576,0.087,0.9588389944967484,-0.36659266268773694,2.0,435.0,216.0,861.0,428.0,325.0,325.0,0.85,-0.21709302271475384,100.0,5,median_of_seed_median_return_pct,1.0636241784467426,1.0,1.0,2.3930134161468604,10.78108068438648,1.0636241784467426,1.0943722616327056,428.0,feasible_if_all_values_le_0,1.0,1.0,3142|3143|3144|3145|3146,1.339728521319809,True,COMPLETE
37,-1.372686085439101,2.2205214208901443,0.004175180909704095,300,1.0,1.0,1.0,False,-0.1252338090924166,True,True,True,True,True,True,True,0.0,0.0,-4.039013542851485,0.0,-194.0,-356.0,-0.04514678989012688,"[-4.039013542851485, -0.04514678989012688, -356.0, -194.0, 0.0, 0.0, 0.0]",0.034685939279303434,0.09169999999999999,10.960986457148515,-1000000.0,15.0,1.5924146642055659,650.0,0.034685939279303434,-0.7740872838372326,6.039069368148417,2.1748637999423392,-3.864205568206078,-6.039069368148417,4.862649644883492,0.07064000000000001,0.41664,4.119875510465734,0.05724,0.08236,1.2772152373730676,2.1748637999423392,4.2,411.8,204.8,10.572749735208225,0.09836,0.41200000000000003,-3.942952168269671,0.047560000000000005,0.10024,0.7160798385697008,-3.864205568206078,1.0,501.2,249.2,5.0,5.0,10.960986457148515,0.09169999999999999,0.6008728513580962,-1.372686085439101,2.0,0.8951467898901269,6.071474714933323,2.018434633737143,-4.275763130308774,-6.071474714933323,4.8229626371458,0.0736,0.41859999999999997,4.119669928430512,0.058199999999999995,0.08360000000000001,1.3194409024688498,2.018434633737143,4.0,418.0,208.0,10.605449371861631,0.0994,0.41500000000000004,-3.654162652027135,0.046200000000000005,0.1006,0.6842815471947674,-4.275763130308774,1.0,503.0,250.0,917.0,456.0,300.0,300.0,0.85,-2.8652395257641294,100.0,5,median_of_seed_median_return_pct,-1.372686085439101,1.0,1.0,0.034685939279303434,10.960986457148515,-1.372686085439101,0.8951467898901269,456.0,feasible_if_all_values_le_0,1.0,1.0,3142|3143|3144|3145|3146,2.02396422371323,True,COMPLETE
38,1.8619079676499783,9.908155431491824,0.003021706035715911,350,1.0,1.0,1.0,False,0.17027061952639924,True,True,True,True,True,True,True,0.0,0.0,-4.065007381609352,0.0,-191.0,-359.0,-0.24056799490793324,"[-4.065007381609352, -0.24056799490793324, -359.0, -191.0, 0.0, 0.0, 0.0]",3.3142416262951677,0.0923,10.934992618390648,-1000000.0,15.0,4.642195359953116,650.0,3.3142416262951677,2.071676662580777,2.0007794091506836,1.5321313375836043,-0.4686480715670793,-2.0007794091506836,4.852923005079233,0.06648,0.46191999999999994,4.914297084096676,0.08968,0.08632,1.1998562711249754,1.5321313375836043,4.4,431.6,214.8,9.263899475732725,0.0908,0.42528000000000005,-1.5561875982421292,0.05775999999999999,0.09852000000000001,0.988674526940901,-0.4686480715670793,2.2,492.6,244.8,5.0,5.0,10.934992618390648,0.0923,3.1903855207265415,1.8619079676499783,4.0,1.0905679949079332,2.3434655144635164,1.3924572853407868,-1.2337870389669714,-2.3434655144635164,4.225479568616608,0.06420000000000001,0.46559999999999996,5.018353690268095,0.0892,0.0868,1.1627393784724367,1.3924572853407868,4.0,434.0,216.0,9.129307774229801,0.08960000000000001,0.4242,-2.390806231106719,0.05639999999999999,0.0998,0.906950984717958,-1.2337870389669714,2.0,499.0,248.0,923.0,459.0,350.0,350.0,0.85,0.6337614156744609,100.0,5,median_of_seed_median_return_pct,1.8619079676499783,1.0,1.0,3.3142416262951677,10.934992618390648,1.8619079676499783,1.0905679949079332,459.0,feasible_if_all_values_le_0,1.0,1.0,3142|3143|3144|3145|3146,1.5518972043879695,True,COMPLETE
39,1.2446743343936584,9.7460503164771,0.003633092564858471,400,1.0,1.0,1.0,False,0.1676271523826604,True,True,True,True,True,True,True,0.0,0.0,-7.574745101245249,0.0,-229.0,-321.0,-0.1777799100197669,"[-7.574745101245249, -0.1777799100197669, -321.0, -229.0, 0.0, 0.0, 0.0]",2.98885386761382,0.0847,7.425254898754751,-1000000.0,15.0,2.033357412132797,650.0,2.98885386761382,1.2589132964020644,3.490292498561705,2.3548991515102236,-1.135393347051481,-3.490292498561705,6.1739798238152,0.05384000000000001,0.48319999999999996,4.525892365553124,0.07996,0.0776,1.201752876245973,2.3548991515102236,4.4,388.0,192.6,7.6319536789363855,0.08124,0.4204,-1.4423506630865894,0.06288,0.09315999999999999,0.9309374665630518,-1.135393347051481,1.2,465.8,231.8,5.0,5.0,7.425254898754751,0.0847,2.5890306771330307,1.2446743343936584,4.0,1.0277799100197669,4.404682752567779,2.2125762414549888,-0.7822628282495692,-4.404682752567779,6.090886032521803,0.05820000000000001,0.487,4.408101507039748,0.078,0.07859999999999999,1.1527704457682675,2.2125762414549888,4.0,393.0,195.0,7.425254898754751,0.0844,0.42299999999999993,-1.2269809249994013,0.0612,0.09280000000000001,0.9439385287537462,-0.7822628282495692,1.0,464.0,231.0,847.0,421.0,400.0,400.0,0.85,0.0762939815734276,100.0,5,median_of_seed_median_return_pct,1.2446743343936584,1.0,1.0,2.98885386761382,7.425254898754751,1.2446743343936584,1.0277799100197669,421.0,feasible_if_all_values_le_0,1.0,1.0,3142|3143|3144|3145|3146,0.7827559628702538,True,COMPLETE
