number,value,params_lambda_prior,params_noise_std,params_one_minus_gamma,user_attrs_all_symbols_active_share,user_attrs_all_symbols_have_long_share,user_attrs_calmar_drawdown_floor_abs,user_attrs_calmar_drawdown_floor_applied,user_attrs_calmar_like,user_attrs_constraint_drawdown_ok,user_attrs_constraint_finite_objective_return_ok,user_attrs_constraint_max_trades_ok,user_attrs_constraint_min_trades_ok,user_attrs_constraint_profit_factor_ok,user_attrs_constraint_symbols_active_ok,user_attrs_constraint_symbols_have_long_ok,user_attrs_constraint_value_all_symbols_active,user_attrs_constraint_value_all_symbols_have_long,user_attrs_constraint_value_drawdown,user_attrs_constraint_value_finite_objective_return,user_attrs_constraint_value_max_trades,user_attrs_constraint_value_min_trades,user_attrs_constraint_value_profit_factor,user_attrs_constraints_values,user_attrs_diagnostic_mean_of_seed_mean_return_pct,user_attrs_diagnostic_median_mean_turnover,user_attrs_effective_drawdown_abs_for_calmar,user_attrs_invalid_score,user_attrs_max_drawdown_abs,user_attrs_max_seed_median_return_pct,user_attrs_max_total_trades,user_attrs_mean_of_seed_mean_return_pct,user_attrs_mean_of_seed_median_return_pct,user_attrs_mean_seed_half_return_gap_pct,user_attrs_mean_seed_max_half_median_return_pct,user_attrs_mean_seed_min_half_median_return_pct,user_attrs_mean_seed_second_minus_first_half_median_return_pct,user_attrs_mean_seed_val_first_max_drawdown_abs,user_attrs_mean_seed_val_first_mean_constraint_applied_ratio,user_attrs_mean_seed_val_first_mean_executed_action_1_ratio,user_attrs_mean_seed_val_first_mean_return_pct,user_attrs_mean_seed_val_first_mean_threshold_applied_ratio,user_attrs_mean_seed_val_first_mean_turnover,user_attrs_mean_seed_val_first_median_profit_factor,user_attrs_mean_seed_val_first_median_return_pct,user_attrs_mean_seed_val_first_positive_return_symbols,user_attrs_mean_seed_val_first_total_trade_events,user_attrs_mean_seed_val_first_total_trades,user_attrs_mean_seed_val_second_max_drawdown_abs,user_attrs_mean_seed_val_second_mean_constraint_applied_ratio,user_attrs_mean_seed_val_second_mean_executed_action_1_ratio,user_attrs_mean_seed_val_second_mean_return_pct,user_attrs_mean_seed_val_second_mean_threshold_applied_ratio,user_attrs_mean_seed_val_second_mean_turnover,user_attrs_mean_seed_val_second_median_profit_factor,user_attrs_mean_seed_val_second_median_return_pct,user_attrs_mean_seed_val_second_positive_return_symbols,user_attrs_mean_seed_val_second_total_trade_events,user_attrs_mean_seed_val_second_total_trades,user_attrs_median_active_symbols,user_attrs_median_long_action_symbols,user_attrs_median_max_drawdown_abs,user_attrs_median_mean_turnover,user_attrs_median_of_seed_mean_return_pct,user_attrs_median_of_seed_median_return_pct,user_attrs_median_positive_return_symbols,user_attrs_median_profit_factor,user_attrs_median_seed_half_return_gap_pct,user_attrs_median_seed_max_half_median_return_pct,user_attrs_median_seed_min_half_median_return_pct,user_attrs_median_seed_second_minus_first_half_median_return_pct,user_attrs_median_seed_val_first_max_drawdown_abs,user_attrs_median_seed_val_first_mean_constraint_applied_ratio,user_attrs_median_seed_val_first_mean_executed_action_1_ratio,user_attrs_median_seed_val_first_mean_return_pct,user_attrs_median_seed_val_first_mean_threshold_applied_ratio,user_attrs_median_seed_val_first_mean_turnover,user_attrs_median_seed_val_first_median_profit_factor,user_attrs_median_seed_val_first_median_return_pct,user_attrs_median_seed_val_first_positive_return_symbols,user_attrs_median_seed_val_first_total_trade_events,user_attrs_median_seed_val_first_total_trades,user_attrs_median_seed_val_second_max_drawdown_abs,user_attrs_median_seed_val_second_mean_constraint_applied_ratio,user_attrs_median_seed_val_second_mean_executed_action_1_ratio,user_attrs_median_seed_val_second_mean_return_pct,user_attrs_median_seed_val_second_mean_threshold_applied_ratio,user_attrs_median_seed_val_second_mean_turnover,user_attrs_median_seed_val_second_median_profit_factor,user_attrs_median_seed_val_second_median_return_pct,user_attrs_median_seed_val_second_positive_return_symbols,user_attrs_median_seed_val_second_total_trade_events,user_attrs_median_seed_val_second_total_trades,user_attrs_median_total_trade_events,user_attrs_median_total_trades,user_attrs_memory_horizon,user_attrs_memory_horizon_bars,user_attrs_min_profit_factor,user_attrs_min_seed_median_return_pct,user_attrs_min_total_trades,user_attrs_n_seeds,user_attrs_objective_metric_name,user_attrs_objective_score,user_attrs_observed_all_symbols_active_share,user_attrs_observed_all_symbols_have_long_share,user_attrs_observed_mean_of_seed_mean_return_pct,user_attrs_observed_median_max_drawdown_abs,user_attrs_observed_median_of_seed_median_return_pct,user_attrs_observed_median_profit_factor,user_attrs_observed_median_total_trades,user_attrs_optuna_constraints_convention,user_attrs_required_all_symbols_active_share,user_attrs_required_all_symbols_have_long_share,user_attrs_seeds_used,user_attrs_std_of_seed_median_return_pct,user_attrs_valid,state
0,-1.8587978863452759,1.0,0.03,0.003076923076923077,1.0,1.0,1.0,False,-0.19634811005081343,True,True,False,True,True,True,True,0.0,0.0,-5.533151116839205,0.0,23.0,-573.0,-0.006091282116744479,"[-5.533151116839205, -0.006091282116744479, -573.0, 23.0, 0.0, 0.0, 0.0]",-1.4265758826025887,0.135,9.466848883160795,-1000000.0,15.0,-1.223791176892608,650.0,-1.4265758826025887,-2.2658355086198756,3.0484060987358363,0.22530610500249848,-2.823099993733338,-3.0484060987358363,5.8559526119218805,0.11984000000000002,0.5076,1.7618818183171026,0.07816,0.13264,0.9767666075612891,0.22530610500249848,2.4,663.2,331.4,8.966148228952834,0.13804,0.44231999999999994,-3.1403850589703812,0.0754,0.13592,0.707448566375199,-2.823099993733338,0.0,679.6,338.4,5.0,5.0,9.466848883160795,0.135,-0.8404924911918089,-1.8587978863452759,1.0,0.8560912821167445,4.046267304861651,-0.07609088152930044,-2.7317388518306673,-4.046267304861651,5.839420532840645,0.1206,0.5048,1.4089332448022198,0.0774,0.1316,0.9284114258334238,-0.07609088152930044,2.0,658.0,329.0,8.721486065754691,0.139,0.4436,-3.4852639469065516,0.0762,0.1366,0.7157273713229767,-2.7317388518306673,0.0,683.0,340.0,1350.0,673.0,325.0,324.9999999999988,0.85,-3.7312664125582984,100.0,5,median_of_seed_median_return_pct,-1.8587978863452759,1.0,1.0,-1.4265758826025887,9.466848883160795,-1.8587978863452759,0.8560912821167445,673.0,feasible_if_all_values_le_0,1.0,1.0,3142|3143|3144|3145|3146,1.1533053755860725,False,COMPLETE
1,-0.8995699331185381,2.6583217675071293,0.024053363624212343,0.0029684731211750454,1.0,1.0,1.0,False,-0.0878489365751159,True,True,True,True,True,True,True,0.0,0.0,-4.760036169028023,0.0,-23.0,-527.0,-0.06731948542234911,"[-4.760036169028023, -0.06731948542234911, -527.0, -23.0, 0.0, 0.0, 0.0]",-0.09476973551775676,0.1258,10.239963830971977,-1000000.0,15.0,0.35910887760837173,650.0,-0.09476973551775676,-0.9002992991224691,2.5622041813151353,0.3799808421395978,-2.1822233391755375,-2.5622041813151353,5.452997371862547,0.10451999999999999,0.49260000000000004,2.1269308140924528,0.08476000000000002,0.12171999999999998,0.9900657015629977,0.3799808421395978,3.0,608.6,304.2,8.64928945342273,0.12076,0.42763999999999996,-2.14936000260514,0.08264,0.125,0.7639847727501751,-2.1822233391755375,1.0,625.0,311.0,5.0,5.0,10.239963830971977,0.1258,0.2256231636069561,-0.8995699331185381,2.0,0.9173194854223491,2.361018871286036,0.39955481010438554,-2.1049724265215897,-2.361018871286036,5.453088408274853,0.1082,0.49160000000000004,2.213636771499252,0.08680000000000002,0.1232,0.9988784915965243,0.39955481010438554,3.0,616.0,308.0,8.491289491604748,0.119,0.42679999999999996,-2.0328322436729085,0.0826,0.127,0.7623766775461572,-2.1049724265215897,1.0,635.0,316.0,1258.0,627.0,336.8735235858084,336.87352358580256,0.85,-2.0971606156886202,100.0,5,median_of_seed_median_return_pct,-0.8995699331185381,1.0,1.0,-0.09476973551775676,10.239963830971977,-0.8995699331185381,0.9173194854223491,627.0,feasible_if_all_values_le_0,1.0,1.0,3142|3143|3144|3145|3146,0.8736446468104297,True,COMPLETE
2,-1.1310760124910613,0.45417725253359703,0.0138940336513385,0.003004412480246536,1.0,1.0,1.0,False,-0.10867296959238724,True,True,True,True,True,True,True,0.0,0.0,-4.591928731371528,0.0,-115.0,-435.0,-0.04458773416271433,"[-4.591928731371528, -0.04458773416271433, -435.0, -115.0, 0.0, 0.0, 0.0]",-0.1816056842624523,0.10740000000000001,10.408071268628472,-1000000.0,15.0,0.16676857945250312,650.0,-0.1816056842624523,-0.9638262784393238,2.75937640289317,0.03269815425424483,-2.7266782486389247,-2.75937640289317,5.39946024653202,0.09235999999999998,0.47416,2.185369030959086,0.08504,0.10424,0.9379966428510278,0.03269815425424483,2.6,521.2,260.2,8.472851108878862,0.11203999999999999,0.39776,-2.331006715576565,0.07568,0.10948,0.7547258916195665,-2.7266782486389247,1.2,547.4,272.2,5.0,5.0,10.408071268628472,0.10740000000000001,-0.3330652773662891,-1.1310760124910613,2.0,0.8945877341627143,2.199719313762838,-0.018324666259583733,-2.4255623532076,-2.199719313762838,5.510709779076583,0.09239999999999998,0.47479999999999994,2.2586694460259182,0.0856,0.1034,0.9364820557529884,-0.018324666259583733,2.0,517.0,258.0,8.543514800126161,0.1172,0.4006,-2.6205735062173074,0.0736,0.1116,0.7676148130228344,-2.4255623532076,1.0,558.0,278.0,1074.0,535.0,332.8437778017558,332.8437778017574,0.85,-1.6121804299295883,100.0,5,median_of_seed_median_return_pct,-1.1310760124910613,1.0,1.0,-0.1816056842624523,10.408071268628472,-1.1310760124910613,0.8945877341627143,535.0,feasible_if_all_values_le_0,1.0,1.0,3142|3143|3144|3145|3146,0.7510357661049047,True,COMPLETE
3,-3.3263063365936874,0.4103210507454176,0.028224331063458036,0.0036919324365728744,1.0,1.0,1.0,False,-0.2944347129242802,True,True,False,True,False,True,True,0.0,0.0,-3.7027371753917,0.0,27.0,-577.0,0.045787582576317654,"[-3.7027371753917, 0.045787582576317654, -577.0, 27.0, 0.0, 0.0, 0.0]",-1.63325987071237,0.1356,11.2972628246083,-1000000.0,15.0,-2.3660996691900804,650.0,-1.63325987071237,-3.360144803456065,2.498831272141242,-0.03851039830016001,-2.537341670441402,-2.498831272141242,5.5758389554127294,0.12231999999999998,0.5050800000000001,1.6777008000897293,0.0726,0.13284,0.965427980363423,-0.03851039830016001,2.2,664.2,331.6,9.958312741964999,0.14452000000000004,0.44064000000000003,-3.2725656689285834,0.06767999999999999,0.14076,0.7080413204383644,-2.537341670441402,0.2,703.8,350.8,5.0,5.0,11.2972628246083,0.1356,-2.2916946243399905,-3.3263063365936874,1.0,0.8042124174236823,2.743142854001057,-0.2764165762629611,-2.0161300987373454,-2.743142854001057,4.976694417565264,0.12079999999999999,0.5054000000000001,1.5433145555589833,0.07339999999999999,0.1326,0.9314234072284202,-0.2764165762629611,2.0,663.0,330.0,10.366108658586404,0.14379999999999998,0.4406,-3.011391860613024,0.06899999999999999,0.14,0.7549847412324986,-2.0161300987373454,0.0,700.0,349.0,1356.0,677.0,270.8608613998024,270.8608613998047,0.85,-4.440885783266935,100.0,5,median_of_seed_median_return_pct,-3.3263063365936874,1.0,1.0,-1.63325987071237,11.2972628246083,-3.3263063365936874,0.8042124174236823,677.0,feasible_if_all_values_le_0,1.0,1.0,3142|3143|3144|3145|3146,0.7347838657776743,False,COMPLETE
4,-1.2391461344254395,0.3321001532090087,0.005843060126585927,0.003032736531897853,1.0,1.0,1.0,False,-0.1386477326599118,True,True,True,True,True,True,True,0.0,0.0,-6.062629653923487,0.0,-170.0,-380.0,-0.022417533556290392,"[-6.062629653923487, -0.022417533556290392, -380.0, -170.0, 0.0, 0.0, 0.0]",0.5886910356663216,0.09630000000000001,8.937370346076513,-1000000.0,15.0,0.1556749708299554,650.0,0.5886910356663216,-1.0946870377517492,2.5663569841230482,0.795832584163183,-1.770524399959865,-2.5663569841230482,4.842443534141203,0.07876000000000001,0.46440000000000003,2.319190327558291,0.08696,0.09244000000000001,1.0157958804808822,0.795832584163183,2.8,462.2,230.6,8.108372846982547,0.10167999999999999,0.38652,-1.7251804310708567,0.07856,0.10107999999999999,0.812507734714754,-1.770524399959865,1.2,505.4,251.4,5.0,5.0,8.937370346076513,0.09630000000000001,0.4851778220145043,-1.2391461344254395,2.0,0.8724175335562904,1.777633863119188,0.436850679210643,-1.4707208129488891,-1.777633863119188,5.014426909794234,0.079,0.4622,2.2614162925344727,0.0878,0.0918,0.9737801541857144,0.436850679210643,3.0,459.0,229.0,8.238275903435566,0.1034,0.3878,-1.790259350274741,0.0782,0.1008,0.8431658979746006,-1.4707208129488891,1.0,504.0,251.0,963.0,480.0,329.7352043219564,329.7352043219579,0.85,-1.9254935690119601,100.0,5,median_of_seed_median_return_pct,-1.2391461344254395,1.0,1.0,0.5886910356663216,8.937370346076513,-1.2391461344254395,0.8724175335562904,480.0,feasible_if_all_values_le_0,1.0,1.0,3142|3143|3144|3145|3146,0.7937717382134974,True,COMPLETE
5,-1.3602720867138651,0.8546236929367872,0.005157341668169063,0.002970363989908554,1.0,1.0,1.0,False,-0.13783747604080432,True,True,True,True,True,True,True,0.0,0.0,-5.13133346760368,0.0,-172.0,-378.0,-0.01912551864993639,"[-5.13133346760368, -0.01912551864993639, -378.0, -172.0, 0.0, 0.0, 0.0]",-0.03640178814714136,0.0959,9.86866653239632,-1000000.0,15.0,0.10391204389648134,650.0,-0.03640178814714136,-1.5179488110324881,2.3242608367262396,0.18000636209393184,-2.144254474632308,-2.3242608367262396,5.005320321722948,0.08036,0.4654,2.197702673217998,0.08696,0.09272,0.9483501626523505,0.18000636209393184,3.0,463.6,231.2,8.059337254236931,0.1022,0.38676,-2.159245663265664,0.08216000000000001,0.1012,0.771209806552231,-2.144254474632308,1.0,506.0,252.0,5.0,5.0,9.86866653239632,0.0959,-0.2856668962815288,-1.3602720867138651,2.0,0.8691255186499364,2.2351618465846435,0.5704382756212212,-1.5316238952834182,-2.2351618465846435,4.59658926750558,0.08159999999999999,0.4622,2.5533213264566657,0.0868,0.09419999999999999,0.9838585075738179,0.5704382756212212,3.0,471.0,235.0,7.813270821273699,0.1006,0.39039999999999997,-1.8173461612594632,0.0806,0.10300000000000001,0.7993870993156481,-1.5316238952834182,1.0,515.0,257.0,959.0,478.0,336.6590772704547,336.65907727045226,0.85,-3.278874192045067,100.0,5,median_of_seed_median_return_pct,-1.3602720867138651,1.0,1.0,-0.03640178814714136,9.86866653239632,-1.3602720867138651,0.8691255186499364,478.0,feasible_if_all_values_le_0,1.0,1.0,3142|3143|3144|3145|3146,1.5184993932450677,True,COMPLETE
6,-2.663137484286082,3.136282118621863,0.005426838628174849,0.0032830103301893197,1.0,1.0,1.0,False,-0.234132706401855,True,True,True,True,False,True,True,0.0,0.0,-3.625521289985043,0.0,-188.0,-362.0,0.043852327599710916,"[-3.625521289985043, 0.043852327599710916, -362.0, -188.0, 0.0, 0.0, 0.0]",-0.3960522789768359,0.0927,11.374478710014957,-1000000.0,15.0,-1.6253489675706168,650.0,-0.3960522789768359,-2.390277018611855,2.074633911376311,-0.23325786626592793,-2.307891777642239,-2.074633911376311,5.215495948239889,0.07088000000000001,0.46068,2.1577776536916766,0.08592,0.08715999999999999,0.8859399675506049,-0.23325786626592793,2.2,435.8,217.2,8.835858402766874,0.09864000000000002,0.38811999999999997,-2.517373827556379,0.0816,0.09912000000000001,0.7471131186393748,-2.307891777642239,0.4,495.6,246.8,5.0,5.0,11.374478710014957,0.0927,-0.5230646021884742,-2.663137484286082,2.0,0.8061476724002891,1.536567704993408,-0.31257972285221314,-2.0041004860391287,-1.536567704993408,5.2298355179838385,0.0688,0.4584,2.3905677593257457,0.08819999999999999,0.0878,0.8580767573003458,-0.31257972285221314,2.0,439.0,219.0,8.656470752480383,0.0988,0.3898,-2.7982109924994547,0.0826,0.099,0.7223910478516281,-2.0041004860391287,0.0,495.0,246.0,927.0,462.0,304.598493280505,304.5984932805072,0.85,-2.876448963117284,100.0,5,median_of_seed_median_return_pct,-2.663137484286082,1.0,1.0,-0.3960522789768359,11.374478710014957,-2.663137484286082,0.8061476724002891,462.0,feasible_if_all_values_le_0,1.0,1.0,3142|3143|3144|3145|3146,0.5591584489565247,False,COMPLETE
7,-2.387613929238297,0.3999384989689106,0.0038594701586030697,0.0027551351726875332,1.0,1.0,1.0,False,-0.2669564689301993,True,True,True,True,True,True,True,0.0,0.0,-6.056167551187595,0.0,-180.0,-370.0,-0.0013789869870272087,"[-6.056167551187595, -0.0013789869870272087, -370.0, -180.0, 0.0, 0.0, 0.0]",0.43669710178949284,0.0944,8.943832448812405,-1000000.0,15.0,0.5469444807652657,650.0,0.43669710178949284,-1.5035769008100908,1.077234891104386,-0.5342734103656821,-1.6115083014700684,-1.077234891104386,5.58731895019187,0.08096,0.471,2.1060142552320777,0.08692,0.0906,0.8746245327378347,-0.5342734103656821,2.2,453.0,226.0,8.354974850480923,0.0982,0.39408000000000004,-1.6450439971801245,0.08452000000000001,0.09896,0.8235621587934607,-1.6115083014700684,1.0,494.8,246.2,5.0,5.0,8.943832448812405,0.0944,0.5212283240656056,-2.387613929238297,2.0,0.8513789869870272,1.0913217107131445,-0.796259282822176,-1.8957498478755164,-1.0913217107131445,5.705062289758733,0.07999999999999999,0.47300000000000003,2.1276421575884363,0.08779999999999999,0.0898,0.8435250931133974,-0.796259282822176,2.0,449.0,224.0,8.00283338694161,0.099,0.3942,-1.5743174049991682,0.08360000000000001,0.0988,0.7981227813889529,-1.8957498478755164,1.0,494.0,246.0,944.0,470.0,362.95859815274935,362.958598152747,0.85,-2.8346192615559485,100.0,5,median_of_seed_median_return_pct,-2.387613929238297,1.0,1.0,0.43669710178949284,8.943832448812405,-2.387613929238297,0.8513789869870272,470.0,feasible_if_all_values_le_0,1.0,1.0,3142|3143|3144|3145|3146,1.584584018399248,True,COMPLETE
8,-0.3592899829716778,0.4491579476345678,0.003985601095823479,0.003117935957651857,1.0,1.0,1.0,False,-0.04010500954607118,True,True,True,True,True,True,True,0.0,0.0,-6.041269231991118,0.0,-161.0,-389.0,-0.10164368848443617,"[-6.041269231991118, -0.10164368848443617, -389.0, -161.0, 0.0, 0.0, 0.0]",0.47525973840067115,0.09809999999999999,8.958730768008882,-1000000.0,15.0,0.2820335195068635,650.0,0.47525973840067115,-0.662913840277195,1.9583789874546522,0.8593499690150175,-1.0990290184396343,-1.9583789874546522,5.216828750446529,0.08524000000000001,0.46227999999999997,1.9850351895796454,0.08368,0.09459999999999999,1.0028920245258013,0.8593499690150175,2.8,473.0,236.0,8.217331530420992,0.1034,0.3888,-1.4837052470735952,0.07656,0.10124,0.890337231598355,-1.0990290184396343,0.8,506.2,252.0,5.0,5.0,8.958730768008882,0.09809999999999999,0.32970009877719236,-0.3592899829716778,2.0,0.9516436884844361,1.9225088627986442,1.0024383731725095,-1.2938563671278547,-1.9225088627986442,5.005011862590292,0.0818,0.4628,1.667062427652668,0.0816,0.0922,1.019353771913654,1.0024383731725095,3.0,461.0,230.0,8.453371336095516,0.1008,0.3888,-1.593161153573408,0.07680000000000001,0.1002,0.892939930097619,-1.2938563671278547,1.0,501.0,249.0,981.0,489.0,320.72499678701166,320.7249967870111,0.85,-2.3271035527127726,100.0,5,median_of_seed_median_return_pct,-0.3592899829716778,1.0,1.0,0.47525973840067115,8.958730768008882,-0.3592899829716778,0.9516436884844361,489.0,feasible_if_all_values_le_0,1.0,1.0,3142|3143|3144|3145|3146,1.0928474491616522,True,COMPLETE
9,-1.6307050128292921,1.3291529720524704,0.03478395209918766,0.0032024966776234036,1.0,1.0,1.0,False,-0.16837474236647074,True,True,False,True,True,True,True,0.0,0.0,-5.315025936134575,0.0,84.0,-634.0,-0.057120152461466844,"[-5.315025936134575, -0.057120152461466844, -634.0, 84.0, 0.0, 0.0, 0.0]",-1.806316422974166,0.1473,9.684974063865425,-1000000.0,15.0,-0.7695646538306455,650.0,-1.806316422974166,-2.53973159174822,3.392151961608922,0.05015074170894973,-3.3420012198999727,-3.392151961608922,5.246107460018343,0.12775999999999998,0.52616,1.5843313445244565,0.07576000000000001,0.14340000000000003,0.9638383434132625,0.05015074170894973,2.6,717.0,358.0,8.51506739065233,0.15184000000000003,0.46319999999999995,-3.3292213505758257,0.07168,0.15,0.7167497716466876,-3.3420012198999727,0.4,750.0,373.6,5.0,5.0,9.684974063865425,0.1473,-1.7554043563332988,-1.6307050128292921,1.0,0.9071201524614668,3.6836106839262195,-0.001450706441086247,-3.5498783977424564,-3.6836106839262195,5.3583788756453865,0.1306,0.5248,1.6215849943699374,0.078,0.14140000000000003,0.977881661132954,-0.001450706441086247,2.0,707.0,353.0,8.517989809991766,0.1544,0.4646,-3.0784558186947275,0.0718,0.1494,0.7246423181580985,-3.5498783977424564,0.0,747.0,372.0,1473.0,734.0,312.2563739057826,312.2563739057828,0.85,-6.786987198416283,100.0,5,median_of_seed_median_return_pct,-1.6307050128292921,1.0,1.0,-1.806316422974166,9.684974063865425,-1.6307050128292921,0.9071201524614668,734.0,feasible_if_all_values_le_0,1.0,1.0,3142|3143|3144|3145|3146,2.500266885581972,False,COMPLETE
10,-2.028859430112906,0.8220333085199437,0.003595364565237227,0.0034404443099711754,1.0,1.0,1.0,False,-0.2005993443947164,True,True,True,True,False,True,True,0.0,0.0,-4.886011660532905,0.0,-164.0,-386.0,0.007557882497763235,"[-4.886011660532905, 0.007557882497763235, -386.0, -164.0, 0.0, 0.0, 0.0]",-0.04671107605736315,0.09749999999999999,10.113988339467095,-1000000.0,15.0,-0.5494806427059684,650.0,-0.04671107605736315,-1.96327771653539,3.205924974687389,0.8575213816057324,-2.3484035930816565,-3.205924974687389,4.987303345354393,0.07915999999999998,0.45608000000000004,2.405839142633454,0.08076,0.09284,1.0218956794329679,0.8575213816057324,2.6,464.2,231.6,8.774969444295099,0.10755999999999999,0.38512,-2.4350961091987857,0.07492000000000001,0.10300000000000001,0.8004662739746694,-2.3484035930816565,0.8,515.0,256.2,5.0,5.0,10.113988339467095,0.09749999999999999,0.057788164811223196,-2.028859430112906,2.0,0.8424421175022367,3.500458376789428,0.38762686536288893,-2.700476490460757,-3.500458376789428,4.85340415492419,0.07999999999999999,0.458,2.131890130775993,0.0806,0.0922,0.9974316346460463,0.38762686536288893,3.0,461.0,230.0,8.868654035587674,0.10739999999999998,0.38520000000000004,-2.6094271569948657,0.0746,0.1036,0.7679617224631063,-2.700476490460757,1.0,518.0,258.0,975.0,486.0,290.6601327920864,290.66013279208886,0.85,-3.2276309861056784,100.0,5,median_of_seed_median_return_pct,-2.028859430112906,1.0,1.0,-0.04671107605736315,10.113988339467095,-2.028859430112906,0.8424421175022367,486.0,feasible_if_all_values_le_0,1.0,1.0,3142|3143|3144|3145|3146,0.9601642520907179,False,COMPLETE
11,-2.1612514141888695,5.7896005303003,0.028535218317205617,0.002724630948977317,1.0,1.0,1.0,False,-0.1934672152537741,True,True,True,True,True,True,True,0.0,0.0,-3.82884931509496,0.0,-12.0,-538.0,-0.011639791100136354,"[-3.82884931509496, -0.011639791100136354, -538.0, -12.0, 0.0, 0.0, 0.0]",-1.2040022647412776,0.1278,11.17115068490504,-1000000.0,15.0,-1.2624333622400785,650.0,-1.2040022647412776,-2.2895825924276636,3.596901811879731,0.5475323999540072,-3.049369411925724,-3.596901811879731,5.15274612915591,0.10832000000000001,0.50564,1.6629804800196974,0.08792,0.12732000000000002,0.9890213718515781,0.5475323999540072,3.4,636.6,318.2,9.042761275963645,0.12168000000000001,0.4431999999999999,-2.8217490559286023,0.08712,0.13052000000000002,0.7339833545471715,-3.049369411925724,0.4,652.6,324.6,5.0,5.0,11.17115068490504,0.1278,-1.2680065290084097,-2.1612514141888695,1.0,0.8616397911001363,2.849654516126865,0.5070099659994165,-2.529990200914556,-2.849654516126865,4.840313139831542,0.1078,0.5072,1.910006521203893,0.08880000000000002,0.1264,0.9624922176069004,0.5070099659994165,3.0,632.0,316.0,9.277753679552504,0.12179999999999999,0.44279999999999997,-3.103487062733201,0.0866,0.1288,0.7825521155602702,-2.529990200914556,0.0,644.0,320.0,1278.0,638.0,367.0221834540004,367.0221834539964,0.85,-3.8562019990455387,100.0,5,median_of_seed_median_return_pct,-2.1612514141888695,1.0,1.0,-1.2040022647412776,11.17115068490504,-2.1612514141888695,0.8616397911001363,638.0,feasible_if_all_values_le_0,1.0,1.0,3142|3143|3144|3145|3146,1.0931887283332415,True,COMPLETE
12,-1.93221847313092,7.110152326376518,0.01364355624753253,0.003352731719784772,1.0,1.0,1.0,False,-0.18759076805604127,True,True,True,True,False,True,True,0.0,0.0,-4.699821088457377,0.0,-123.0,-427.0,0.00249222988111919,"[-4.699821088457377, 0.00249222988111919, -427.0, -123.0, 0.0, 0.0, 0.0]",-0.30007492669698027,0.1058,10.300178911542623,-1000000.0,15.0,0.7492968829757363,650.0,-0.30007492669698027,-1.9027102949115158,2.6157502003235438,0.44834757493962485,-2.167402625383919,-2.6157502003235438,5.147155803534405,0.08756,0.47248,2.056616677790703,0.09511999999999998,0.10224,1.003818455146057,0.44834757493962485,3.0,511.2,255.6,8.449603319248789,0.10116,0.40671999999999997,-2.331269290211407,0.08564000000000001,0.10688,0.7388087911817821,-2.167402625383919,0.6,534.4,265.2,5.0,5.0,10.300178911542623,0.1058,-0.1359414953931303,-1.93221847313092,2.0,0.8475077701188808,2.5412867834032737,0.4802115851008537,-2.67038932837389,-2.5412867834032737,5.399649161036679,0.0838,0.46840000000000004,2.0772240920960794,0.09539999999999998,0.1028,1.025161872270833,0.4802115851008537,3.0,514.0,257.0,8.094578344235103,0.0984,0.4088,-2.303043400614924,0.0852,0.1052,0.7219856107149484,-2.67038932837389,0.0,526.0,261.0,1058.0,527.0,298.264246464729,298.2642464647279,0.85,-3.527438955968021,100.0,5,median_of_seed_median_return_pct,-1.93221847313092,1.0,1.0,-0.30007492669698027,10.300178911542623,-1.93221847313092,0.8475077701188808,527.0,feasible_if_all_values_le_0,1.0,1.0,3142|3143|3144|3145|3146,1.632301720609753,False,COMPLETE
13,-2.2146935154199965,5.085935611348041,0.008835386660859486,0.002612041418035566,1.0,1.0,1.0,False,-0.21554679917433214,True,True,True,True,False,True,True,0.0,0.0,-4.725231254170589,0.0,-184.0,-366.0,0.030753852057885722,"[-4.725231254170589, 0.030753852057885722, -366.0, -184.0, 0.0, 0.0, 0.0]",-0.21235076389802243,0.0934,10.27476874582941,-1000000.0,15.0,-1.7903886342935937,650.0,-0.21235076389802243,-2.104238460451633,2.5254666006536253,0.21789459799089972,-2.3075720026627256,-2.5254666006536253,5.383640343705293,0.06720000000000001,0.46504,2.506991085057378,0.10152000000000001,0.08756,0.9487676866589645,0.21789459799089972,3.0,437.8,218.4,9.07798994891887,0.09491999999999999,0.39724,-2.6569058848663443,0.09344,0.0998,0.7487152006597603,-2.3075720026627256,0.0,499.0,248.4,5.0,5.0,10.27476874582941,0.0934,-0.06271612203920149,-2.2146935154199965,2.0,0.8192461479421143,2.2364483718616324,0.27276514609482216,-2.127643979512095,-2.2364483718616324,5.474601869874974,0.06620000000000001,0.46480000000000005,2.60837634414697,0.1012,0.0866,0.9468877922860172,0.27276514609482216,3.0,433.0,216.0,9.054359219075803,0.0932,0.3966,-2.580512028012938,0.092,0.0998,0.7588332707829069,-2.127643979512095,0.0,499.0,248.0,934.0,466.0,382.84232137179066,382.84232137178344,0.85,-2.4583944807211155,100.0,5,median_of_seed_median_return_pct,-2.2146935154199965,1.0,1.0,-0.21235076389802243,10.27476874582941,-2.2146935154199965,0.8192461479421143,466.0,feasible_if_all_values_le_0,1.0,1.0,3142|3143|3144|3145|3146,0.29753496377272154,False,COMPLETE
14,-1.2436567110140295,2.6920026665995027,0.01872057840370247,0.0029417961694123357,1.0,1.0,1.0,False,-0.1270760199769497,True,True,True,True,True,True,True,0.0,0.0,-5.213285628243501,0.0,-89.0,-461.0,-0.026715190027220892,"[-5.213285628243501, -0.026715190027220892, -461.0, -89.0, 0.0, 0.0, 0.0]",0.15705651758687633,0.1125,9.7867143717565,-1000000.0,15.0,-1.2063170683695446,650.0,0.15705651758687633,-1.4252010283514194,3.6064347426565413,1.134183711634762,-2.4722510310217793,-3.6064347426565413,5.029044113754909,0.09304,0.48668000000000006,2.8037820313759663,0.08944,0.10880000000000001,1.0635573194825958,1.134183711634762,3.2,544.0,271.8,8.790510300274128,0.10964,0.41924,-2.569924745660296,0.0816,0.11383999999999998,0.7503513061832268,-2.4722510310217793,0.6,569.2,283.2,5.0,5.0,9.7867143717565,0.1125,-0.01320587613931501,-1.2436567110140295,1.0,0.8767151900272209,3.4878813910827478,0.7960306846408916,-2.146257007279051,-3.4878813910827478,5.169565317843849,0.09440000000000001,0.4852,2.897558132925162,0.088,0.10839999999999998,0.9967174884441945,0.7960306846408916,3.0,542.0,271.0,9.203462884012891,0.10979999999999998,0.42160000000000003,-2.8237023281792872,0.08280000000000001,0.11499999999999999,0.7736137146155065,-2.146257007279051,1.0,575.0,286.0,1125.0,561.0,339.9283779065372,339.9283779065333,0.85,-1.895177139195059,100.0,5,median_of_seed_median_return_pct,-1.2436567110140295,1.0,1.0,0.15705651758687633,9.7867143717565,-1.2436567110140295,0.8767151900272209,561.0,feasible_if_all_values_le_0,1.0,1.0,3142|3143|3144|3145|3146,0.3027674434872664,True,COMPLETE
15,-3.2727163010930926,4.89692063872005,0.030046374310129107,0.003336442860693859,1.0,1.0,1.0,False,-0.2798358757404681,True,True,False,True,False,True,True,0.0,0.0,-3.304872302619442,0.0,19.0,-569.0,0.04330950582132154,"[-3.304872302619442, 0.04330950582132154, -569.0, 19.0, 0.0, 0.0, 0.0]",-1.8524747712180634,0.13410000000000002,11.695127697380558,-1000000.0,15.0,-2.0862747954751404,650.0,-1.8524747712180634,-3.1929732257955945,4.83193667930358,0.6326473640533559,-4.199289315250225,-4.83193667930358,5.758074513748331,0.11499999999999999,0.51712,2.255365842807101,0.07755999999999999,0.1338,1.0498692382469972,0.6326473640533559,3.0,669.0,334.2,9.084644472771732,0.13408,0.44419999999999993,-3.999037518654096,0.08084,0.137,0.6633185586063608,-4.199289315250225,0.0,685.0,341.2,5.0,5.0,11.695127697380558,0.13410000000000002,-1.863698468209207,-3.2727163010930926,1.0,0.8066904941786784,5.048066812189156,0.8370761998197418,-4.270057442863962,-5.048066812189156,5.193809041417429,0.11579999999999999,0.5186,2.6829780699498,0.0784,0.132,1.0615854497159216,0.8370761998197418,3.0,660.0,329.0,8.797336036354942,0.134,0.44699999999999995,-3.6175342141539746,0.08199999999999999,0.13820000000000002,0.6619419740309734,-4.270057442863962,0.0,691.0,344.0,1341.0,669.0,299.7204033615718,299.7204033615681,0.85,-4.481295004976749,100.0,5,median_of_seed_median_return_pct,-3.2727163010930926,1.0,1.0,-1.8524747712180634,11.695127697380558,-3.2727163010930926,0.8066904941786784,669.0,feasible_if_all_values_le_0,1.0,1.0,3142|3143|3144|3145|3146,0.9156650085760709,False,COMPLETE
16,-2.1525901261412295,0.3857885582631179,0.006148120697313641,0.0036218443546222703,1.0,1.0,1.0,False,-0.23564599903541178,True,True,True,True,False,True,True,0.0,0.0,-5.865153090005368,0.0,-150.0,-400.0,0.014216278264331694,"[-5.865153090005368, 0.014216278264331694, -400.0, -150.0, 0.0, 0.0, 0.0]",0.3209281065454098,0.10029999999999999,9.134846909994632,-1000000.0,15.0,-0.951788601887249,650.0,0.3209281065454098,-2.0025470999226003,1.5980711841643624,0.14999691878814891,-1.4480742653762135,-1.5980711841643624,5.218678039188383,0.08471999999999999,0.46324000000000004,1.9714177364336725,0.07724,0.09652,0.9372668945430359,0.14999691878814891,2.4,482.6,240.8,7.818998082591255,0.10868,0.38984,-1.625990866769584,0.06892000000000001,0.10307999999999999,0.8606081833701328,-1.4480742653762135,1.4,515.4,256.4,5.0,5.0,9.134846909994632,0.10029999999999999,-0.4902152481936682,-2.1525901261412295,1.0,0.8357837217356683,1.5835043864914522,-0.6432837897390464,-1.990185653468679,-1.5835043864914522,5.168976397525038,0.08499999999999999,0.46319999999999995,1.9370922155747803,0.0784,0.097,0.8783592643794521,-0.6432837897390464,2.0,485.0,242.0,7.142406790369005,0.1052,0.3928,-1.8409981388557093,0.0688,0.1036,0.7839148095399505,-1.990185653468679,1.0,518.0,258.0,1003.0,500.0,276.10242243672894,276.1024224367254,0.85,-2.8674336519557753,100.0,5,median_of_seed_median_return_pct,-2.1525901261412295,1.0,1.0,0.3209281065454098,9.134846909994632,-2.1525901261412295,0.8357837217356683,500.0,feasible_if_all_values_le_0,1.0,1.0,3142|3143|3144|3145|3146,0.8339557641402137,False,COMPLETE
17,-1.4210972293632107,1.018724631776774,0.018197415564828057,0.0025097303262738785,1.0,1.0,1.0,False,-0.12975973046639944,True,True,True,True,True,True,True,0.0,0.0,-4.048241513331472,0.0,-88.0,-462.0,-0.05909662755846079,"[-4.048241513331472, -0.05909662755846079, -462.0, -88.0, 0.0, 0.0, 0.0]",-0.29581910219097585,0.11280000000000001,10.951758486668528,-1000000.0,15.0,-0.7295706484257591,650.0,-0.29581910219097585,-1.5389381077388609,3.0679237082887045,0.9452414065894986,-2.122682301699206,-3.0679237082887045,5.156681833634458,0.09336,0.48048,2.1550196497079943,0.08856000000000001,0.1096,1.0322674052943803,0.9452414065894986,3.2,548.0,273.4,8.935133627047742,0.11191999999999999,0.42024,-2.4284942101869507,0.08280000000000001,0.11316,0.7852910638895482,-2.122682301699206,0.6,565.8,281.8,5.0,5.0,10.951758486668528,0.11280000000000001,-0.5199312596663844,-1.4210972293632107,2.0,0.9090966275584608,2.807717841181745,1.2906149833303848,-2.501334845525338,-2.807717841181745,4.8384880500525025,0.089,0.47759999999999997,1.9992257064886387,0.091,0.1086,1.073859689696011,1.2906149833303848,3.0,543.0,271.0,8.95620044176364,0.11359999999999999,0.42119999999999996,-2.472343205178922,0.08380000000000001,0.11200000000000002,0.7717196484018206,-2.501334845525338,0.0,560.0,279.0,1128.0,562.0,398.44918377532224,398.4491837753213,0.85,-3.1131973632961607,100.0,5,median_of_seed_median_return_pct,-1.4210972293632107,1.0,1.0,-0.29581910219097585,10.951758486668528,-1.4210972293632107,0.9090966275584608,562.0,feasible_if_all_values_le_0,1.0,1.0,3142|3143|3144|3145|3146,0.9608403014147562,True,COMPLETE
18,-0.7265600906911196,1.3760306047843422,0.004324298664713927,0.002643465240424996,1.0,1.0,1.0,False,-0.07720159395962027,True,True,True,True,True,True,True,0.0,0.0,-5.58879417604847,0.0,-194.0,-356.0,-0.05202626796516163,"[-5.58879417604847, -0.05202626796516163, -356.0, -194.0, 0.0, 0.0, 0.0]",1.1133439811720942,0.0915,9.41120582395153,-1000000.0,15.0,-0.06546438123985476,650.0,1.1133439811720942,-0.7968914045494113,2.29717844467664,0.8431927425297768,-1.4539857021468627,-1.8468689119547022,5.042810010142394,0.07336000000000001,0.46612,2.4754498544197645,0.08968,0.08796000000000001,1.0399107449821756,0.6180379761688082,2.8,439.8,219.4,7.967864918994339,0.09992000000000002,0.39743999999999996,-1.3509167827645903,0.08231999999999999,0.098,0.8781607475149507,-1.228830935785894,1.0,490.0,243.8,5.0,5.0,9.41120582395153,0.0915,0.7924883975328312,-0.7265600906911196,2.0,0.9020262679651616,3.1889249469387426,1.131665968745743,-1.725868295277655,-3.1889249469387426,5.056860846497935,0.07200000000000001,0.4668,2.6220499469725933,0.0884,0.08739999999999999,1.034628428123501,1.131665968745743,3.0,437.0,218.0,8.473538586341146,0.1004,0.398,-1.1172660999712414,0.08320000000000001,0.0978,0.9034232149568875,-1.2730942174088211,1.0,489.0,243.0,915.0,456.0,378.29133695710243,378.29133695709834,0.85,-1.8368530840726538,100.0,5,median_of_seed_median_return_pct,-0.7265600906911196,1.0,1.0,1.1133439811720942,9.41120582395153,-0.7265600906911196,0.9020262679651616,456.0,feasible_if_all_values_le_0,1.0,1.0,3142|3143|3144|3145|3146,0.6688566149672929,True,COMPLETE
19,-1.4412585531601962,1.1808699660399022,0.004843917259637427,0.0025083711967239207,1.0,1.0,1.0,False,-0.14984454696674787,True,True,True,True,False,True,True,0.0,0.0,-5.3816416257040895,0.0,-194.0,-356.0,0.004521864985933655,"[-5.3816416257040895, 0.004521864985933655, -356.0, -194.0, 0.0, 0.0, 0.0]",1.0900604219982637,0.0915,9.61835837429591,-1000000.0,15.0,0.16575169360046882,650.0,1.0900604219982637,-1.2975779747229965,2.1826022609875007,1.0534724778099824,-1.1291297831775182,-1.9808975237147375,4.917873530120587,0.08091999999999999,0.47232,2.827101412894424,0.09056,0.08980000000000002,1.0238201220972372,0.952620109173601,3.0,449.0,223.8,8.90488936542882,0.09652000000000001,0.39635999999999993,-1.6893560479916423,0.08924,0.09716,0.8575210508176415,-1.0282774145411366,0.8,485.8,242.0,5.0,5.0,9.61835837429591,0.0915,0.37396757033500344,-1.4412585531601962,2.0,0.8454781350140663,1.7980035043869136,1.0374000537017425,-1.6375905271213687,-1.7980035043869136,5.023077667534026,0.0784,0.4726,2.776171431412746,0.09000000000000001,0.08600000000000001,0.9539374910943367,0.5331382105198346,3.0,430.0,214.0,9.060448019934809,0.09459999999999999,0.3954,-2.054213895936981,0.08920000000000002,0.0968,0.8010677981038631,-1.6375905271213687,0.0,484.0,241.0,915.0,456.0,398.6650784804332,398.6650784804415,0.85,-2.8094984787642496,100.0,5,median_of_seed_median_return_pct,-1.4412585531601962,1.0,1.0,1.0900604219982637,9.61835837429591,-1.4412585531601962,0.8454781350140663,456.0,feasible_if_all_values_le_0,1.0,1.0,3142|3143|3144|3145|3146,1.1862965617515984,False,COMPLETE
20,-0.70940130065269,9.187460703202113,0.004232254400256428,0.0028371273900876896,1.0,1.0,1.0,False,-0.07384758908296879,True,True,True,True,True,True,True,0.0,0.0,-5.393710756682012,0.0,-236.0,-314.0,-0.07188692508070127,"[-5.393710756682012, -0.07188692508070127, -314.0, -236.0, 0.0, 0.0, 0.0]",1.0407809324887167,0.0831,9.606289243317988,-1000000.0,15.0,0.9663208002664181,650.0,1.0407809324887167,-0.4112495061444532,2.286147720322007,0.7170392455316721,-1.569108474790335,-2.286147720322007,4.26177682361333,0.05448000000000001,0.46432,3.078663277377651,0.10191999999999998,0.07692000000000002,1.0371168217783808,0.7170392455316721,3.4,384.6,191.8,8.077096352949068,0.07804,0.39580000000000004,-1.967661219974157,0.09256,0.08836,0.8155351357458229,-1.569108474790335,0.4,441.8,219.6,5.0,5.0,9.606289243317988,0.0831,1.120819180512116,-0.70940130065269,2.0,0.9218869250807012,2.191645266376696,1.0709808061400095,-1.7530354331579678,-2.191645266376696,4.197901451700803,0.0538,0.4694,3.1296660327760106,0.10200000000000001,0.0764,1.0588447666606238,1.0709808061400095,3.0,382.0,191.0,8.024794649666278,0.07659999999999999,0.39300000000000007,-1.939879731178893,0.0928,0.08759999999999998,0.8012374483481967,-1.7530354331579678,0.0,438.0,218.0,831.0,414.0,352.4691924281525,352.4691924281538,0.85,-0.9896560025458578,100.0,5,median_of_seed_median_return_pct,-0.70940130065269,1.0,1.0,1.0407809324887167,9.606289243317988,-0.70940130065269,0.9218869250807012,414.0,feasible_if_all_values_le_0,1.0,1.0,3142|3143|3144|3145|3146,0.7865208801712882,True,COMPLETE
21,-2.602009889298784,4.5973977022651615,0.0034254814485267385,0.003036112923536695,1.0,1.0,1.0,False,-0.25109655705121214,True,True,True,True,False,True,True,0.0,0.0,-4.6374131136808305,0.0,-199.0,-351.0,0.10463404002795762,"[-4.6374131136808305, 0.10463404002795762, -351.0, -199.0, 0.0, 0.0, 0.0]",-0.12060457538694572,0.0906,10.36258688631917,-1000000.0,15.0,-2.014131690536114,650.0,-0.12060457538694572,-2.6527575768194938,2.6101079312068705,0.3734065342041437,-2.236701397002727,-2.4346710773936797,5.005348500227017,0.06399999999999999,0.4535600000000001,2.4541135165373795,0.09396,0.08268,0.9722129561139304,0.2856881072975481,3.0,413.4,206.2,9.281566725938127,0.0982,0.38856,-2.551649716923954,0.08668000000000001,0.09716,0.7618720872616811,-2.1489829700961316,0.4,485.8,241.6,5.0,5.0,10.36258688631917,0.0906,-0.1313796698566126,-2.602009889298784,2.0,0.7453659599720424,1.5081348758261393,0.3413327594679938,-1.4908195087577347,-1.5081348758261393,4.6912839771365284,0.0654,0.45199999999999996,2.1675418659045653,0.0928,0.08299999999999999,0.97633694599971,0.3413327594679938,3.0,415.0,207.0,9.026979595549722,0.1008,0.38639999999999997,-2.281526034437744,0.0888,0.0984,0.7837630222903877,-1.4662777707389663,0.0,492.0,245.0,906.0,451.0,329.36851335395124,329.36851335395386,0.85,-3.3645724382304065,100.0,5,median_of_seed_median_return_pct,-2.602009889298784,1.0,1.0,-0.12060457538694572,10.36258688631917,-2.602009889298784,0.7453659599720424,451.0,feasible_if_all_values_le_0,1.0,1.0,3142|3143|3144|3145|3146,0.48257915618716113,False,COMPLETE
22,-0.9721708560325393,8.73348505679861,0.005338669712330184,0.0029963145095568385,1.0,1.0,1.0,False,-0.10662793200653706,True,True,True,True,True,True,True,0.0,0.0,-5.882587350817811,0.0,-207.0,-343.0,-0.06383407601958935,"[-5.882587350817811, -0.06383407601958935, -343.0, -207.0, 0.0, 0.0, 0.0]",0.7760599540010915,0.0889,9.117412649182189,-1000000.0,15.0,-0.34968340528434005,650.0,0.7760599540010915,-0.9972679556796283,2.557896118429277,0.8863575169047833,-1.6715386015244937,-2.557896118429277,4.721161796072428,0.06340000000000001,0.45408,2.9342211519299757,0.10500000000000001,0.08312,1.0599851994434393,0.8863575169047833,3.4,415.6,207.4,8.27573786120671,0.08624000000000001,0.3952,-2.1107880828513013,0.09120000000000002,0.09111999999999999,0.7975421212365101,-1.6715386015244937,0.0,455.6,226.6,5.0,5.0,9.117412649182189,0.0889,0.5766196050477745,-0.9721708560325393,2.0,0.9138340760195893,2.8923663732303706,0.7872368913221184,-2.0160088876701066,-2.8923663732303706,4.63432507798589,0.06539999999999999,0.44800000000000006,2.8058323817215003,0.10400000000000001,0.0848,1.0967110265031177,0.7872368913221184,3.0,424.0,212.0,8.105023115357868,0.08120000000000001,0.40099999999999997,-2.2052866505659097,0.09220000000000002,0.093,0.7905393639417831,-2.0160088876701066,0.0,465.0,231.0,889.0,443.0,333.7433359583811,333.74333595838084,0.85,-1.6699320905151138,100.0,5,median_of_seed_median_return_pct,-0.9721708560325393,1.0,1.0,0.7760599540010915,9.117412649182189,-0.9721708560325393,0.9138340760195893,443.0,feasible_if_all_values_le_0,1.0,1.0,3142|3143|3144|3145|3146,0.49006579905869907,True,COMPLETE
23,-0.3832923020810952,8.567027327289763,0.0031837544410071674,0.0027644033216758773,1.0,1.0,1.0,False,-0.04483082003229403,True,True,True,True,True,True,True,0.0,0.0,-6.450250033236301,0.0,-240.0,-310.0,-0.05013755206951431,"[-6.450250033236301, -0.05013755206951431, -310.0, -240.0, 0.0, 0.0, 0.0]",1.7432220006809218,0.0824,8.549749966763699,-1000000.0,15.0,0.32602952101998817,650.0,1.7432220006809218,-0.4485001673635436,2.6491271162089824,1.1945610673685714,-1.454566048840411,-2.6491271162089824,4.433317929693229,0.056440000000000004,0.45424,3.2427594857686186,0.1026,0.07796,1.1270156149772328,1.1945610673685714,3.2,389.8,194.4,7.80951834743963,0.08088000000000001,0.39884000000000003,-1.4652002603054561,0.0958,0.08852000000000002,0.8255625667848578,-1.454566048840411,0.6,442.6,220.0,5.0,5.0,8.549749966763699,0.0824,1.4868366133084177,-0.3832923020810952,2.0,0.9001375520695143,3.2352866894611143,1.4344539494109965,-1.3414831423096407,-3.2352866894611143,4.322973380002971,0.0546,0.4534000000000001,3.214998904948996,0.1044,0.07859999999999999,1.0877862947156254,1.4344539494109965,3.0,393.0,196.0,7.717314744224657,0.082,0.398,-1.686332822498271,0.0956,0.08800000000000001,0.797518240785258,-1.3414831423096407,0.0,440.0,219.0,824.0,410.0,361.7417155300498,361.74171553005687,0.85,-1.0607689297595146,100.0,5,median_of_seed_median_return_pct,-0.3832923020810952,1.0,1.0,1.7432220006809218,8.549749966763699,-0.3832923020810952,0.9001375520695143,410.0,feasible_if_all_values_le_0,1.0,1.0,3142|3143|3144|3145|3146,0.6078816106113747,True,COMPLETE
24,-1.5152750951701766,9.142207691549126,0.004920187922520777,0.002677188940051991,1.0,1.0,1.0,False,-0.16651336180824183,True,True,True,True,True,True,True,0.0,0.0,-5.89997896435975,0.0,-231.0,-319.0,-0.03806291508629123,"[-5.89997896435975, -0.03806291508629123, -319.0, -231.0, 0.0, 0.0, 0.0]",1.4590875320643808,0.08420000000000001,9.10002103564025,-1000000.0,15.0,1.421520312199509,650.0,1.4590875320643808,-0.5893604352457738,3.3195303116396806,1.4274192262746244,-1.892111085365056,-3.3195303116396806,4.5032070765683025,0.05616,0.45404,3.4184020099856816,0.10924,0.07855999999999999,1.1354767745456562,1.4274192262746244,3.6,392.8,195.8,8.264927372707808,0.0782,0.39636,-1.9178757733652536,0.09768,0.08912,0.8227770990550693,-1.892111085365056,0.4,445.6,221.6,5.0,5.0,9.10002103564025,0.08420000000000001,1.6712746329210493,-1.5152750951701766,2.0,0.8880629150862912,3.7160707619228295,1.5345879022532705,-1.651042732743313,-3.7160707619228295,4.333532364774606,0.05619999999999999,0.454,3.8135063042887496,0.11000000000000001,0.07780000000000001,1.1291844753937856,1.5345879022532705,3.0,389.0,194.0,8.392700005382325,0.0784,0.39540000000000003,-1.8545304915617966,0.0984,0.089,0.8351895184925434,-1.651042732743313,0.0,445.0,222.0,842.0,419.0,373.5261210142979,373.5261210142998,0.85,-2.2915435405163387,100.0,5,median_of_seed_median_return_pct,-1.5152750951701766,1.0,1.0,1.4590875320643808,9.10002103564025,-1.5152750951701766,0.8880629150862912,419.0,feasible_if_all_values_le_0,1.0,1.0,3142|3143|3144|3145|3146,1.7979299325238511,True,COMPLETE
25,-1.7776166562429307,3.9986494029247757,0.0034754587165340546,0.002731546776776515,1.0,1.0,1.0,False,-0.18404576612338405,True,True,True,True,True,True,True,0.0,0.0,-5.341442274465479,0.0,-202.0,-348.0,-0.00015363803504753193,"[-5.341442274465479, -0.00015363803504753193, -348.0, -202.0, 0.0, 0.0, 0.0]",0.846130611253319,0.08990000000000001,9.658557725534521,-1000000.0,15.0,0.35216405747284796,650.0,0.846130611253319,-1.3874977728254567,2.1453612577477843,0.4610721318550448,-1.6842891258927395,-2.055526506182912,4.797633057985512,0.06672,0.45655999999999997,2.5843068379473677,0.10084,0.08468,0.9974779003944905,0.41615475607260866,2.6,423.4,211.2,7.781625698394007,0.09419999999999999,0.39516,-1.7066633484903826,0.08888,0.09556,0.8154666319578705,-1.6393717501103033,0.6,477.8,237.8,5.0,5.0,9.658557725534521,0.08990000000000001,0.7885321169369128,-1.7776166562429307,2.0,0.8501536380350475,1.3900430472247316,0.43646384567346264,-2.120210286976132,-1.3900430472247316,4.917867122816366,0.067,0.45600000000000007,2.721928618133378,0.101,0.08460000000000001,0.9908164210240709,0.43646384567346264,3.0,423.0,211.0,7.66232854206812,0.0948,0.3954,-1.810935567468544,0.0872,0.09559999999999999,0.7715136388455497,-2.120210286976132,1.0,478.0,238.0,899.0,448.0,366.0929435666099,366.09294356660376,0.85,-2.7926196183311713,100.0,5,median_of_seed_median_return_pct,-1.7776166562429307,1.0,1.0,0.846130611253319,9.658557725534521,-1.7776166562429307,0.8501536380350475,448.0,feasible_if_all_values_le_0,1.0,1.0,3142|3143|3144|3145|3146,1.1930117521239152,True,COMPLETE
26,-0.5449176265188149,7.625296548737528,0.003893133650626325,0.0029925813239757093,1.0,1.0,1.0,False,-0.05871204926904803,True,True,True,True,True,True,True,0.0,0.0,-5.718810988495235,0.0,-223.0,-327.0,-0.1004982025645278,"[-5.718810988495235, -0.1004982025645278, -327.0, -223.0, 0.0, 0.0, 0.0]",0.6164049459034614,0.0857,9.281189011504765,-1000000.0,15.0,0.9068039868025624,650.0,0.6164049459034614,-0.36627274297761137,3.3588948523969835,1.2497235953528874,-2.1091712570440957,-3.3588948523969835,4.862641429019503,0.05968,0.45199999999999996,2.7602033607757486,0.10107999999999999,0.0794,1.0739560967761934,1.2497235953528874,3.6,397.0,198.0,8.121253111841078,0.08376,0.39784,-2.0944384011899877,0.08996,0.09016000000000002,0.7832386760784529,-2.1091712570440957,0.2,450.8,224.2,5.0,5.0,9.281189011504765,0.0857,0.8514527656087312,-0.5449176265188149,2.0,0.9504982025645278,3.203029892155551,0.8074751227403976,-2.525392598548415,-3.203029892155551,4.716066910411332,0.0568,0.4474,2.4069386193690034,0.1,0.0794,1.0526083352318076,0.8074751227403976,4.0,397.0,198.0,8.115901932788283,0.08560000000000001,0.39780000000000004,-2.1454666504198916,0.09079999999999999,0.09000000000000001,0.7289937149313296,-2.525392598548415,0.0,450.0,224.0,857.0,427.0,334.15967412089515,334.15967412089293,0.85,-1.8888281279943353,100.0,5,median_of_seed_median_return_pct,-0.5449176265188149,1.0,1.0,0.6164049459034614,9.281189011504765,-0.5449176265188149,0.9504982025645278,427.0,feasible_if_all_values_le_0,1.0,1.0,3142|3143|3144|3145|3146,1.2533429763879422,True,COMPLETE
27,-0.256420126538226,7.942721753149675,0.004676401802039201,0.0034766244725114174,1.0,1.0,1.0,False,-0.02611412060958128,True,True,True,True,True,True,True,0.0,0.0,-5.1807864652296445,0.0,-228.0,-322.0,-0.08335440230323321,"[-5.1807864652296445, -0.08335440230323321, -322.0, -228.0, 0.0, 0.0, 0.0]",0.20859500058870398,0.0847,9.819213534770356,-1000000.0,15.0,0.7430478867982204,650.0,0.20859500058870398,-0.6335718796953249,2.984853336190465,0.747129695807951,-2.237723640382514,-2.984853336190465,5.595480847247845,0.06024,0.45271999999999996,2.5086626063659985,0.09680000000000001,0.0798,1.0964565128253798,0.747129695807951,3.2,399.0,199.2,8.176515280432032,0.08860000000000001,0.38872,-2.2456516515617753,0.08588000000000003,0.09204,0.7322061137260292,-2.237723640382514,0.8,460.2,228.2,5.0,5.0,9.819213534770356,0.0847,0.26304167984867455,-0.256420126538226,2.0,0.9333544023032332,2.795302848922465,0.7246717404736591,-2.5246120951083584,-2.795302848922465,5.500505375544062,0.0598,0.45620000000000005,2.732843088665473,0.09459999999999999,0.0786,1.0616912220742347,0.7246717404736591,3.0,393.0,196.0,8.023070991576475,0.0876,0.3922,-2.2530300997056485,0.08680000000000002,0.09120000000000002,0.7026873191546773,-2.5246120951083584,1.0,456.0,227.0,847.0,422.0,287.63532210817914,287.6353221081804,0.85,-2.6008774165504733,100.0,5,median_of_seed_median_return_pct,-0.256420126538226,1.0,1.0,0.20859500058870398,9.819213534770356,-0.256420126538226,0.9333544023032332,422.0,feasible_if_all_values_le_0,1.0,1.0,3142|3143|3144|3145|3146,1.4579828059960043,True,COMPLETE
28,-1.6713780367813125,6.5941216009999355,0.0075151134943894716,0.003987485721169299,1.0,1.0,1.0,False,-0.16869184012010136,True,True,True,True,False,True,True,0.0,0.0,-5.092122798640627,0.0,-181.0,-369.0,0.004630788332310787,"[-5.092122798640627, 0.004630788332310787, -369.0, -181.0, 0.0, 0.0, 0.0]",-0.2103220223851939,0.09419999999999999,9.907877201359373,-1000000.0,15.0,-0.9014288680839089,650.0,-0.2103220223851939,-1.70179403495337,3.031142295944862,0.18359122495833713,-2.847551070986525,-3.031142295944862,4.871194670413539,0.0684,0.46044,2.257074084644077,0.08715999999999999,0.08763999999999998,0.9425560893502881,0.18359122495833713,2.4,438.2,219.0,8.049699530201499,0.10032,0.3914,-2.4019568435650993,0.08055999999999999,0.1008,0.6925246601079261,-2.847551070986525,0.8,504.0,250.4,5.0,5.0,9.907877201359373,0.09419999999999999,-0.055907465855342765,-1.6713780367813125,1.0,0.8453692116676892,2.678571403900365,-0.43204615885883424,-3.366154115851172,-2.678571403900365,5.0768809908802615,0.0698,0.46099999999999997,2.476186505882727,0.08760000000000001,0.08919999999999999,0.8858397793480194,-0.43204615885883424,2.0,446.0,223.0,7.689171054832289,0.0986,0.38960000000000006,-2.37167502822067,0.0804,0.0996,0.6598436994350517,-3.366154115851172,1.0,498.0,247.0,942.0,469.0,250.78459709361866,250.78459709362184,0.85,-2.343387433163502,100.0,5,median_of_seed_median_return_pct,-1.6713780367813125,1.0,1.0,-0.2103220223851939,9.907877201359373,-1.6713780367813125,0.8453692116676892,469.0,feasible_if_all_values_le_0,1.0,1.0,3142|3143|3144|3145|3146,0.5528391966478574,False,COMPLETE
29,-1.864935165125714,6.7187364688124065,0.0046761044158404015,0.003672719273359043,1.0,1.0,1.0,False,-0.1967373009335032,True,True,True,True,False,True,True,0.0,0.0,-5.520683387050948,0.0,-211.0,-339.0,0.035601532709372496,"[-5.520683387050948, 0.035601532709372496, -339.0, -211.0, 0.0, 0.0, 0.0]",-0.5857433066807953,0.08820000000000001,9.479316612949052,-1000000.0,15.0,0.047849824725010315,650.0,-0.5857433066807953,-1.6974949975056177,2.4103881134700145,0.3839224082993731,-2.0264657051706414,-2.4103881134700145,4.959601611960682,0.06408,0.45336,2.0222940198657353,0.09179999999999999,0.08344,1.008985415065435,0.3839224082993731,3.0,417.2,208.4,8.95776584232054,0.0926,0.38792,-2.5623425205210744,0.07812000000000001,0.09323999999999999,0.7562444874192706,-2.0264657051706414,0.2,466.2,231.4,5.0,5.0,9.479316612949052,0.08820000000000001,-0.2893046299081295,-1.864935165125714,1.0,0.8143984672906275,2.4923774360929296,0.3792889116088327,-2.224616164142612,-2.4923774360929296,4.951679478299253,0.0622,0.4513999999999999,2.2060976594788406,0.09319999999999999,0.0824,1.0298684292966522,0.3792889116088327,3.0,412.0,206.0,8.764600517777799,0.09280000000000001,0.388,-2.6461174962942,0.0782,0.093,0.7253699067958276,-2.224616164142612,0.0,465.0,231.0,882.0,439.0,272.27782075633763,272.2778207563413,0.85,-2.603792277487871,100.0,5,median_of_seed_median_return_pct,-1.864935165125714,1.0,1.0,-0.5857433066807953,9.479316612949052,-1.864935165125714,0.8143984672906275,439.0,feasible_if_all_values_le_0,1.0,1.0,3142|3143|3144|3145|3146,1.0592809870563473,False,COMPLETE
30,-2.609573310121416,2.1804572412408847,0.006474475393043208,0.0037954847689466707,1.0,1.0,1.0,False,-0.24866788860395198,True,True,True,True,False,True,True,0.0,0.0,-4.505788926862095,0.0,-164.0,-386.0,0.02966595125825633,"[-4.505788926862095, 0.02966595125825633, -386.0, -164.0, 0.0, 0.0, 0.0]",-0.800711116577619,0.09759999999999999,10.494211073137905,-1000000.0,15.0,-0.5510911908173766,650.0,-0.800711116577619,-1.964654311870369,2.652401683939685,0.11408508275304596,-2.5383166011866387,-2.652401683939685,5.570220629016389,0.08024,0.4565200000000001,2.1883920552412266,0.08115999999999998,0.09524,0.9559405839103894,0.11408508275304596,2.8,476.2,237.8,9.49668018048349,0.10976,0.38488,-2.9198733059689537,0.07208,0.10328,0.773331220926341,-2.5383166011866387,0.6,516.4,256.4,5.0,5.0,10.494211073137905,0.09759999999999999,-0.2370288083443331,-2.609573310121416,1.0,0.8203340487417436,3.1479203788971843,0.2109031762296043,-2.87740037298273,-3.1479203788971843,5.799056681231807,0.0798,0.4624,2.402052957902858,0.08180000000000001,0.09359999999999999,1.0001021023289018,0.2109031762296043,3.0,468.0,234.0,9.623326091650974,0.10479999999999998,0.3888,-3.0365823593468044,0.072,0.0996,0.7084626156780637,-2.87740037298273,0.0,498.0,247.0,976.0,486.0,263.47095585303106,263.4709558530329,0.85,-2.9660700836296905,100.0,5,median_of_seed_median_return_pct,-2.609573310121416,1.0,1.0,-0.800711116577619,10.494211073137905,-2.609573310121416,0.8203340487417436,486.0,feasible_if_all_values_le_0,1.0,1.0,3142|3143|3144|3145|3146,1.1089600423176829,False,COMPLETE
31,-1.2329840846362683,6.028213699527286,0.0037935495358718796,0.0034471107535060403,1.0,1.0,1.0,False,-0.1272934791409414,True,True,True,True,True,True,True,0.0,0.0,-5.313847237444989,0.0,-218.0,-332.0,-0.02478147814720677,"[-5.313847237444989, -0.02478147814720677, -332.0, -218.0, 0.0, 0.0, 0.0]",1.3174863340326881,0.0867,9.686152762555011,-1000000.0,15.0,1.183777018057408,650.0,1.3174863340326881,-0.9199464736968332,2.6824130679795806,0.9906573079026515,-1.6917557600769293,-2.6824130679795806,4.746962100041543,0.06356,0.4627199999999999,3.273487990442964,0.0924,0.0808,1.0610419828381317,0.9906573079026515,3.6,404.0,201.4,8.33133066768201,0.08715999999999999,0.39508,-1.9256443500432538,0.0828,0.09104000000000001,0.786468210020817,-1.6917557600769293,0.6,455.2,226.4,5.0,5.0,9.686152762555011,0.0867,1.1957206473073587,-1.2329840846362683,2.0,0.8747814781472067,2.4271802554430844,0.6342717500915196,-1.7929085053515648,-2.4271802554430844,4.6376188403330465,0.06439999999999999,0.4572,3.1497249671018412,0.0928,0.08199999999999999,1.0415943433156258,0.6342717500915196,4.0,410.0,204.0,8.302445392876157,0.08979999999999999,0.39160000000000006,-1.9540996998557716,0.08120000000000001,0.092,0.7818707539494585,-1.7929085053515648,1.0,460.0,229.0,867.0,432.0,290.0980187488623,290.0980187488647,0.85,-2.0536053107118146,100.0,5,median_of_seed_median_return_pct,-1.2329840846362683,1.0,1.0,1.3174863340326881,9.686152762555011,-1.2329840846362683,0.8747814781472067,432.0,feasible_if_all_values_le_0,1.0,1.0,3142|3143|3144|3145|3146,1.2420186932450057,True,COMPLETE
32,-0.9979762343758747,0.3956117221027773,0.003360712599420025,0.003250972848477224,1.0,1.0,1.0,False,-0.0948953692592805,True,True,True,True,True,True,True,0.0,0.0,-4.483404278146317,0.0,-152.0,-398.0,-0.05136777001088,"[-4.483404278146317, -0.05136777001088, -398.0, -152.0, 0.0, 0.0, 0.0]",0.20037647478219286,0.1001,10.516595721853683,-1000000.0,15.0,3.1782543459571544,650.0,0.20037647478219286,-0.09284469013755245,2.726672595498691,0.9740628073911362,-1.7526097881075553,-2.726672595498691,4.800271540245238,0.08588,0.45632,2.151507737147918,0.08288,0.09436000000000001,1.0440755766315941,0.9740628073911362,3.0,471.8,235.4,8.490959548069489,0.10732,0.38176,-1.9406302750688873,0.07592000000000002,0.10276,0.842389846295098,-1.7526097881075553,1.0,513.8,255.6,5.0,5.0,10.516595721853683,0.1001,0.012722777709730338,-0.9979762343758747,2.0,0.90136777001088,2.5066983120068054,1.102414691623621,-2.267815596678835,-2.5066983120068054,4.612459710567562,0.08499999999999999,0.45840000000000003,2.1641378525928356,0.0834,0.0946,1.0518973369580118,1.102414691623621,3.0,473.0,236.0,8.793470481866494,0.11059999999999999,0.37839999999999996,-2.088216547945525,0.0754,0.1056,0.7880931450430366,-2.267815596678835,1.0,528.0,262.0,1001.0,498.0,307.60023125643954,307.60023125644216,0.85,-1.9948308830621597,100.0,5,median_of_seed_median_return_pct,-0.9979762343758747,1.0,1.0,0.20037647478219286,10.516595721853683,-0.9979762343758747,0.90136777001088,498.0,feasible_if_all_values_le_0,1.0,1.0,3142|3143|3144|3145|3146,2.224019719987731,True,COMPLETE
33,0.5350419130224715,7.150325605431106,0.003367517473472805,0.002534836875809324,1.0,1.0,1.0,False,0.05950821124196045,True,True,True,True,True,True,True,0.0,0.0,-6.008939743676876,0.0,-226.0,-324.0,-0.165889577116623,"[-6.008939743676876, -0.165889577116623, -324.0, -226.0, 0.0, 0.0, 0.0]",1.5600590128292715,0.0851,8.991060256323124,-1000000.0,15.0,2.2039242660979452,650.0,1.5600590128292715,-0.36794856925892905,2.279507837340924,0.7692207118526828,-1.5102871254882413,-2.279507837340924,4.312683070626255,0.06020000000000001,0.46428,2.893498768993093,0.10732000000000001,0.0806,1.0362269600256195,0.7692207118526828,3.0,403.0,201.0,8.384930643226287,0.08192000000000002,0.40848000000000007,-1.3119420638614336,0.0944,0.0888,0.8264253055710682,-1.5102871254882413,1.4,444.0,221.0,5.0,5.0,8.991060256323124,0.0851,1.7409045067339868,0.5350419130224715,3.0,1.015889577116623,2.4906611692778857,0.9712509987558571,-1.2135751624801627,-2.4906611692778857,4.410103275761868,0.056600000000000004,0.4608,3.024032927252487,0.1072,0.07859999999999999,1.0263191156643334,0.9712509987558571,3.0,393.0,196.0,8.543633196471312,0.07859999999999999,0.40800000000000003,-1.2686426307714616,0.095,0.08759999999999998,0.831576480917013,-1.2135751624801627,2.0,438.0,218.0,851.0,424.0,394.5027033271005,394.5027033270958,0.85,-3.521637201372285,100.0,5,median_of_seed_median_return_pct,0.5350419130224715,1.0,1.0,1.5600590128292715,8.991060256323124,0.5350419130224715,1.015889577116623,424.0,feasible_if_all_values_le_0,1.0,1.0,3142|3143|3144|3145|3146,2.232157135694495,True,COMPLETE
34,-1.3758135709921349,4.4095174460201045,0.0030437141693628596,0.0025838149244852785,1.0,1.0,1.0,False,-0.1491356740334961,True,True,True,True,True,True,True,0.0,0.0,-5.774752051054364,0.0,-220.0,-330.0,-0.012453088716424143,"[-5.774752051054364, -0.012453088716424143, -330.0, -220.0, 0.0, 0.0, 0.0]",0.7100596885304777,0.0863,9.225247948945636,-1000000.0,15.0,0.07184013801180278,650.0,0.7100596885304777,-1.0956160124401348,1.3857729083965231,0.44335270919232395,-0.9424201992041992,-1.3857729083965231,5.231498483858128,0.06208000000000001,0.46392,2.3134546376787752,0.09924,0.08104,0.9624347581253421,0.44335270919232395,3.0,405.2,202.0,8.773050559112553,0.08856,0.39459999999999995,-1.602780179942536,0.09176,0.09187999999999999,0.8491558666634311,-0.9424201992041992,0.8,459.4,228.6,5.0,5.0,9.225247948945636,0.0863,0.6166713748692244,-1.3758135709921349,2.0,0.8624530887164241,1.6478790464689697,0.940208260979225,-0.8602797021403652,-1.6478790464689697,5.194120070230235,0.0608,0.461,2.261256341488269,0.0994,0.08220000000000001,1.0104615076774588,0.940208260979225,3.0,411.0,205.0,8.716653691849185,0.0866,0.39259999999999995,-1.6350845992108698,0.0906,0.09179999999999999,0.8768441232487431,-0.8602797021403652,1.0,459.0,228.0,863.0,430.0,387.02462414145623,387.02462414146373,0.85,-2.777546145776033,100.0,5,median_of_seed_median_return_pct,-1.3758135709921349,1.0,1.0,0.7100596885304777,9.225247948945636,-1.3758135709921349,0.8624530887164241,430.0,feasible_if_all_values_le_0,1.0,1.0,3142|3143|3144|3145|3146,1.1897662813706382,True,COMPLETE
35,0.47595813590526337,6.3051412912991065,0.003035137729469206,0.002524803891217226,1.0,1.0,1.0,False,0.05240217468260463,True,True,True,True,True,True,True,0.0,0.0,-5.917206417708806,0.0,-228.0,-322.0,-0.09357496273750876,"[-5.917206417708806, -0.09357496273750876, -322.0, -228.0, 0.0, 0.0, 0.0]",1.6275089088906103,0.0847,9.082793582291194,-1000000.0,15.0,2.0803061384811583,650.0,1.6275089088906103,0.1145428346345434,1.9552758501078713,0.935900152537803,-1.0193756975700685,-1.9552758501078713,4.5672600412984625,0.058120000000000005,0.46484,2.899414988641538,0.1038,0.07955999999999999,1.0212882413372424,0.935900152537803,3.0,397.8,198.4,7.722142954897632,0.08484,0.40136000000000005,-1.2524220338609378,0.0954,0.09119999999999999,0.8531929537275982,-1.0193756975700685,1.2,456.0,227.0,5.0,5.0,9.082793582291194,0.0847,1.7892388673241875,0.47595813590526337,3.0,0.9435749627375087,1.7022143356853148,1.3016190913765158,-0.8150520819677043,-1.7022143356853148,4.542353600473548,0.058199999999999995,0.45999999999999996,2.885748592601083,0.10539999999999998,0.08099999999999999,1.0539426030818493,1.3016190913765158,3.0,405.0,202.0,7.2419310058023605,0.0874,0.3992,-1.1722848650791806,0.0968,0.09159999999999999,0.8583646813624186,-0.8150520819677043,1.0,458.0,228.0,847.0,422.0,396.07036549594864,396.07036549594784,0.85,-1.9854852212218832,100.0,5,median_of_seed_median_return_pct,0.47595813590526337,1.0,1.0,1.6275089088906103,9.082793582291194,0.47595813590526337,0.9435749627375087,422.0,feasible_if_all_values_le_0,1.0,1.0,3142|3143|3144|3145|3146,1.9372828302419416,True,COMPLETE
36,-1.9499199374712783,5.839441532769216,0.0034063824180300033,0.002555181550490319,1.0,1.0,1.0,False,-0.21650108984168642,True,True,True,True,False,True,True,0.0,0.0,-5.99348673534562,0.0,-226.0,-324.0,0.06156042740790579,"[-5.99348673534562, 0.06156042740790579, -324.0, -226.0, 0.0, 0.0, 0.0]",1.2029459270882863,0.0851,9.00651326465438,-1000000.0,15.0,1.6673128530656944,650.0,1.2029459270882863,-1.4694688790256039,1.671478260007655,0.5511355181370425,-1.1203427418706124,-1.671478260007655,4.976961698516791,0.060640000000000006,0.46172,2.8657473440116896,0.10375999999999999,0.08139999999999999,1.0046198981315753,0.5511355181370425,3.2,407.0,203.0,8.803526967793827,0.07812,0.39508,-1.644325517491464,0.09620000000000001,0.08875999999999998,0.8478968831610743,-1.1203427418706124,1.0,443.8,220.8,5.0,5.0,9.00651326465438,0.0851,0.9129895861768734,-1.9499199374712783,2.0,0.7884395725920942,2.2817657271883784,0.582673592275218,-0.9496074308367297,-2.2817657271883784,5.014850094435042,0.05960000000000001,0.4638,2.9381973014310647,0.1022,0.0818,0.9730386701634686,0.582673592275218,4.0,409.0,204.0,8.439796497150432,0.0782,0.3964,-1.483404198687439,0.09659999999999999,0.09,0.8533666418490488,-0.9496074308367297,1.0,450.0,224.0,851.0,424.0,391.3616235246016,391.36162352460724,0.85,-2.7538298754507196,100.0,5,median_of_seed_median_return_pct,-1.9499199374712783,1.0,1.0,1.2029459270882863,9.00651326465438,-1.9499199374712783,0.7884395725920942,424.0,feasible_if_all_values_le_0,1.0,1.0,3142|3143|3144|3145|3146,1.7867496685350883,False,COMPLETE
37,-0.05815968600419996,9.617741930146305,0.0035352675352223538,0.002588572310620421,1.0,1.0,1.0,False,-0.006516331724255903,True,True,True,True,True,True,True,0.0,0.0,-6.074781262637272,0.0,-236.0,-314.0,-0.12984150193466149,"[-6.074781262637272, -0.12984150193466149, -314.0, -236.0, 0.0, 0.0, 0.0]",1.1750367226707161,0.0831,8.925218737362728,-1000000.0,15.0,1.4457002156506027,650.0,1.1750367226707161,-0.2670795663081216,2.84359222585544,1.5186991235238345,-1.3248931023316057,-2.84359222585544,4.968228750218966,0.05568000000000001,0.45552000000000004,3.02586578168183,0.11008,0.07812,1.1652325475665326,1.5186991235238345,3.2,390.6,194.8,7.769942392805808,0.07971999999999999,0.39532,-1.828818543572736,0.09563999999999999,0.08819999999999999,0.8261161315997061,-1.3248931023316057,0.6,441.0,219.4,5.0,5.0,8.925218737362728,0.0831,1.2260835799985295,-0.05815968600419996,2.0,0.9798415019346615,2.0871777481425657,1.0353258078643623,-1.5404177575462197,-2.0871777481425657,5.266284800161625,0.055200000000000006,0.4598,3.0461826805977905,0.1096,0.0782,1.0964163315515076,1.0353258078643623,4.0,391.0,195.0,7.796387090469548,0.079,0.39299999999999996,-2.0673622064629478,0.09459999999999999,0.08739999999999999,0.8111351866253987,-1.5404177575462197,1.0,437.0,217.0,831.0,414.0,386.313334148399,386.313334148406,0.85,-2.76975927553349,100.0,5,median_of_seed_median_return_pct,-0.05815968600419996,1.0,1.0,1.1750367226707161,8.925218737362728,-0.05815968600419996,0.9798415019346615,414.0,feasible_if_all_values_le_0,1.0,1.0,3142|3143|3144|3145|3146,1.6831160902585929,True,COMPLETE
38,-1.8839472784931144,6.122738616758666,0.0032664960929829523,0.0025275174737073233,1.0,1.0,1.0,False,-0.20321268888653182,True,True,True,True,True,True,True,0.0,0.0,-5.72918483183372,0.0,-218.0,-332.0,-0.02956068716399307,"[-5.72918483183372, -0.02956068716399307, -332.0, -218.0, 0.0, 0.0, 0.0]",0.9205252653256629,0.0867,9.27081516816628,-1000000.0,15.0,-0.08735813894277245,650.0,0.9205252653256629,-1.7593517892928268,2.607650149723304,0.703317927331446,-1.904332222391858,-2.607650149723304,4.947812394684655,0.060520000000000004,0.46908000000000005,2.788886945760615,0.10188000000000001,0.08143999999999998,1.014319922352923,0.703317927331446,3.2,407.2,203.0,8.252997763569578,0.08280000000000001,0.39608,-1.827030205762209,0.09592,0.09015999999999999,0.7915472593410209,-1.904332222391858,1.2,450.8,224.4,5.0,5.0,9.27081516816628,0.0867,1.3227353174074863,-1.8839472784931144,2.0,0.879560687163993,2.6140463052819807,0.5415238318045912,-2.0700987484774225,-2.6140463052819807,4.934142713837608,0.06080000000000001,0.4708,2.7791683211720675,0.10300000000000001,0.0822,1.0459335741242992,0.5415238318045912,3.0,411.0,205.0,8.171244029587543,0.08660000000000001,0.3984,-1.3338279683427356,0.096,0.0904,0.7482496147767592,-2.0700987484774225,1.0,452.0,225.0,867.0,432.0,395.64513812567856,395.6451381256861,0.85,-3.44173609217564,100.0,5,median_of_seed_median_return_pct,-1.8839472784931144,1.0,1.0,0.9205252653256629,9.27081516816628,-1.8839472784931144,0.879560687163993,432.0,feasible_if_all_values_le_0,1.0,1.0,3142|3143|3144|3145|3146,1.2748736137414023,True,COMPLETE
39,-0.7726223413217825,1.6272746146782682,0.015949023519619458,0.003976282941701827,1.0,1.0,1.0,False,-0.05994901483600998,True,True,True,True,True,True,True,0.0,0.0,-2.1120093727097196,0.0,-89.0,-461.0,-0.04504611810176862,"[-2.1120093727097196, -0.04504611810176862, -461.0, -89.0, 0.0, 0.0, 0.0]",-1.763337021832698,0.1127,12.88799062729028,-1000000.0,15.0,0.10222299553388492,650.0,-1.763337021832698,-1.6250515450067546,3.369358495902948,0.8023132560012458,-2.5670452399017014,-3.369358495902948,5.4443825455750945,0.09892,0.47724,1.7738581254173145,0.07508000000000001,0.10895999999999999,1.006314534186042,0.8023132560012458,2.6,544.8,272.2,10.846568404591034,0.12268000000000001,0.4005599999999999,-3.5467603970300354,0.0688,0.11576,0.7415911819970993,-2.5670452399017014,0.6,578.8,287.6,5.0,5.0,12.88799062729028,0.1127,-2.018940174282979,-0.7726223413217825,2.0,0.8950461181017686,3.5956849509025557,0.1316589728453721,-3.3253842572553483,-3.5956849509025557,5.372852734775746,0.0974,0.47700000000000004,1.7289937450598056,0.0738,0.1082,0.925582670921503,0.1316589728453721,3.0,541.0,270.0,10.979422225592906,0.125,0.3992,-3.7696094344904596,0.0694,0.1172,0.6889814921959762,-3.3253842572553483,1.0,586.0,291.0,1127.0,561.0,251.49115761163756,251.49115761163768,0.85,-3.7252670674647548,100.0,5,median_of_seed_median_return_pct,-0.7726223413217825,1.0,1.0,-1.763337021832698,12.88799062729028,-0.7726223413217825,0.8950461181017686,561.0,feasible_if_all_values_le_0,1.0,1.0,3142|3143|3144|3145|3146,1.6539339390165213,True,COMPLETE
